#
# A fatal error has been detected by the Java Runtime Environment:
#
#  SIGSEGV (0xb) at pc=0x0000153714e05606, pid=1148703, tid=1148752
#
# JRE version: Java(TM) SE Runtime Environment (20.0.1+9) (build 20.0.1+9-29)
# Java VM: Java HotSpot(TM) 64-Bit Server VM (20.0.1+9-29, mixed mode, sharing, tiered, compressed oops, compressed class ptrs, g1 gc, linux-amd64)
# Problematic frame:
# J 20 c1 java.util.concurrent.ConcurrentHashMap.putVal(Ljava/lang/Object;Ljava/lang/Object;Z)Ljava/lang/Object; java.base@20.0.1 (432 bytes) @ 0x0000153714e05606 [0x0000153714e053e0+0x0000000000000226]
#
# Core dump will be written. Default location: Core dumps may be processed with "/usr/lib/systemd/systemd-coredump %P %u %g %s %t %c %h %d %F" (or dumping to /mnt/data/sur/users/mmontante/SimulacionesMetabolicas/core.1148703)
#
# If you would like to submit a bug report, please visit:
#   https://bugreport.java.com/bugreport/crash.jsp
#

---------------  S U M M A R Y ------------

Command Line: --add-opens=java.base/java.lang=ALL-UNNAMED --add-opens=java.base/java.io=ALL-UNNAMED --add-opens=java.base/java.nio=ALL-UNNAMED --add-opens=java.base/java.net=ALL-UNNAMED --add-opens=java.base/java.util=ALL-UNNAMED --add-opens=java.base/java.util.concurrent.locks=ALL-UNNAMED --add-opens=java.base/java.util.concurrent.atomic=ALL-UNNAMED --add-opens=java.base/java.nio.file.spi=ALL-UNNAMED --add-opens=java.base/sun.nio.ch=ALL-UNNAMED --add-opens=java.base/sun.nio.fs=ALL-UNNAMED --add-opens=java.base/sun.net.www.protocol.http=ALL-UNNAMED --add-opens=java.base/sun.net.www.protocol.https=ALL-UNNAMED --add-opens=java.base/sun.net.www.protocol.ftp=ALL-UNNAMED --add-opens=java.base/sun.net.www.protocol.file=ALL-UNNAMED --add-opens=java.base/jdk.internal.misc=ALL-UNNAMED --add-opens=java.base/jdk.internal.vm=ALL-UNNAMED --add-opens=java.base/java.util.regex=ALL-UNNAMED -Djava.io.tmpdir=/tmp -Djava.library.path=/opt/apps/oracle-java/20.0.1/lib:/opt/apps/nextflow/24.04.1/lib:/mnt/data/sur/modules/pkgs/gurobi/13.0.0/lib:/usr/java/packages/lib:/usr/lib64:/lib64:/lib:/usr/lib -Dfile.encoding=UTF-8 -Dcapsule.app=nextflow_24.04.1 -Djava.awt.headless=true -Dcapsule.jar=/home/mmontante/.nextflow/framework/24.04.1/nextflow-24.04.1-one.jar -Dcom.sun.security.enableAIAcaIssuers=true nextflow.cli.Launcher run main.nf -entry COMETS -profile comets -resume

Host: Intel(R) Xeon(R) CPU E5-2690 v4 @ 2.60GHz, 28 cores, 251G, Rocky Linux release 9.7 (Blue Onyx)
Time: Mon Jul 20 17:50:54 2026 CST elapsed time: 0.650384 seconds (0d 0h 0m 0s)

---------------  T H R E A D  ---------------

Current thread (0x000015372c02c9a0):  JavaThread "main" [_thread_in_Java, id=1148752, stack(0x00001537338ab000,0x00001537339ab000)]

Stack: [0x00001537338ab000,0x00001537339ab000],  sp=0x00001537339a2ca0,  free space=991k
Native frames: (J=compiled Java code, j=interpreted, Vv=VM code, C=native code)
J 20 c1 java.util.concurrent.ConcurrentHashMap.putVal(Ljava/lang/Object;Ljava/lang/Object;Z)Ljava/lang/Object; java.base@20.0.1 (432 bytes) @ 0x0000153714e05606 [0x0000153714e053e0+0x0000000000000226]
J 523 c1 java.lang.ClassLoader.getClassLoadingLock(Ljava/lang/String;)Ljava/lang/Object; java.base@20.0.1 (35 bytes) @ 0x0000153714ec86e4 [0x0000153714ec8540+0x00000000000001a4]
J 522 c1 jdk.internal.loader.BuiltinClassLoader.loadClassOrNull(Ljava/lang/String;Z)Ljava/lang/Class; java.base@20.0.1 (143 bytes) @ 0x0000153714ec6f5c [0x0000153714ec6e40+0x000000000000011c]
j  jdk.internal.loader.BuiltinClassLoader.loadClass(Ljava/lang/String;Z)Ljava/lang/Class;+3 java.base@20.0.1
j  jdk.internal.loader.ClassLoaders$AppClassLoader.loadClass(Ljava/lang/String;Z)Ljava/lang/Class;+36 java.base@20.0.1
j  java.lang.ClassLoader.loadClass(Ljava/lang/String;)Ljava/lang/Class;+3 java.base@20.0.1
v  ~StubRoutines::call_stub 0x000015371c338cc6
V  [libjvm.so+0x8a84c5]  JavaCalls::call_helper(JavaValue*, methodHandle const&, JavaCallArguments*, JavaThread*)+0x315
V  [libjvm.so+0x8aa062]  JavaCalls::call_virtual(JavaValue*, Handle, Klass*, Symbol*, Symbol*, Handle, JavaThread*)+0x1e2
V  [libjvm.so+0xe1a0b1]  SystemDictionary::load_instance_class_impl(Symbol*, Handle, JavaThread*)+0x181
V  [libjvm.so+0xe18577]  SystemDictionary::load_instance_class(Symbol*, Handle, JavaThread*)+0x17
V  [libjvm.so+0xe18e9c]  SystemDictionary::resolve_instance_class_or_null(Symbol*, Handle, Handle, JavaThread*)+0x80c
V  [libjvm.so+0xe1a4fe]  SystemDictionary::resolve_or_fail(Symbol*, Handle, Handle, bool, JavaThread*)+0x5e
V  [libjvm.so+0xeb0cf6]  VerificationType::resolve_and_check_assignability(InstanceKlass*, Symbol*, Symbol*, bool, bool, bool, JavaThread*)+0x2b6
V  [libjvm.so+0xeb13a7]  VerificationType::is_reference_assignable_from(VerificationType const&, ClassVerifier*, bool, JavaThread*) const+0xf7
V  [libjvm.so+0xec837c]  StackMapFrame::pop_stack(VerificationType, JavaThread*)+0x9c
V  [libjvm.so+0xec12e6]  ClassVerifier::verify_method(methodHandle const&, JavaThread*)+0x1446
V  [libjvm.so+0xec78fa]  ClassVerifier::verify_class(JavaThread*)+0xea
V  [libjvm.so+0xec7d2a]  Verifier::verify(InstanceKlass*, bool, JavaThread*)+0x32a
V  [libjvm.so+0x8820d2]  InstanceKlass::link_class_impl(JavaThread*)+0x432
V  [libjvm.so+0x884fab]  InstanceKlass::initialize_impl(JavaThread*)+0xab
V  [libjvm.so+0x89f650]  InterpreterRuntime::_new(JavaThread*, ConstantPool*, int)+0x140
j  org.codehaus.groovy.reflection.ClassInfo.<init>(Ljava/lang/Class;)V+5
j  org.codehaus.groovy.reflection.ClassInfo$1.computeValue(Ljava/lang/Class;)Lorg/codehaus/groovy/reflection/ClassInfo;+5
j  org.codehaus.groovy.reflection.ClassInfo$1.computeValue(Ljava/lang/Class;)Ljava/lang/Object;+2
j  org.codehaus.groovy.reflection.v7.GroovyClassValueJava7.computeValue(Ljava/lang/Class;)Ljava/lang/Object;+5
j  java.lang.ClassValue.getFromHashMap(Ljava/lang/Class;)Ljava/lang/Object;+29 java.base@20.0.1
j  java.lang.ClassValue.getFromBackup([Ljava/lang/ClassValue$Entry;Ljava/lang/Class;)Ljava/lang/Object;+17 java.base@20.0.1
j  java.lang.ClassValue.get(Ljava/lang/Class;)Ljava/lang/Object;+27 java.base@20.0.1
j  org.codehaus.groovy.reflection.ClassInfo.getClassInfo(Ljava/lang/Class;)Lorg/codehaus/groovy/reflection/ClassInfo;+4
j  org.codehaus.groovy.reflection.ReflectionCache.getCachedClass(Ljava/lang/Class;)Lorg/codehaus/groovy/reflection/CachedClass;+7
j  org.codehaus.groovy.reflection.ReflectionCache.<clinit>()V+12
v  ~StubRoutines::call_stub 0x000015371c338cc6
V  [libjvm.so+0x8a84c5]  JavaCalls::call_helper(JavaValue*, methodHandle const&, JavaCallArguments*, JavaThread*)+0x315
V  [libjvm.so+0x8844d0]  InstanceKlass::call_class_initializer(JavaThread*)+0x310
V  [libjvm.so+0x885260]  InstanceKlass::initialize_impl(JavaThread*)+0x360
V  [libjvm.so+0xb1987a]  LinkResolver::resolve_static_call(CallInfo&, LinkInfo const&, bool, JavaThread*)+0x17a
V  [libjvm.so+0xb1a103]  LinkResolver::resolve_invoke(CallInfo&, Handle, constantPoolHandle const&, int, Bytecodes::Code, JavaThread*)+0x1f3
V  [libjvm.so+0x8a1787]  InterpreterRuntime::resolve_invoke(JavaThread*, Bytecodes::Code)+0x177
V  [libjvm.so+0x8a1d87]  InterpreterRuntime::resolve_from_cache(JavaThread*, Bytecodes::Code)+0x37
j  org.codehaus.groovy.runtime.metaclass.MetaClassRegistryImpl.registerMethods(Ljava/lang/Class;ZZLjava/util/Map;)V+116
j  org.codehaus.groovy.runtime.metaclass.MetaClassRegistryImpl.<init>(IZ)V+165
j  org.codehaus.groovy.runtime.metaclass.MetaClassRegistryImpl.<init>()V+3
j  groovy.lang.GroovySystem.<clinit>()V+8
v  ~StubRoutines::call_stub 0x000015371c338cc6
V  [libjvm.so+0x8a84c5]  JavaCalls::call_helper(JavaValue*, methodHandle const&, JavaCallArguments*, JavaThread*)+0x315
V  [libjvm.so+0x8844d0]  InstanceKlass::call_class_initializer(JavaThread*)+0x310
V  [libjvm.so+0x885260]  InstanceKlass::initialize_impl(JavaThread*)+0x360
V  [libjvm.so+0xb1987a]  LinkResolver::resolve_static_call(CallInfo&, LinkInfo const&, bool, JavaThread*)+0x17a
V  [libjvm.so+0xb1a103]  LinkResolver::resolve_invoke(CallInfo&, Handle, constantPoolHandle const&, int, Bytecodes::Code, JavaThread*)+0x1f3
V  [libjvm.so+0x8a1787]  InterpreterRuntime::resolve_invoke(JavaThread*, Bytecodes::Code)+0x177
V  [libjvm.so+0x8a1d87]  InterpreterRuntime::resolve_from_cache(JavaThread*, Bytecodes::Code)+0x37
j  org.codehaus.groovy.runtime.InvokerHelper.<clinit>()V+20
v  ~StubRoutines::call_stub 0x000015371c338cc6
V  [libjvm.so+0x8a84c5]  JavaCalls::call_helper(JavaValue*, methodHandle const&, JavaCallArguments*, JavaThread*)+0x315
V  [libjvm.so+0x8844d0]  InstanceKlass::call_class_initializer(JavaThread*)+0x310
V  [libjvm.so+0x885260]  InstanceKlass::initialize_impl(JavaThread*)+0x360
V  [libjvm.so+0xb1987a]  LinkResolver::resolve_static_call(CallInfo&, LinkInfo const&, bool, JavaThread*)+0x17a
V  [libjvm.so+0xb1a103]  LinkResolver::resolve_invoke(CallInfo&, Handle, constantPoolHandle const&, int, Bytecodes::Code, JavaThread*)+0x1f3
V  [libjvm.so+0x8a1787]  InterpreterRuntime::resolve_invoke(JavaThread*, Bytecodes::Code)+0x177
V  [libjvm.so+0x8a1d87]  InterpreterRuntime::resolve_from_cache(JavaThread*, Bytecodes::Code)+0x37
j  groovy.lang.GroovyObjectSupport.getDefaultMetaClass()Lgroovy/lang/MetaClass;+4
j  groovy.lang.GroovyObjectSupport.<init>()V+6
j  groovy.lang.GString.<init>([Ljava/lang/Object;)V+1
j  groovy.lang.GString$1.<init>([Ljava/lang/Object;)V+2
j  groovy.lang.GString.<clinit>()V+21
v  ~StubRoutines::call_stub 0x000015371c338cc6
V  [libjvm.so+0x8a84c5]  JavaCalls::call_helper(JavaValue*, methodHandle const&, JavaCallArguments*, JavaThread*)+0x315
V  [libjvm.so+0x8844d0]  InstanceKlass::call_class_initializer(JavaThread*)+0x310
V  [libjvm.so+0x885260]  InstanceKlass::initialize_impl(JavaThread*)+0x360
V  [libjvm.so+0x885588]  InstanceKlass::initialize_impl(JavaThread*)+0x688
V  [libjvm.so+0x89f650]  InterpreterRuntime::_new(JavaThread*, ConstantPool*, int)+0x140
j  nextflow.cli.Launcher.<clinit>()V+0
v  ~StubRoutines::call_stub 0x000015371c338cc6
V  [libjvm.so+0x8a84c5]  JavaCalls::call_helper(JavaValue*, methodHandle const&, JavaCallArguments*, JavaThread*)+0x315
V  [libjvm.so+0x8844d0]  InstanceKlass::call_class_initializer(JavaThread*)+0x310
V  [libjvm.so+0x885260]  InstanceKlass::initialize_impl(JavaThread*)+0x360
V  [libjvm.so+0x94bd1d]  get_method_id(JNIEnv_*, _jclass*, char const*, char const*, bool, JavaThread*) [clone .constprop.0]+0x10d
V  [libjvm.so+0x94c137]  jni_GetStaticMethodID+0xa7
C  [libjli.so+0x4643]  JavaMain+0xce3
C  [libjli.so+0x7c59]  ThreadJavaMain+0x9

siginfo: si_signo: 11 (SIGSEGV), si_code: 128 (SI_KERNEL), si_addr: 0x0000000000000000

Registers:
RAX=0x0000000000000000, RBX=0x000000011ff0e638, RCX=0x000000000000006e, RDX=0x000000002967a3c8
RSP=0x00001537339a2ca0, RBP=0x00001537339a2f48, RSI=0x0000000029678d51, RDI=0x000000011f019028
R8 =0x000000011ffa1268, R9 =0x00001536cc00d9f0, R10=0x0000000000000074, R11=0x00840000000001d0
R12=0x0000000000000000, R13=0x000000011ffa1250, R14=0x0000000000000069, R15=0x000015372c02c9a0
RIP=0x0000153714e05606, EFLAGS=0x0000000000010202, CSGSFS=0x002b000000000033, ERR=0x0000000000000000
  TRAPNO=0x000000000000000d


Register to memory mapping:

RAX=0x0 is NULL
RBX=0x000000011ff0e638 is an oop: [Ljava.util.concurrent.ConcurrentHashMap$Node; 
{0x000000011ff0e638} - klass: 'java/util/concurrent/ConcurrentHashMap$Node'[]
 - length: 512
RCX=0x000000000000006e is an unknown value
RDX=0x000000002967a3c8 is an unknown value
RSP=0x00001537339a2ca0 is pointing into the stack for thread: 0x000015372c02c9a0
RBP=0x00001537339a2f48 is pointing into the stack for thread: 0x000015372c02c9a0
RSI=0x0000000029678d51 is an unknown value
RDI=0x000000011f019028 is an oop: java.util.concurrent.ConcurrentHashMap 
{0x000000011f019028} - klass: 'java/util/concurrent/ConcurrentHashMap'
 - ---- fields (total size 8 words):
 - transient 'keySet' 'Ljava/util/Set;' @12  NULL (0x00000000)
 - transient 'values' 'Ljava/util/Collection;' @16  NULL (0x00000000)
 - private volatile transient 'sizeCtl' 'I' @20  384 (0x00000180)
 - private volatile transient 'baseCount' 'J' @24  232 (0x00000000000000e8)
 - private volatile transient 'transferIndex' 'I' @32  0 (0x00000000)
 - private volatile transient 'cellsBusy' 'I' @36  0 (0x00000000)
 - volatile transient 'table' '[Ljava/util/concurrent/ConcurrentHashMap$Node;' @40  a 'java/util/concurrent/ConcurrentHashMap$Node'[512] {0x000000011ff0e638} (0x23fe1cc7)
 - private volatile transient 'nextTable' '[Ljava/util/concurrent/ConcurrentHashMap$Node;' @44  NULL (0x00000000)
 - private volatile transient 'counterCells' '[Ljava/util/concurrent/ConcurrentHashMap$CounterCell;' @48  NULL (0x00000000)
 - private transient 'keySet' 'Ljava/util/concurrent/ConcurrentHashMap$KeySetView;' @52  NULL (0x00000000)
 - private transient 'values' 'Ljava/util/concurrent/ConcurrentHashMap$ValuesView;' @56  NULL (0x00000000)
 - private transient 'entrySet' 'Ljava/util/concurrent/ConcurrentHashMap$EntrySetView;' @60  NULL (0x00000000)
R8 =0x000000011ffa1268 is an oop: [B 
{0x000000011ffa1268} - klass: {type array byte}
 - length: 38
R9 =0x00001536cc00d9f0 is pointing into metadata
R10=0x0000000000000074 is an unknown value
R11=0x00840000000001d0 is an unknown value
R12=0x0 is NULL
R13=0x000000011ffa1250 is an oop: java.lang.String 
{0x000000011ffa1250} - klass: 'java/lang/String'
 - string: "java.lang.IllegalMonitorStateException"
 - ---- fields (total size 3 words):
 - private 'hash' 'I' @12  694658102 (0x2967a436)
 - private final 'coder' 'B' @16  0 (0x00)
 - private 'hashIsZero' 'Z' @17  false (0x00)
 - abstract internal 'flags' 'B' @18  0 (0x00)
 - private final synchronized 'value' '[B' @20  [B{0x000000011ffa1268} (0x23ff424d)
R14=0x0000000000000069 is an unknown value
R15=0x000015372c02c9a0 is a thread


Top of Stack: (sp=0x00001537339a2ca0)
0x00001537339a2ca0:   00001537339a5df8 00001537339a5dfc
0x00001537339a2cb0:   00001537339a5df0 00001537339a5df4
0x00001537339a2cc0:   00001537339a5de8 00001537339a5dec
0x00001537339a2cd0:   00001537339a5de0 00001537339a5de4
0x00001537339a2ce0:   000015369c318ac0 000015369c3193d0
0x00001537339a2cf0:   0000000000000004 000015369c320aa8
0x00001537339a2d00:   000015369c3193d0 000000011f019028
0x00001537339a2d10:   000000011ffa1250 000000011ffa12a0
0x00001537339a2d20:   0000000000000001 0000000029678d51
0x00001537339a2d30:   000015373399e860 0000153734e78b03
0x00001537339a2d40:   0000000000000000 0000000000000000
0x00001537339a2d50:   0000000000000000 00000008005af518
0x00001537339a2d60:   00001537339a5400 00001537339a5404
0x00001537339a2d70:   0000000800177ca0 0000000000000000
0x00001537339a2d80:   000015373399e860 0000000000000039
0x00001537339a2d90:   00001537339a2f48 0000153714ec86e4
0x00001537339a2da0:   000015373399ea38 0000153734e5fbb0
0x00001537339a2db0:   0000153734a3f430 0000000000000d68
0x00001537339a2dc0:   000000000000000c 000015373399e7fc
0x00001537339a2dd0:   000015373399e430 000000103459ae41
0x00001537339a2de0:   00001537339a5410 000000011ffa12a0
0x00001537339a2df0:   0000000000000000 0000153734a3f443
0x00001537339a2e00:   00001537339a2f48 0000153714ec6f5c
0x00001537339a2e10:   0000000000000001 ffffffffffffffff
0x00001537339a2e20:   00001537339a1f50 0000000000000000
0x00001537339a2e30:   0000000000000016 000015373399e420
0x00001537339a2e40:   0000153734a3f455 0000003c00000000
0x00001537339a2e50:   0000000000000000 0000000800487b18
0x00001537339a2e60:   00001537339a2e90 0000153734302ff2
0x00001537339a2e70:   00000000cc026da8 000000011f018e60
0x00001537339a2e80:   000000011ffa1250 0000000800000000
0x00001537339a2e90:   00001537339a2ed0 00001537345990dc 

Instructions: (pc=0x0000153714e05606)
0x0000153714e05506:   00 00 48 3b bb a8 01 00 00 75 0d 48 83 83 b0 01
0x0000153714e05516:   00 00 01 e9 4a 00 00 00 48 83 bb 98 01 00 00 00
0x0000153714e05526:   75 17 48 89 bb 98 01 00 00 48 c7 83 a0 01 00 00
0x0000153714e05536:   01 00 00 00 e9 29 00 00 00 48 83 bb a8 01 00 00
0x0000153714e05546:   00 75 17 48 89 bb a8 01 00 00 48 c7 83 b0 01 00
0x0000153714e05556:   00 01 00 00 00 e9 08 00 00 00 48 83 83 88 01 00
0x0000153714e05566:   00 01 48 8b f2 66 90 48 b8 30 eb 00 00 08 00 00
0x0000153714e05576:   00 e8 64 2c 59 07 48 be f0 d9 00 cc 36 15 00 00
0x0000153714e05586:   48 83 86 c0 01 00 00 01 48 be f0 e2 00 cc 36 15
0x0000153714e05596:   00 00 8b be f4 00 00 00 83 c7 02 89 be f4 00 00
0x0000153714e055a6:   00 81 e7 fe ff 1f 00 83 ff 00 0f 84 f9 14 00 00
0x0000153714e055b6:   48 8b f0 c1 ee 10 48 33 f0 81 e6 ff ff ff 7f 89
0x0000153714e055c6:   b4 24 88 00 00 00 48 8b 7c 24 68 8b 5f 28 48 c1
0x0000153714e055d6:   e3 03 b8 00 00 00 00 89 84 24 84 00 00 00 0f 1f
0x0000153714e055e6:   40 00 48 83 fb 00 49 b9 f0 d9 00 cc 36 15 00 00
0x0000153714e055f6:   49 bb d0 01 00 00 00 00 00 00 0f 84 0a 00 00 00
0x0000153714e05606:   49 bb e0 01 00 00 00 00 00 00 4f 8b 2c 19 4d 8d
0x0000153714e05616:   6d 01 4f 89 2c 19 0f 84 3e 00 00 00 44 8b 4b 0c
0x0000153714e05626:   41 83 f9 00 49 bb f0 d9 00 cc 36 15 00 00 49 bd
0x0000153714e05636:   f0 01 00 00 00 00 00 00 0f 85 0a 00 00 00 49 bd
0x0000153714e05646:   00 02 00 00 00 00 00 00 4f 8b 34 2b 4d 8d 76 01
0x0000153714e05656:   4f 89 34 2b 0f 85 4d 00 00 00 48 8b df 49 b9 f0
0x0000153714e05666:   d9 00 cc 36 15 00 00 49 83 81 10 02 00 00 01 48
0x0000153714e05676:   8b f7 0f 1f 80 00 00 00 00 e8 c5 18 00 00 48 be
0x0000153714e05686:   f0 d9 00 cc 36 15 00 00 ff 86 48 02 00 00 8b b4
0x0000153714e05696:   24 84 00 00 00 44 8b 84 24 80 00 00 00 48 8b 4c
0x0000153714e056a6:   24 78 e9 cb 10 00 00 41 ff c9 44 23 8c 24 88 00
0x0000153714e056b6:   00 00 48 be f0 d9 00 cc 36 15 00 00 48 83 86 60
0x0000153714e056c6:   02 00 00 01 48 8b f3 49 8b d1 44 89 8c 24 8c 00
0x0000153714e056d6:   00 00 48 89 9c 24 90 00 00 00 0f 1f 80 00 00 00
0x0000153714e056e6:   00 e8 14 23 ad 07 48 89 84 24 98 00 00 00 48 83
0x0000153714e056f6:   f8 00 48 ba f0 d9 00 cc 36 15 00 00 48 be 70 02 


Stack slot to memory mapping:
stack at sp + 0 slots: 0x00001537339a5df8 is pointing into the stack for thread: 0x000015372c02c9a0
stack at sp + 1 slots: 0x00001537339a5dfc is pointing into the stack for thread: 0x000015372c02c9a0
stack at sp + 2 slots: 0x00001537339a5df0 is pointing into the stack for thread: 0x000015372c02c9a0
stack at sp + 3 slots: 0x00001537339a5df4 is pointing into the stack for thread: 0x000015372c02c9a0
stack at sp + 4 slots: 0x00001537339a5de8 is pointing into the stack for thread: 0x000015372c02c9a0
stack at sp + 5 slots: 0x00001537339a5dec is pointing into the stack for thread: 0x000015372c02c9a0
stack at sp + 6 slots: 0x00001537339a5de0 is pointing into the stack for thread: 0x000015372c02c9a0
stack at sp + 7 slots: 0x00001537339a5de4 is pointing into the stack for thread: 0x000015372c02c9a0


Compiled method (c1)     676   20   !   3       java.util.concurrent.ConcurrentHashMap::putVal (432 bytes)
 total in heap  [0x0000153714e05090,0x0000153714e078d8] = 10312
 relocation     [0x0000153714e051d8,0x0000153714e053d8] = 512
 main code      [0x0000153714e053e0,0x0000153714e06e80] = 6816
 stub code      [0x0000153714e06e80,0x0000153714e06f68] = 232
 metadata       [0x0000153714e06f68,0x0000153714e06f88] = 32
 scopes data    [0x0000153714e06f88,0x0000153714e074d8] = 1360
 scopes pcs     [0x0000153714e074d8,0x0000153714e07768] = 656
 dependencies   [0x0000153714e07768,0x0000153714e07770] = 8
 handler table  [0x0000153714e07770,0x0000153714e078a8] = 312
 nul chk table  [0x0000153714e078a8,0x0000153714e078d8] = 48

[Constant Pool (empty)]

[MachCode]
[Entry Point]
  # {method} {0x0000000800409650} 'putVal' '(Ljava/lang/Object;Ljava/lang/Object;Z)Ljava/lang/Object;' in 'java/util/concurrent/ConcurrentHashMap'
  # this:     rsi:rsi   = 'java/util/concurrent/ConcurrentHashMap'
  # parm0:    rdx:rdx   = 'java/lang/Object'
  # parm1:    rcx:rcx   = 'java/lang/Object'
  # parm2:    r8        = boolean
  #           [sp+0x100]  (sp of caller)
  0x0000153714e053e0: 448b 5608 | 49bb 0000 | 0000 0800 | 0000 4d03 | d34c 3bd0 

  0x0000153714e053f4: ;   {runtime_call ic_miss_stub}
  0x0000153714e053f4: 0f85 065f | 5907 660f | 1f44 0000 
[Verified Entry Point]
  0x0000153714e05400: 8984 2400 | c0fe ff55 | 4881 ecf0 | 0000 0090 | 4181 7f20 | 0100 0000 

  0x0000153714e05418: ;   {runtime_call StubRoutines (2)}
  0x0000153714e05418: 7405 e8e1 | ba57 0748 | 8974 2468 | 4889 5424 | 7048 894c | 2478 4489 | 8424 8000 

  0x0000153714e05434: ;   {metadata(method data for {method} {0x0000000800409650} 'putVal' '(Ljava/lang/Object;Ljava/lang/Object;Z)Ljava/lang/Object;' in 'java/util/concurrent/ConcurrentHashMap')}
  0x0000153714e05434: 0000 48bf | f0d9 00cc | 3615 0000 | 8b9f f400 | 0000 83c3 | 0289 9ff4 | 0000 0081 | e3fe 0700 
  0x0000153714e05454: 0083 fb00 | 0f84 2b16 | 0000 4883 

  0x0000153714e05460: ;   {metadata(method data for {method} {0x0000000800409650} 'putVal' '(Ljava/lang/Object;Ljava/lang/Object;Z)Ljava/lang/Object;' in 'java/util/concurrent/ConcurrentHashMap')}
  0x0000153714e05460: fa00 48bf | f0d9 00cc | 3615 0000 | 48bb 3801 | 0000 0000 | 0000 0f84 | 0a00 0000 | 48bb 4801 
  0x0000153714e05480: 0000 0000 | 0000 488b | 041f 488d | 4001 4889 | 041f 0f84 | 0c15 0000 | 4883 f900 

  0x0000153714e0549c: ;   {metadata(method data for {method} {0x0000000800409650} 'putVal' '(Ljava/lang/Object;Ljava/lang/Object;Z)Ljava/lang/Object;' in 'java/util/concurrent/ConcurrentHashMap')}
  0x0000153714e0549c: 48bf f0d9 | 00cc 3615 | 0000 48bb | 6801 0000 | 0000 0000 | 0f84 0a00 | 0000 48bb | 5801 0000 
  0x0000153714e054bc: 0000 0000 | 488b 041f | 488d 4001 | 4889 041f | 0f84 d214 | 0000 483b | 0248 8bfa 

  0x0000153714e054d8: ;   {metadata(method data for {method} {0x0000000800409650} 'putVal' '(Ljava/lang/Object;Ljava/lang/Object;Z)Ljava/lang/Object;' in 'java/util/concurrent/ConcurrentHashMap')}
  0x0000153714e054d8: 48bb f0d9 | 00cc 3615 | 0000 8b7f | 0849 ba00 | 0000 0008 | 0000 0049 | 03fa 483b | bb98 0100 
  0x0000153714e054f8: 0075 0d48 | 8383 a001 | 0000 01e9 | 6000 0000 | 483b bba8 | 0100 0075 | 0d48 8383 | b001 0000 
  0x0000153714e05518: 01e9 4a00 | 0000 4883 | bb98 0100 | 0000 7517 | 4889 bb98 | 0100 0048 | c783 a001 | 0000 0100 
  0x0000153714e05538: 0000 e929 | 0000 0048 | 83bb a801 | 0000 0075 | 1748 89bb | a801 0000 | 48c7 83b0 | 0100 0001 
  0x0000153714e05558: 0000 00e9 | 0800 0000 | 4883 8388 | 0100 0001 | 488b f266 | 9048 b830 | eb00 0008 

  0x0000153714e05574: ;   {virtual_call}
  0x0000153714e05574: 0000 00e8 

  0x0000153714e05578: ; ImmutableOopMap {[104]=Oop [112]=Oop [120]=Oop }
                      ;*invokevirtual hashCode {reexecute=0 rethrow=0 return_oop=0}
                      ; - java.util.concurrent.ConcurrentHashMap::putVal@17 (line 1012)
  0x0000153714e05578: 642c 5907 

  0x0000153714e0557c: ;   {metadata(method data for {method} {0x0000000800409650} 'putVal' '(Ljava/lang/Object;Ljava/lang/Object;Z)Ljava/lang/Object;' in 'java/util/concurrent/ConcurrentHashMap')}
  0x0000153714e0557c: 48be f0d9 | 00cc 3615 | 0000 4883 | 86c0 0100 

  0x0000153714e0558c: ;   {metadata(method data for {method} {0x0000000800409700} 'spread' '(I)I' in 'java/util/concurrent/ConcurrentHashMap')}
  0x0000153714e0558c: 0001 48be | f0e2 00cc | 3615 0000 | 8bbe f400 | 0000 83c7 | 0289 bef4 | 0000 0081 | e7fe ff1f 
  0x0000153714e055ac: 0083 ff00 | 0f84 f914 | 0000 488b | f0c1 ee10 | 4833 f081 | e6ff ffff | 7f89 b424 | 8800 0000 
  0x0000153714e055cc: 488b 7c24 | 688b 5f28 | 48c1 e303 | b800 0000 | 0089 8424 | 8400 0000 | 0f1f 4000 | 4883 fb00 
  0x0000153714e055ec: ;   {metadata(method data for {method} {0x0000000800409650} 'putVal' '(Ljava/lang/Object;Ljava/lang/Object;Z)Ljava/lang/Object;' in 'java/util/concurrent/ConcurrentHashMap')}
  0x0000153714e055ec: 49b9 f0d9 | 00cc 3615 | 0000 49bb | d001 0000 | 0000 0000 | 0f84 0a00 | 0000 49bb | e001 0000 
  0x0000153714e0560c: 0000 0000 | 4f8b 2c19 | 4d8d 6d01 | 4f89 2c19 | 0f84 3e00 | 0000 448b | 4b0c 4183 

  0x0000153714e05628: ;   {metadata(method data for {method} {0x0000000800409650} 'putVal' '(Ljava/lang/Object;Ljava/lang/Object;Z)Ljava/lang/Object;' in 'java/util/concurrent/ConcurrentHashMap')}
  0x0000153714e05628: f900 49bb | f0d9 00cc | 3615 0000 | 49bd f001 | 0000 0000 | 0000 0f85 | 0a00 0000 | 49bd 0002 
  0x0000153714e05648: 0000 0000 | 0000 4f8b | 342b 4d8d | 7601 4f89 | 342b 0f85 | 4d00 0000 

  0x0000153714e05660: ;   {metadata(method data for {method} {0x0000000800409650} 'putVal' '(Ljava/lang/Object;Ljava/lang/Object;Z)Ljava/lang/Object;' in 'java/util/concurrent/ConcurrentHashMap')}
  0x0000153714e05660: 488b df49 | b9f0 d900 | cc36 1500 | 0049 8381 | 1002 0000 | 0148 8bf7 | 0f1f 8000 

  0x0000153714e0567c: ;   {optimized virtual_call}
  0x0000153714e0567c: 0000 00e8 

  0x0000153714e05680: ; ImmutableOopMap {[104]=Oop [112]=Oop [120]=Oop }
                      ;*invokevirtual initTable {reexecute=0 rethrow=0 return_oop=0}
                      ; - java.util.concurrent.ConcurrentHashMap::putVal@49 (line 1017)
  0x0000153714e05680: c518 0000 

  0x0000153714e05684: ;   {metadata(method data for {method} {0x0000000800409650} 'putVal' '(Ljava/lang/Object;Ljava/lang/Object;Z)Ljava/lang/Object;' in 'java/util/concurrent/ConcurrentHashMap')}
  0x0000153714e05684: 48be f0d9 | 00cc 3615 | 0000 ff86 | 4802 0000 | 8bb4 2484 | 0000 0044 | 8b84 2480 | 0000 0048 
  0x0000153714e056a4: 8b4c 2478 | e9cb 1000 | 0041 ffc9 | 4423 8c24 | 8800 0000 

  0x0000153714e056b8: ;   {metadata(method data for {method} {0x0000000800409650} 'putVal' '(Ljava/lang/Object;Ljava/lang/Object;Z)Ljava/lang/Object;' in 'java/util/concurrent/ConcurrentHashMap')}
  0x0000153714e056b8: 48be f0d9 | 00cc 3615 | 0000 4883 | 8660 0200 | 0001 488b | f349 8bd1 | 4489 8c24 | 8c00 0000 
  0x0000153714e056d8: 4889 9c24 | 9000 0000 | 0f1f 8000 

  0x0000153714e056e4: ;   {static_call}
  0x0000153714e056e4: 0000 00e8 

  0x0000153714e056e8: ; ImmutableOopMap {[104]=Oop [112]=Oop [120]=Oop [144]=Oop }
                      ;*invokestatic tabAt {reexecute=0 rethrow=0 return_oop=0}
                      ; - java.util.concurrent.ConcurrentHashMap::putVal@69 (line 1018)
  0x0000153714e056e8: 1423 ad07 | 4889 8424 | 9800 0000 | 4883 f800 

  0x0000153714e056f8: ;   {metadata(method data for {method} {0x0000000800409650} 'putVal' '(Ljava/lang/Object;Ljava/lang/Object;Z)Ljava/lang/Object;' in 'java/util/concurrent/ConcurrentHashMap')}
  0x0000153714e056f8: 48ba f0d9 | 00cc 3615 | 0000 48be | 7002 0000 | 0000 0000 | 0f85 0a00 | 0000 48be | 8002 0000 
  0x0000153714e05718: 0000 0000 | 488b 3c32 | 488d 7f01 | 4889 3c32 | 0f85 e001 | 0000 8bb4 | 2488 0000 | 0048 8b4c 
  0x0000153714e05738: 2478 488b | 5424 7048 

  0x0000153714e05740: ;   {metadata('java/util/concurrent/ConcurrentHashMap$Node')}
  0x0000153714e05740: 8bda 48ba | 5835 1800 | 0800 0000 | 4c8b d94c | 8bce 498b | 87f8 0000 | 0048 8d78 | 2049 3bbf 
  0x0000153714e05760: 0801 0000 | 0f87 6b13 | 0000 4989 | bff8 0000 | 0048 c700 | 0100 0000 | 488b ca49 | ba00 0000 
  0x0000153714e05780: 0008 0000 | 0049 2bca | 8948 0848 | 33c9 8948 | 0c48 33c9 | 4889 4810 | 4889 4818 

  0x0000153714e0579c: ;   {metadata(method data for {method} {0x0000000800409650} 'putVal' '(Ljava/lang/Object;Ljava/lang/Object;Z)Ljava/lang/Object;' in 'java/util/concurrent/ConcurrentHashMap')}
  0x0000153714e0579c: 488b f048 | baf0 d900 | cc36 1500 | 0048 8382 | 9002 0000 

  0x0000153714e057b0: ;   {metadata(method data for {method} {0x0000000800183d38} '<init>' '(ILjava/lang/Object;Ljava/lang/Object;)V' in 'java/util/concurrent/ConcurrentHashMap$Node')}
  0x0000153714e057b0: 0148 be48 | e400 cc36 | 1500 008b | 96f4 0000 | 0083 c202 | 8996 f400 | 0000 81e2 | feff 1f00 
  0x0000153714e057d0: 83fa 000f | 8409 1300 | 0048 8bf0 

  0x0000153714e057dc: ;   {metadata(method data for {method} {0x0000000800183d38} '<init>' '(ILjava/lang/Object;Ljava/lang/Object;)V' in 'java/util/concurrent/ConcurrentHashMap$Node')}
  0x0000153714e057dc: 48ba 48e4 | 00cc 3615 | 0000 4883 | 8238 0100 

  0x0000153714e057ec: ;   {metadata(method data for {method} {0x00000008004745c8} '<init>' '()V' in 'java/lang/Object')}
  0x0000153714e057ec: 0001 48be | 409e 00cc | 3615 0000 | 8b96 f400 | 0000 83c2 | 0289 96f4 | 0000 0081 | e2fe ff1f 
  0x0000153714e0580c: 0083 fa00 | 0f84 ed12 | 0000 4489 | 480c 410f | be77 4083 | fe00 0f85 | fc12 0000 | 4c8b d349 
  0x0000153714e0582c: c1ea 0344 | 8950 1048 | 8bf0 4833 | f348 c1ee | 1848 83fe | 000f 85fc | 1200 0041 | 0fbe 7740 
  0x0000153714e0584c: 83fe 000f | 8506 1300 | 004d 8bd3 | 49c1 ea03 | 4489 5014 | f083 4424 | c000 488b | f049 33f3 
  0x0000153714e0586c: 48c1 ee18 | 4883 fe00 | 0f85 0013 

  0x0000153714e05878: ;   {metadata(method data for {method} {0x0000000800409650} 'putVal' '(Ljava/lang/Object;Ljava/lang/Object;Z)Ljava/lang/Object;' in 'java/util/concurrent/ConcurrentHashMap')}
  0x0000153714e05878: 0000 48be | f0d9 00cc | 3615 0000 | 4883 86a0 | 0200 0001 | 488b b424 | 9000 0000 | 8b94 248c 
  0x0000153714e05898: ;   {oop(NULL)}
  0x0000153714e05898: 0000 0048 | b900 0000 | 0000 0000 | 004c 8bc0 | 0f1f 8000 

  0x0000153714e058ac: ;   {static_call}
  0x0000153714e058ac: 0000 00e8 

  0x0000153714e058b0: ; ImmutableOopMap {[104]=Oop [112]=Oop [120]=Oop [144]=Oop }
                      ;*invokestatic casTabAt {reexecute=0 rethrow=0 return_oop=0}
                      ; - java.util.concurrent.ConcurrentHashMap::putVal@94 (line 1019)
  0x0000153714e058b0: 4c0d ad07 

  0x0000153714e058b4: ;   {metadata(method data for {method} {0x0000000800409650} 'putVal' '(Ljava/lang/Object;Ljava/lang/Object;Z)Ljava/lang/Object;' in 'java/util/concurrent/ConcurrentHashMap')}
  0x0000153714e058b4: 83f8 0048 | baf0 d900 | cc36 1500 | 0048 b9c0 | 0200 0000 | 0000 000f | 850a 0000 | 0048 b9b0 
  0x0000153714e058d4: 0200 0000 | 0000 0048 | 8b34 0a48 | 8d76 0148 | 8934 0a0f | 85ef 0f00 | 0048 8b84 | 2490 0000 
  0x0000153714e058f4: 008b b424 | 8400 0000 | 448b 8424 | 8000 0000 | 488b 4c24 | 78e9 6a0e | 0000 8b78 | 0c83 ffff 
  0x0000153714e05914: ;   {metadata(method data for {method} {0x0000000800409650} 'putVal' '(Ljava/lang/Object;Ljava/lang/Object;Z)Ljava/lang/Object;' in 'java/util/concurrent/ConcurrentHashMap')}
  0x0000153714e05914: 48ba f0d9 | 00cc 3615 | 0000 48b9 | e802 0000 | 0000 0000 | 0f85 0a00 | 0000 48b9 | f802 0000 
  0x0000153714e05934: 0000 0000 | 488b 340a | 488d 7601 | 4889 340a | 0f85 5b00 | 0000 488b 

  0x0000153714e0594c: ;   {metadata(method data for {method} {0x0000000800409650} 'putVal' '(Ljava/lang/Object;Ljava/lang/Object;Z)Ljava/lang/Object;' in 'java/util/concurrent/ConcurrentHashMap')}
  0x0000153714e0594c: 7424 6848 | baf0 d900 | cc36 1500 | 0048 8382 | 0803 0000 | 0148 8b94 | 2490 0000 | 0048 8bc8 
  0x0000153714e0596c: 488b 7424 | 6866 0f1f 

  0x0000153714e05974: ;   {optimized virtual_call}
  0x0000153714e05974: 4400 00e8 

  0x0000153714e05978: ; ImmutableOopMap {[104]=Oop [112]=Oop [120]=Oop }
                      ;*invokevirtual helpTransfer {reexecute=0 rethrow=0 return_oop=0}
                      ; - java.util.concurrent.ConcurrentHashMap::putVal@120 (line 1023)
  0x0000153714e05978: 845c 5907 

  0x0000153714e0597c: ;   {metadata(method data for {method} {0x0000000800409650} 'putVal' '(Ljava/lang/Object;Ljava/lang/Object;Z)Ljava/lang/Object;' in 'java/util/concurrent/ConcurrentHashMap')}
  0x0000153714e0597c: 48ba f0d9 | 00cc 3615 | 0000 ff82 | 4003 0000 | 8bb4 2484 | 0000 0044 | 8b84 2480 | 0000 0048 
  0x0000153714e0599c: 8b4c 2478 | e9d3 0d00 | 0044 8b84 | 2480 0000 | 0041 83f8 

  0x0000153714e059b0: ;   {metadata(method data for {method} {0x0000000800409650} 'putVal' '(Ljava/lang/Object;Ljava/lang/Object;Z)Ljava/lang/Object;' in 'java/util/concurrent/ConcurrentHashMap')}
  0x0000153714e059b0: 0048 baf0 | d900 cc36 | 1500 0048 | be68 0300 | 0000 0000 | 000f 850a | 0000 0048 | be58 0300 
  0x0000153714e059d0: 0000 0000 | 0048 8b1c | 3248 8d5b | 0148 891c | 320f 850c | 0000 0089 | bc24 a000 | 0000 e90b 
  0x0000153714e059f0: 0200 003b | bc24 8800 

  0x0000153714e059f8: ;   {metadata(method data for {method} {0x0000000800409650} 'putVal' '(Ljava/lang/Object;Ljava/lang/Object;Z)Ljava/lang/Object;' in 'java/util/concurrent/ConcurrentHashMap')}
  0x0000153714e059f8: 0000 48ba | f0d9 00cc | 3615 0000 | 48be 8803 | 0000 0000 | 0000 0f84 | 0a00 0000 | 48be 7803 
  0x0000153714e05a18: 0000 0000 | 0000 488b | 1c32 488d | 5b01 4889 | 1c32 0f84 | 0c00 0000 | 89bc 24a0 | 0000 00e9 
  0x0000153714e05a38: c201 0000 | 488b 5424 | 708b 7010 | 48c1 e603 

  0x0000153714e05a48: ;   {metadata(method data for {method} {0x0000000800409650} 'putVal' '(Ljava/lang/Object;Ljava/lang/Object;Z)Ljava/lang/Object;' in 'java/util/concurrent/ConcurrentHashMap')}
  0x0000153714e05a48: 483b f248 | bbf0 d900 | cc36 1500 | 0048 b9a8 | 0300 0000 | 0000 000f | 850a 0000 | 0048 b998 
  0x0000153714e05a68: 0300 0000 | 0000 004c | 8b0c 0b4d | 8d49 014c | 890c 0b0f | 850c 0000 | 0089 bc24 | a000 0000 
  0x0000153714e05a88: e930 0100 | 0048 83fe 

  0x0000153714e05a90: ;   {metadata(method data for {method} {0x0000000800409650} 'putVal' '(Ljava/lang/Object;Ljava/lang/Object;Z)Ljava/lang/Object;' in 'java/util/concurrent/ConcurrentHashMap')}
  0x0000153714e05a90: 0048 bbf0 | d900 cc36 | 1500 0048 | b9b8 0300 | 0000 0000 | 000f 840a | 0000 0048 | b9c8 0300 
  0x0000153714e05ab0: 0000 0000 | 004c 8b0c | 0b4d 8d49 | 014c 890c | 0b89 bc24 | a000 0000 | 0f84 3001 | 0000 488b 
  0x0000153714e05ad0: ;   {metadata(method data for {method} {0x0000000800409650} 'putVal' '(Ljava/lang/Object;Ljava/lang/Object;Z)Ljava/lang/Object;' in 'java/util/concurrent/ConcurrentHashMap')}
  0x0000153714e05ad0: da48 b9f0 | d900 cc36 | 1500 008b | 5b08 49ba | 0000 0000 | 0800 0000 | 4903 da48 | 3b99 e803 
  0x0000153714e05af0: 0000 750d | 4883 81f0 | 0300 0001 | e960 0000 | 0048 3b99 | f803 0000 | 750d 4883 | 8100 0400 
  0x0000153714e05b10: 0001 e94a | 0000 0048 | 83b9 e803 | 0000 0075 | 1748 8999 | e803 0000 | 48c7 81f0 | 0300 0001 
  0x0000153714e05b30: 0000 00e9 | 2900 0000 | 4883 b9f8 | 0300 0000 | 7517 4889 | 99f8 0300 | 0048 c781 | 0004 0000 
  0x0000153714e05b50: 0100 0000 | e908 0000 | 0048 8381 | d803 0000 | 0148 8bda | 488b d648 | 8bf3 6666 | 9048 b830 
  0x0000153714e05b70: eb00 0008 

  0x0000153714e05b74: ;   {virtual_call}
  0x0000153714e05b74: 0000 00e8 

  0x0000153714e05b78: ; ImmutableOopMap {[104]=Oop [112]=Oop [120]=Oop [144]=Oop [152]=Oop }
                      ;*invokevirtual equals {reexecute=0 rethrow=0 return_oop=0}
                      ; - java.util.concurrent.ConcurrentHashMap::putVal@159 (line 1026)
  0x0000153714e05b78: e42c 5907 

  0x0000153714e05b7c: ;   {metadata(method data for {method} {0x0000000800409650} 'putVal' '(Ljava/lang/Object;Ljava/lang/Object;Z)Ljava/lang/Object;' in 'java/util/concurrent/ConcurrentHashMap')}
  0x0000153714e05b7c: 83f8 0048 | b8f0 d900 | cc36 1500 | 0048 be10 | 0400 0000 | 0000 000f | 840a 0000 | 0048 be20 
  0x0000153714e05b9c: 0400 0000 | 0000 0048 | 8b14 3048 | 8d52 0148 | 8914 3048 | 8b84 2498 | 0000 000f | 8441 0000 
  0x0000153714e05bbc: 008b 7014 | 48c1 e603 | 4883 fe00 

  0x0000153714e05bc8: ;   {metadata(method data for {method} {0x0000000800409650} 'putVal' '(Ljava/lang/Object;Ljava/lang/Object;Z)Ljava/lang/Object;' in 'java/util/concurrent/ConcurrentHashMap')}
  0x0000153714e05bc8: 48ba f0d9 | 00cc 3615 | 0000 48bf | 4004 0000 | 0000 0000 | 0f85 0a00 | 0000 48bf | 3004 0000 
  0x0000153714e05be8: 0000 0000 | 488b 1c3a | 488d 5b01 | 4889 1c3a | 0f85 c50c | 0000 488d | b424 d000 | 0000 488b 
  0x0000153714e05c08: f848 897e | 0848 8b07 | 4883 c801 | 4889 06f0 | 480f b137 | 0f84 1200 | 0000 482b | c448 2507 
  0x0000153714e05c28: f0ff ff48 | 8906 0f85 | 630f 0000 | 49ff 8778 

  0x0000153714e05c38: ;   {metadata(method data for {method} {0x0000000800409650} 'putVal' '(Ljava/lang/Object;Ljava/lang/Object;Z)Ljava/lang/Object;' in 'java/util/concurrent/ConcurrentHashMap')}
  0x0000153714e05c38: 0400 0048 | bef0 d900 | cc36 1500 | 0048 8386 | 5004 0000 | 0148 8bb4 | 2490 0000 | 008b 9424 
  0x0000153714e05c58: 8c00 0000 

  0x0000153714e05c5c: ;   {static_call}
  0x0000153714e05c5c: 6666 90e8 

  0x0000153714e05c60: ; ImmutableOopMap {[104]=Oop [112]=Oop [120]=Oop [144]=Oop [152]=Oop [216]=Oop }
                      ;*invokestatic tabAt {reexecute=0 rethrow=0 return_oop=0}
                      ; - java.util.concurrent.ConcurrentHashMap::putVal@192 (line 1032)
  0x0000153714e05c60: 9c1d ad07 | 488b bc24 | 9800 0000 

  0x0000153714e05c6c: ;   {metadata(method data for {method} {0x0000000800409650} 'putVal' '(Ljava/lang/Object;Ljava/lang/Object;Z)Ljava/lang/Object;' in 'java/util/concurrent/ConcurrentHashMap')}
  0x0000153714e05c6c: 483b c748 | baf0 d900 | cc36 1500 | 0048 be70 | 0400 0000 | 0000 000f | 840a 0000 | 0048 be60 
  0x0000153714e05c8c: 0400 0000 | 0000 0048 | 8b1c 3248 | 8d5b 0148 | 891c 320f | 8423 0000 | 008b 8424 | 8400 0000 
  0x0000153714e05cac: ;   {oop(NULL)}
  0x0000153714e05cac: 48bf 0000 | 0000 0000 | 0000 448b | 8424 8000 | 0000 488b | 4c24 78e9 | 2f0a 0000 | 8b94 24a0 
  0x0000153714e05ccc: 0000 0083 

  0x0000153714e05cd0: ;   {metadata(method data for {method} {0x0000000800409650} 'putVal' '(Ljava/lang/Object;Ljava/lang/Object;Z)Ljava/lang/Object;' in 'java/util/concurrent/ConcurrentHashMap')}
  0x0000153714e05cd0: fa00 48ba | f0d9 00cc | 3615 0000 | 48be 8004 | 0000 0000 | 0000 0f8c | 0a00 0000 | 48be 9004 
  0x0000153714e05cf0: 0000 0000 | 0000 488b | 1c32 488d | 5b01 4889 | 1c32 488b | c70f 8cf4 | 0400 00bb | 0100 0000 
  0x0000153714e05d10: 899c 24a4 | 0000 008b | b424 8800 | 0000 488b | 5424 708b | 480c 3bce 

  0x0000153714e05d28: ;   {metadata(method data for {method} {0x0000000800409650} 'putVal' '(Ljava/lang/Object;Ljava/lang/Object;Z)Ljava/lang/Object;' in 'java/util/concurrent/ConcurrentHashMap')}
  0x0000153714e05d28: 48b9 f0d9 | 00cc 3615 | 0000 49b8 | b004 0000 | 0000 0000 | 0f84 0a00 | 0000 49b8 | a004 0000 
  0x0000153714e05d48: 0000 0000 | 4e8b 0c01 | 4d8d 4901 | 4e89 0c01 | 0f84 0800 | 0000 4c8b | c0e9 7701 | 0000 8b48 
  0x0000153714e05d68: 1048 c1e1 | 0348 3bca 

  0x0000153714e05d70: ;   {metadata(method data for {method} {0x0000000800409650} 'putVal' '(Ljava/lang/Object;Ljava/lang/Object;Z)Ljava/lang/Object;' in 'java/util/concurrent/ConcurrentHashMap')}
  0x0000153714e05d70: 49b8 f0d9 | 00cc 3615 | 0000 49b9 | c004 0000 | 0000 0000 | 0f84 0a00 | 0000 49b9 | d004 0000 
  0x0000153714e05d90: 0000 0000 | 4f8b 1c08 | 4d8d 5b01 | 4f89 1c08 | 0f84 cf01 | 0000 4883 

  0x0000153714e05da8: ;   {metadata(method data for {method} {0x0000000800409650} 'putVal' '(Ljava/lang/Object;Ljava/lang/Object;Z)Ljava/lang/Object;' in 'java/util/concurrent/ConcurrentHashMap')}
  0x0000153714e05da8: f900 49b8 | f0d9 00cc | 3615 0000 | 49b9 f004 | 0000 0000 | 0000 0f85 | 0a00 0000 | 49b9 e004 
  0x0000153714e05dc8: 0000 0000 | 0000 4f8b | 1c08 4d8d | 5b01 4f89 | 1c08 0f85 | 0800 0000 | 4c8b c0e9 | f500 0000 
  0x0000153714e05de8: 4889 8424 | a800 0000 

  0x0000153714e05df0: ;   {metadata(method data for {method} {0x0000000800409650} 'putVal' '(Ljava/lang/Object;Ljava/lang/Object;Z)Ljava/lang/Object;' in 'java/util/concurrent/ConcurrentHashMap')}
  0x0000153714e05df0: 4c8b c249 | b9f0 d900 | cc36 1500 | 0045 8b40 | 0849 ba00 | 0000 0008 | 0000 004d | 03c2 4d3b 
  0x0000153714e05e10: 8110 0500 | 0075 0d49 | 8381 1805 | 0000 01e9 | 6000 0000 | 4d3b 8120 | 0500 0075 | 0d49 8381 
  0x0000153714e05e30: 2805 0000 | 01e9 4a00 | 0000 4983 | b910 0500 | 0000 7517 | 4d89 8110 | 0500 0049 | c781 1805 
  0x0000153714e05e50: 0000 0100 | 0000 e929 | 0000 0049 | 83b9 2005 | 0000 0075 | 174d 8981 | 2005 0000 | 49c7 8128 
  0x0000153714e05e70: 0500 0001 | 0000 00e9 | 0800 0000 | 4983 8100 | 0500 0001 | 4c8b c248 | 8bd1 498b | f048 b8ff 
  0x0000153714e05e90: ffff ffff 

  0x0000153714e05e94: ;   {virtual_call}
  0x0000153714e05e94: ffff ffe8 

  0x0000153714e05e98: ; ImmutableOopMap {[104]=Oop [112]=Oop [120]=Oop [144]=Oop [152]=Oop [168]=Oop [216]=Oop }
                      ;*invokevirtual equals {reexecute=0 rethrow=0 return_oop=0}
                      ; - java.util.concurrent.ConcurrentHashMap::putVal@242 (line 1039)
  0x0000153714e05e98: 842c 5907 

  0x0000153714e05e9c: ;   {metadata(method data for {method} {0x0000000800409650} 'putVal' '(Ljava/lang/Object;Ljava/lang/Object;Z)Ljava/lang/Object;' in 'java/util/concurrent/ConcurrentHashMap')}
  0x0000153714e05e9c: 83f8 0048 | baf0 d900 | cc36 1500 | 0048 be48 | 0500 0000 | 0000 000f | 850a 0000 | 0048 be38 
  0x0000153714e05ebc: 0500 0000 | 0000 0048 | 8b3c 3248 | 8d7f 0148 | 893c 324c | 8b84 24a8 | 0000 000f | 859b 0000 
  0x0000153714e05edc: 0041 8b50 | 1848 c1e2 | 0348 83fa 

  0x0000153714e05ee8: ;   {metadata(method data for {method} {0x0000000800409650} 'putVal' '(Ljava/lang/Object;Ljava/lang/Object;Z)Ljava/lang/Object;' in 'java/util/concurrent/ConcurrentHashMap')}
  0x0000153714e05ee8: 0048 bef0 | d900 cc36 | 1500 0048 | bfa0 0500 | 0000 0000 | 000f 840a | 0000 0048 | bf90 0500 
  0x0000153714e05f08: 0000 0000 | 0048 8b04 | 3e48 8d40 | 0148 8904 | 3e8b 9c24 | a400 0000 | 0f84 1701 | 0000 ffc3 
  0x0000153714e05f28: ;   {metadata(method data for {method} {0x0000000800409650} 'putVal' '(Ljava/lang/Object;Ljava/lang/Object;Z)Ljava/lang/Object;' in 'java/util/concurrent/ConcurrentHashMap')}
  0x0000153714e05f28: 48be f0d9 | 00cc 3615 | 0000 8bbe | f800 0000 | 83c7 0289 | bef8 0000 | 0081 e7fe | 3f00 0083 
  0x0000153714e05f48: ff00 0f84 | 5f0c 0000 | 4d8b 9780 

  0x0000153714e05f54: ; ImmutableOopMap {rdx=Oop [104]=Oop [112]=Oop [120]=Oop [144]=Oop [152]=Oop [216]=Oop }
                      ;*goto {reexecute=1 rethrow=0 return_oop=0}
                      ; - (reexecute) java.util.concurrent.ConcurrentHashMap::putVal@305 (line 1035)
                      ;   {poll}
  0x0000153714e05f54: 0300 0041 

  0x0000153714e05f58: ;   {metadata(method data for {method} {0x0000000800409650} 'putVal' '(Ljava/lang/Object;Ljava/lang/Object;Z)Ljava/lang/Object;' in 'java/util/concurrent/ConcurrentHashMap')}
  0x0000153714e05f58: 8502 48be | f0d9 00cc | 3615 0000 | ff86 d805 | 0000 4c8b | c249 8bc0 | e99b fdff | ff4c 8bc0 
  0x0000153714e05f78: 8b9c 24a4 | 0000 0044 | 8b8c 2480 | 0000 0041 | 8b50 1448 | c1e2 0341 

  0x0000153714e05f90: ;   {metadata(method data for {method} {0x0000000800409650} 'putVal' '(Ljava/lang/Object;Ljava/lang/Object;Z)Ljava/lang/Object;' in 'java/util/concurrent/ConcurrentHashMap')}
  0x0000153714e05f90: 83f9 0048 | bef0 d900 | cc36 1500 | 0048 bf68 | 0500 0000 | 0000 000f | 840a 0000 | 0048 bf58 
  0x0000153714e05fb0: 0500 0000 | 0000 0048 | 8b04 3e48 | 8d40 0148 | 8904 3e0f | 8417 0000 | 0044 8bac | 2488 0000 
  0x0000153714e05fd0: 004c 8b74 | 2478 4c8b | 5c24 70e9 | fe01 0000 | 488b 4c24 | 7841 0fbe | 7740 83fe | 000f 85dd 
  0x0000153714e05ff0: 0b00 004c | 8bd1 49c1 | ea03 4589 | 5014 f083 | 4424 c000 | 498b c048 | 33c1 48c1 | e818 4883 
  0x0000153714e06010: f800 0f85 | d80b 0000 

  0x0000153714e06018: ;   {metadata(method data for {method} {0x0000000800409650} 'putVal' '(Ljava/lang/Object;Ljava/lang/Object;Z)Ljava/lang/Object;' in 'java/util/concurrent/ConcurrentHashMap')}
  0x0000153714e06018: 48be f0d9 | 00cc 3615 | 0000 ff86 | 7805 0000 | 448b ac24 | 8800 0000 | 4c8b f14c | 8b5c 2470 
  0x0000153714e06038: e9a1 0100 | 008b b424 | 8800 0000 | 448b 8c24 | 8000 0000 | 488b 4c24 | 7848 8b54 | 2470 4c8b 
  0x0000153714e06058: ;   {metadata('java/util/concurrent/ConcurrentHashMap$Node')}
  0x0000153714e06058: da48 ba58 | 3518 0008 | 0000 004c | 8bf1 4c8b | ee49 8b87 | f800 0000 | 488d 7820 | 493b bf08 
  0x0000153714e06078: 0100 000f | 8787 0b00 | 0049 89bf | f800 0000 | 48c7 0001 | 0000 0048 | 8bca 49ba | 0000 0000 
  0x0000153714e06098: 0800 0000 | 492b ca89 | 4808 4833 | c989 480c | 4833 c948 | 8948 1048 | 8948 1848 

  0x0000153714e060b4: ;   {metadata(method data for {method} {0x0000000800409650} 'putVal' '(Ljava/lang/Object;Ljava/lang/Object;Z)Ljava/lang/Object;' in 'java/util/concurrent/ConcurrentHashMap')}
  0x0000153714e060b4: 8bd0 48b9 | f0d9 00cc | 3615 0000 | 4883 81b0 | 0500 0001 

  0x0000153714e060c8: ;   {metadata(method data for {method} {0x0000000800183d38} '<init>' '(ILjava/lang/Object;Ljava/lang/Object;)V' in 'java/util/concurrent/ConcurrentHashMap$Node')}
  0x0000153714e060c8: 48ba 48e4 | 00cc 3615 | 0000 8b8a | f400 0000 | 83c1 0289 | 8af4 0000 | 0081 e1fe | ff1f 0083 
  0x0000153714e060e8: f900 0f84 | 250b 0000 

  0x0000153714e060f0: ;   {metadata(method data for {method} {0x0000000800183d38} '<init>' '(ILjava/lang/Object;Ljava/lang/Object;)V' in 'java/util/concurrent/ConcurrentHashMap$Node')}
  0x0000153714e060f0: 488b d048 | b948 e400 | cc36 1500 | 0048 8381 | 3801 0000 

  0x0000153714e06104: ;   {metadata(method data for {method} {0x00000008004745c8} '<init>' '()V' in 'java/lang/Object')}
  0x0000153714e06104: 0148 ba40 | 9e00 cc36 | 1500 008b | 8af4 0000 | 0083 c102 | 898a f400 | 0000 81e1 | feff 1f00 
  0x0000153714e06124: 83f9 000f | 8409 0b00 | 0044 8968 | 0c41 0fbe | 5740 83fa | 000f 8518 | 0b00 004d | 8bd3 49c1 
  0x0000153714e06144: ea03 4489 | 5010 488b | d049 33d3 | 48c1 ea18 | 4883 fa00 | 0f85 180b | 0000 410f | be57 4083 
  0x0000153714e06164: fa00 0f85 | 220b 0000 | 4d8b d649 | c1ea 0344 | 8950 14f0 | 8344 24c0 | 0048 8bd0 | 4933 d648 
  0x0000153714e06184: c1ea 1848 | 83fa 000f | 851c 0b00 | 0041 0fbe | 5740 83fa | 000f 8526 | 0b00 004c | 8bd0 49c1 
  0x0000153714e061a4: ea03 4589 | 5018 f083 | 4424 c000 | 498b d048 | 33d0 48c1 | ea18 4883 | fa00 0f85 | 210b 0000 
  0x0000153714e061c4: ;   {metadata(method data for {method} {0x0000000800409650} 'putVal' '(Ljava/lang/Object;Ljava/lang/Object;Z)Ljava/lang/Object;' in 'java/util/concurrent/ConcurrentHashMap')}
  0x0000153714e061c4: 48ba f0d9 | 00cc 3615 | 0000 ff82 | c005 0000 

  0x0000153714e061d4: ;   {oop(NULL)}
  0x0000153714e061d4: 48ba 0000 | 0000 0000 

  0x0000153714e061dc: ;   {metadata(method data for {method} {0x0000000800409650} 'putVal' '(Ljava/lang/Object;Ljava/lang/Object;Z)Ljava/lang/Object;' in 'java/util/concurrent/ConcurrentHashMap')}
  0x0000153714e061dc: 0000 48b9 | f0d9 00cc | 3615 0000 | ff81 f005 | 0000 488b | fa48 8bc3 | 4d8b c149 | 8bce e9f8 
  0x0000153714e061fc: 0400 0044 | 8bac 2488 | 0000 0044 | 8b8c 2480 | 0000 004c | 8b74 2478 | 4c8b 5c24 | 7048 83f8 
  0x0000153714e0621c: ;   {metadata(method data for {method} {0x0000000800409650} 'putVal' '(Ljava/lang/Object;Ljava/lang/Object;Z)Ljava/lang/Object;' in 'java/util/concurrent/ConcurrentHashMap')}
  0x0000153714e0621c: 0075 1749 | b8f0 d900 | cc36 1500 | 0041 8088 | 0106 0000 | 01e9 f900 | 0000 6690 

  0x0000153714e06238: ;   {no_reloc}
  0x0000153714e06238: e9cf 0a00 | 0000 0000 | 0000 448b | 4008 49ba | 0000 0000 | 0800 0000 | 4d03 c24c | 3bc6 0f84 
  0x0000153714e06258: 2a00 0000 | 8b4e 1449 | 3b34 080f | 841d 0000 | 0083 f920 | 0f85 a100 | 0000 4150 

  0x0000153714e06274: ;   {runtime_call slow_subtype_check Runtime1 stub}
  0x0000153714e06274: 56e8 0639 | 6507 4158 | 5e83 fe00 | 0f84 8d00 

  0x0000153714e06284: ;   {metadata(method data for {method} {0x0000000800409650} 'putVal' '(Ljava/lang/Object;Ljava/lang/Object;Z)Ljava/lang/Object;' in 'java/util/concurrent/ConcurrentHashMap')}
  0x0000153714e06284: 0000 49b8 | f0d9 00cc | 3615 0000 | 8b70 0849 | ba00 0000 | 0008 0000 | 0049 03f2 | 493b b018 
  0x0000153714e062a4: 0600 0075 | 0d49 8380 | 2006 0000 | 01e9 7e00 | 0000 493b | b028 0600 | 0075 0d49 | 8380 3006 
  0x0000153714e062c4: 0000 01e9 | 6800 0000 | 4983 b818 | 0600 0000 | 7517 4989 | b018 0600 | 0049 c780 | 2006 0000 
  0x0000153714e062e4: 0100 0000 | e947 0000 | 0049 83b8 | 2806 0000 | 0075 1749 | 89b0 2806 | 0000 49c7 | 8030 0600 
  0x0000153714e06304: 0001 0000 | 00e9 2600 | 0000 e921 

  0x0000153714e06310: ;   {metadata(method data for {method} {0x0000000800409650} 'putVal' '(Ljava/lang/Object;Ljava/lang/Object;Z)Ljava/lang/Object;' in 'java/util/concurrent/ConcurrentHashMap')}
  0x0000153714e06310: 0000 0049 | b8f0 d900 | cc36 1500 | 0049 83a8 | 0806 0000 | 01e9 0500 | 0000 e905 | 0000 0048 
  0x0000153714e06330: 33d2 eb0a | 48ba 0100 | 0000 0000 | 0000 83fa 

  0x0000153714e06340: ;   {metadata(method data for {method} {0x0000000800409650} 'putVal' '(Ljava/lang/Object;Ljava/lang/Object;Z)Ljava/lang/Object;' in 'java/util/concurrent/ConcurrentHashMap')}
  0x0000153714e06340: 0048 baf0 | d900 cc36 | 1500 0048 | b940 0600 | 0000 0000 | 000f 840a | 0000 0048 | b950 0600 
  0x0000153714e06360: 0000 0000 | 004c 8b04 | 0a4d 8d40 | 014c 8904 | 0a0f 8439 | 0200 0048 | 83f8 0075 

  0x0000153714e0637c: ;   {metadata(method data for {method} {0x0000000800409650} 'putVal' '(Ljava/lang/Object;Ljava/lang/Object;Z)Ljava/lang/Object;' in 'java/util/concurrent/ConcurrentHashMap')}
  0x0000153714e0637c: 1648 b9f0 | d900 cc36 | 1500 0080 | 8959 0600 | 0001 e9f9 | 0000 000f | 1f44 0000 

  0x0000153714e06398: ;   {no_reloc}
  0x0000153714e06398: e988 0900 | 0000 0000 | 0000 8b48 | 0849 ba00 | 0000 0008 | 0000 0049 | 03ca 483b | cf0f 8428 
  0x0000153714e063b8: 0000 008b | 5714 483b | 3c11 0f84 | 1b00 0000 | 83fa 200f | 859f 0000 

  0x0000153714e063d0: ;   {runtime_call slow_subtype_check Runtime1 stub}
  0x0000153714e063d0: 0051 57e8 | a837 6507 | 595f 83ff | 000f 848d 

  0x0000153714e063e0: ;   {metadata(method data for {method} {0x0000000800409650} 'putVal' '(Ljava/lang/Object;Ljava/lang/Object;Z)Ljava/lang/Object;' in 'java/util/concurrent/ConcurrentHashMap')}
  0x0000153714e063e0: 0000 0048 | b9f0 d900 | cc36 1500 | 008b 7808 | 49ba 0000 | 0000 0800 | 0000 4903 | fa48 3bb9 
  0x0000153714e06400: 7006 0000 | 750d 4883 | 8178 0600 | 0001 e979 | 0000 0048 | 3bb9 8006 | 0000 750d | 4883 8188 
  0x0000153714e06420: 0600 0001 | e963 0000 | 0048 83b9 | 7006 0000 | 0075 1748 | 89b9 7006 | 0000 48c7 | 8178 0600 
  0x0000153714e06440: 0001 0000 | 00e9 4200 | 0000 4883 | b980 0600 | 0000 7517 | 4889 b980 | 0600 0048 | c781 8806 
  0x0000153714e06460: 0000 0100 | 0000 e921 | 0000 00e9 | 1c00 0000 

  0x0000153714e06470: ;   {metadata(method data for {method} {0x0000000800409650} 'putVal' '(Ljava/lang/Object;Ljava/lang/Object;Z)Ljava/lang/Object;' in 'java/util/concurrent/ConcurrentHashMap')}
  0x0000153714e06470: 48b9 f0d9 | 00cc 3615 | 0000 4883 | a960 0600 | 0001 e9a8 | 0800 00e9 | 0000 0000 | 488b f049 
  0x0000153714e06490: 8bd5 498b | cb4d 8bc6 | 0f1f 4400 | 0048 b8ff | ffff ffff 

  0x0000153714e064a4: ;   {virtual_call}
  0x0000153714e064a4: ffff ffe8 

  0x0000153714e064a8: ; ImmutableOopMap {[104]=Oop [112]=Oop [120]=Oop [144]=Oop [152]=Oop [216]=Oop }
                      ;*invokevirtual putTreeVal {reexecute=0 rethrow=0 return_oop=0}
                      ; - java.util.concurrent.ConcurrentHashMap::putVal@331 (line 1055)
  0x0000153714e064a8: 5454 5907 | 4883 f800 

  0x0000153714e064b0: ;   {metadata(method data for {method} {0x0000000800409650} 'putVal' '(Ljava/lang/Object;Ljava/lang/Object;Z)Ljava/lang/Object;' in 'java/util/concurrent/ConcurrentHashMap')}
  0x0000153714e064b0: 48ba f0d9 | 00cc 3615 | 0000 48b9 | e006 0000 | 0000 0000 | 0f85 0a00 | 0000 48b9 | d006 0000 
  0x0000153714e064d0: 0000 0000 | 488b 340a | 488d 7601 | 4889 340a | 0f85 1c00 

  0x0000153714e064e4: ;   {oop(NULL)}
  0x0000153714e064e4: 0000 48b8 | 0000 0000 | 0000 0000 | 448b 8424 | 8000 0000 | 488b 4c24 | 78e9 9100 | 0000 448b 
  0x0000153714e06504: 8424 8000 | 0000 8b50 | 1448 c1e2 | 0341 83f8 

  0x0000153714e06514: ;   {metadata(method data for {method} {0x0000000800409650} 'putVal' '(Ljava/lang/Object;Ljava/lang/Object;Z)Ljava/lang/Object;' in 'java/util/concurrent/ConcurrentHashMap')}
  0x0000153714e06514: 0048 b9f0 | d900 cc36 | 1500 0048 | be00 0700 | 0000 0000 | 000f 840a | 0000 0048 | bef0 0600 
  0x0000153714e06534: 0000 0000 | 0048 8b3c | 3148 8d7f | 0148 893c | 310f 840d | 0000 0048 | 8bc2 488b | 4c24 78e9 
  0x0000153714e06554: 3b00 0000 | 488b 4c24 | 7841 0fbe | 7740 83fe | 000f 85d2 | 0700 004c | 8bd1 49c1 | ea03 4489 
  0x0000153714e06574: 5014 f083 | 4424 c000 | 488b f048 | 33f1 48c1 | ee18 4883 | fe00 0f85 | cc07 0000 

  0x0000153714e06590: ;   {metadata(method data for {method} {0x0000000800409650} 'putVal' '(Ljava/lang/Object;Ljava/lang/Object;Z)Ljava/lang/Object;' in 'java/util/concurrent/ConcurrentHashMap')}
  0x0000153714e06590: 488b c248 | baf0 d900 | cc36 1500 | 00ff 8210 | 0700 0048 | 8bf8 b802 | 0000 00e9 | 4701 0000 
  0x0000153714e065b0: 4d8b c149 | 8bce 4883 | f800 7516 

  0x0000153714e065bc: ;   {metadata(method data for {method} {0x0000000800409650} 'putVal' '(Ljava/lang/Object;Ljava/lang/Object;Z)Ljava/lang/Object;' in 'java/util/concurrent/ConcurrentHashMap')}
  0x0000153714e065bc: 48bf f0d9 | 00cc 3615 | 0000 808f | 2107 0000 | 01e9 cc00 

  0x0000153714e065d0: ;   {metadata('java/util/concurrent/ConcurrentHashMap$ReservationNode')}
  0x0000153714e065d0: 0000 48bb | b046 1800 | 0800 0000 | 8b70 0849 | ba00 0000 | 0008 0000 | 0049 03f2 | 483b de0f 
  0x0000153714e065f0: 858d 0000 

  0x0000153714e065f4: ;   {metadata(method data for {method} {0x0000000800409650} 'putVal' '(Ljava/lang/Object;Ljava/lang/Object;Z)Ljava/lang/Object;' in 'java/util/concurrent/ConcurrentHashMap')}
  0x0000153714e065f4: 0048 bff0 | d900 cc36 | 1500 008b | 5808 49ba | 0000 0000 | 0800 0000 | 4903 da48 | 3b9f 3807 
  0x0000153714e06614: 0000 750d | 4883 8740 | 0700 0001 | e97e 0000 | 0048 3b9f | 4807 0000 | 750d 4883 | 8750 0700 
  0x0000153714e06634: 0001 e968 | 0000 0048 | 83bf 3807 | 0000 0075 | 1748 899f | 3807 0000 | 48c7 8740 | 0700 0001 
  0x0000153714e06654: 0000 00e9 | 4700 0000 | 4883 bf48 | 0700 0000 | 7517 4889 | 9f48 0700 | 0048 c787 | 5007 0000 
  0x0000153714e06674: 0100 0000 | e926 0000 | 00e9 2100 

  0x0000153714e06680: ;   {metadata(method data for {method} {0x0000000800409650} 'putVal' '(Ljava/lang/Object;Ljava/lang/Object;Z)Ljava/lang/Object;' in 'java/util/concurrent/ConcurrentHashMap')}
  0x0000153714e06680: 0000 48bf | f0d9 00cc | 3615 0000 | 4883 af28 | 0700 0001 | e905 0000 | 00e9 0500 | 0000 4833 
  0x0000153714e066a0: d2eb 0a48 | ba01 0000 | 0000 0000 | 0083 fa00 

  0x0000153714e066b0: ;   {metadata(method data for {method} {0x0000000800409650} 'putVal' '(Ljava/lang/Object;Ljava/lang/Object;Z)Ljava/lang/Object;' in 'java/util/concurrent/ConcurrentHashMap')}
  0x0000153714e066b0: 48ba f0d9 | 00cc 3615 | 0000 48be | 7007 0000 | 0000 0000 | 0f85 0a00 | 0000 48be | 6007 0000 
  0x0000153714e066d0: 0000 0000 | 488b 3c32 | 488d 7f01 | 4889 3c32 | 0f85 5e02 | 0000 8b84 | 2484 0000 

  0x0000153714e066ec: ;   {oop(NULL)}
  0x0000153714e066ec: 0048 bf00 | 0000 0000 | 0000 0048 | 8bd8 488d | 8424 d000 | 0000 488b | 1048 85d2 | 0f84 0f00 
  0x0000153714e0670c: 0000 488b | 7008 f048 | 0fb1 160f | 8557 0600 | 0049 ff8f | 7804 0000 

  0x0000153714e06724: ;   {metadata(method data for {method} {0x0000000800409650} 'putVal' '(Ljava/lang/Object;Ljava/lang/Object;Z)Ljava/lang/Object;' in 'java/util/concurrent/ConcurrentHashMap')}
  0x0000153714e06724: 48ba f0d9 | 00cc 3615 | 0000 ff82 | 9007 0000 

  0x0000153714e06734: ;   {metadata(method data for {method} {0x0000000800409650} 'putVal' '(Ljava/lang/Object;Ljava/lang/Object;Z)Ljava/lang/Object;' in 'java/util/concurrent/ConcurrentHashMap')}
  0x0000153714e06734: 83fb 0048 | baf0 d900 | cc36 1500 | 0048 beb8 | 0700 0000 | 0000 000f | 850a 0000 | 0048 bea8 
  0x0000153714e06754: 0700 0000 | 0000 0048 | 8b04 3248 | 8d40 0148 | 8904 320f | 8567 0000 | 0048 8b84 | 2490 0000 
  0x0000153714e06774: 0048 8bf3 

  0x0000153714e06778: ;   {metadata(method data for {method} {0x0000000800409650} 'putVal' '(Ljava/lang/Object;Ljava/lang/Object;Z)Ljava/lang/Object;' in 'java/util/concurrent/ConcurrentHashMap')}
  0x0000153714e06778: 48ba f0d9 | 00cc 3615 | 0000 8bba | f800 0000 | 83c7 0289 | baf8 0000 | 0081 e7fe | 3f00 0083 
  0x0000153714e06798: ff00 0f84 | ea05 0000 | 4d8b 9780 

  0x0000153714e067a4: ; ImmutableOopMap {rcx=Oop rax=Oop [104]=Oop [112]=Oop [120]=Oop }
                      ;*goto {reexecute=1 rethrow=0 return_oop=0}
                      ; - (reexecute) java.util.concurrent.ConcurrentHashMap::putVal@420 (line 1074)
                      ;   {poll}
  0x0000153714e067a4: 0300 0041 

  0x0000153714e067a8: ;   {metadata(method data for {method} {0x0000000800409650} 'putVal' '(Ljava/lang/Object;Ljava/lang/Object;Z)Ljava/lang/Object;' in 'java/util/concurrent/ConcurrentHashMap')}
  0x0000153714e067a8: 8502 48ba | f0d9 00cc | 3615 0000 | ff82 4008 | 0000 488b | d048 8bc6 | 488b da89 | 8424 8400 
  0x0000153714e067c8: 0000 488b | 7c24 68e9 | 14ee ffff | 488b 9424 | 9000 0000 

  0x0000153714e067dc: ;   {metadata(method data for {method} {0x0000000800409650} 'putVal' '(Ljava/lang/Object;Ljava/lang/Object;Z)Ljava/lang/Object;' in 'java/util/concurrent/ConcurrentHashMap')}
  0x0000153714e067dc: 83fb 0848 | b9f0 d900 | cc36 1500 | 0048 bed8 | 0700 0000 | 0000 000f | 8d0a 0000 | 0048 bec8 
  0x0000153714e067fc: 0700 0000 | 0000 0048 | 8b04 3148 | 8d40 0148 | 8904 310f | 8d0c 0000 | 0089 9c24 | b800 0000 
  0x0000153714e0681c: e943 0000 | 0048 89bc | 24b0 0000 | 0089 9c24 | b800 0000 | 448b 8c24 | 8c00 0000 | 488b 7424 
  0x0000153714e0683c: ;   {metadata(method data for {method} {0x0000000800409650} 'putVal' '(Ljava/lang/Object;Ljava/lang/Object;Z)Ljava/lang/Object;' in 'java/util/concurrent/ConcurrentHashMap')}
  0x0000153714e0683c: 6848 b9f0 | d900 cc36 | 1500 0048 | 8381 e807 | 0000 0149 | 8bc9 488b 

  0x0000153714e06854: ;   {optimized virtual_call}
  0x0000153714e06854: 7424 68e8 

  0x0000153714e06858: ; ImmutableOopMap {[104]=Oop [176]=Oop }
                      ;*invokevirtual treeifyBin {reexecute=0 rethrow=0 return_oop=0}
                      ; - java.util.concurrent.ConcurrentHashMap::putVal@409 (line 1068)
  0x0000153714e06858: a44d 5907 | 488b bc24 | b000 0000 | 4883 ff00 

  0x0000153714e06868: ;   {metadata(method data for {method} {0x0000000800409650} 'putVal' '(Ljava/lang/Object;Ljava/lang/Object;Z)Ljava/lang/Object;' in 'java/util/concurrent/ConcurrentHashMap')}
  0x0000153714e06868: 48b8 f0d9 | 00cc 3615 | 0000 48ba | 3008 0000 | 0000 0000 | 0f85 0a00 | 0000 48ba | 2008 0000 
  0x0000153714e06888: 0000 0000 | 488b 0c10 | 488d 4901 | 4889 0c10 | 0f85 0c00 | 0000 8b84 | 24b8 0000 | 00e9 4900 
  0x0000153714e068a8: 0000 488b | c748 81c4 | f000 0000 

  0x0000153714e068b4: ;   {poll_return}
  0x0000153714e068b4: 5d49 3ba7 | 7803 0000 | 0f87 e904 | 0000 c348 | 8bc6 4881 | c4f0 0000 

  0x0000153714e068cc: ;   {poll_return}
  0x0000153714e068cc: 005d 493b | a778 0300 | 000f 87e6 | 0400 00c3 | 8b84 2484 

  0x0000153714e068e0: ;   {metadata(method data for {method} {0x0000000800409650} 'putVal' '(Ljava/lang/Object;Ljava/lang/Object;Z)Ljava/lang/Object;' in 'java/util/concurrent/ConcurrentHashMap')}
  0x0000153714e068e0: 0000 0048 | baf0 d900 | cc36 1500 | 00ff 82d0 | 0200 0048 | 8b74 2468 

  0x0000153714e068f8: ;   {metadata(method data for {method} {0x0000000800409650} 'putVal' '(Ljava/lang/Object;Ljava/lang/Object;Z)Ljava/lang/Object;' in 'java/util/concurrent/ConcurrentHashMap')}
  0x0000153714e068f8: 488b d648 | b9f0 d900 | cc36 1500 | 0048 8381 | 5808 0000 | 0148 ba01 | 0000 0000 | 0000 0048 
  0x0000153714e06918: 8bc8 0f1f 

  0x0000153714e0691c: ;   {optimized virtual_call}
  0x0000153714e0691c: 4400 00e8 

  0x0000153714e06920: ; ImmutableOopMap {}
                      ;*invokevirtual addCount {reexecute=0 rethrow=0 return_oop=0}
                      ; - java.util.concurrent.ConcurrentHashMap::putVal@427 (line 1075)
  0x0000153714e06920: 3c1d 0000 

  0x0000153714e06924: ;   {oop(NULL)}
  0x0000153714e06924: 48b8 0000 | 0000 0000 | 0000 4881 | c4f0 0000 

  0x0000153714e06934: ;   {poll_return}
  0x0000153714e06934: 005d 493b | a778 0300 | 000f 8794 | 0400 00c3 | 0f1f 4000 

  0x0000153714e06948: ;   {no_reloc}
  0x0000153714e06948: e9af 0400 | 0000 0000 | 0000 e9af | 0400 0048 

  0x0000153714e06958: ;   {metadata(method data for {method} {0x0000000800409650} 'putVal' '(Ljava/lang/Object;Ljava/lang/Object;Z)Ljava/lang/Object;' in 'java/util/concurrent/ConcurrentHashMap')}
  0x0000153714e06958: 8bd0 48be | f0d9 00cc | 3615 0000 | 4883 8680 | 0700 0001 

  0x0000153714e0696c: ;   {oop("Recursive update"{0x00000007ff03a5c0})}
  0x0000153714e0696c: 48ba c0a5 | 03ff 0700 | 0000 488b | f048 8984 | 24c0 0000 | 0066 0f1f 

  0x0000153714e06984: ;   {optimized virtual_call}
  0x0000153714e06984: 4400 00e8 

  0x0000153714e06988: ; ImmutableOopMap {[152]=Oop [192]=Oop [216]=Oop }
                      ;*invokespecial <init> {reexecute=0 rethrow=0 return_oop=0}
                      ; - java.util.concurrent.ConcurrentHashMap::putVal@374 (line 1063)
  0x0000153714e06988: 744c 5907 | 488b 8424 

  0x0000153714e06990: ; ImmutableOopMap {rax=Oop [152]=Oop [216]=Oop }
                      ;*athrow {reexecute=1 rethrow=0 return_oop=0}
                      ; - (reexecute) java.util.concurrent.ConcurrentHashMap::putVal@377 (line 1063)
  0x0000153714e06990: c000 0000 

  0x0000153714e06994: ;   {section_word}
  0x0000153714e06994: 48ba 9469 | e014 3715 

  0x0000153714e0699c: ;   {runtime_call handle_exception_nofpu Runtime1 stub}
  0x0000153714e0699c: 0000 e8dd | 1f65 0790 | 0f1f 4000 

  0x0000153714e069a8: ;   {no_reloc}
  0x0000153714e069a8: e975 0400 | 0000 0000 | 0000 498b | 87f8 0000 | 0048 8d78 | 3049 3bbf | 0801 0000 | 0f87 6204 
  0x0000153714e069c8: 0000 4989 | bff8 0000 | 0048 c700 | 0100 0000 | 488b ca49 | ba00 0000 | 0008 0000 | 0049 2bca 
  0x0000153714e069e8: 8948 0848 | 33c9 8948 | 0c48 33c9 | 4889 4810 | 4889 4818 | 4889 4820 | 4889 4828 

  0x0000153714e06a04: ;   {metadata(method data for {method} {0x0000000800409650} 'putVal' '(Ljava/lang/Object;Ljava/lang/Object;Z)Ljava/lang/Object;' in 'java/util/concurrent/ConcurrentHashMap')}
  0x0000153714e06a04: 488b f048 | bff0 d900 | cc36 1500 | 0048 8387 | 7801 0000 | 0148 8bf0 | 4889 8424 | c800 0000 
  0x0000153714e06a24: ;   {optimized virtual_call}
  0x0000153714e06a24: 6666 90e8 

  0x0000153714e06a28: ; ImmutableOopMap {[200]=Oop }
                      ;*invokespecial <init> {reexecute=0 rethrow=0 return_oop=0}
                      ; - java.util.concurrent.ConcurrentHashMap::putVal@12 (line 1011)
  0x0000153714e06a28: d44b 5907 | 488b 8424 | c800 0000 | e933 0400 | 0049 8b87 | 2804 0000 | 4d33 d24d | 8997 2804 
  0x0000153714e06a48: 0000 4d33 | d24d 8997 | 3004 0000 | 488b f048 | 8d84 24d0 | 0000 0048 | 8b38 4885 | ff0f 840f 
  0x0000153714e06a68: 0000 0048 | 8b58 08f0 | 480f b13b | 0f85 bf03 | 0000 49ff | 8f78 0400 | 0048 8bc6 | e9e3 0300 
  0x0000153714e06a88: ;   {metadata({method} {0x0000000800409650} 'putVal' '(Ljava/lang/Object;Ljava/lang/Object;Z)Ljava/lang/Object;' in 'java/util/concurrent/ConcurrentHashMap')}
  0x0000153714e06a88: 0049 ba50 | 9640 0008 | 0000 004c | 8954 2408 | 48c7 0424 | ffff ffff 

  0x0000153714e06aa0: ;   {runtime_call counter_overflow Runtime1 stub}
  0x0000153714e06aa0: e85b 5a65 

  0x0000153714e06aa4: ; ImmutableOopMap {rsi=Oop rdx=Oop rcx=Oop [104]=Oop [112]=Oop [120]=Oop }
                      ;*synchronization entry
                      ; - java.util.concurrent.ConcurrentHashMap::putVal@-1 (line 1011)
  0x0000153714e06aa4: 07e9 b4e9 

  0x0000153714e06aa8: ;   {runtime_call throw_null_pointer_exception Runtime1 stub}
  0x0000153714e06aa8: ffff e851 

  0x0000153714e06aac: ; ImmutableOopMap {rdx=Oop [104]=Oop [112]=Oop [120]=Oop }
                      ;*invokevirtual hashCode {reexecute=0 rethrow=0 return_oop=0}
                      ; - java.util.concurrent.ConcurrentHashMap::putVal@17 (line 1012)
                      ;   {metadata({method} {0x0000000800409700} 'spread' '(I)I' in 'java/util/concurrent/ConcurrentHashMap')}
  0x0000153714e06aac: f964 0749 | ba00 9740 | 0008 0000 | 004c 8954 | 2408 48c7 | 0424 ffff 

  0x0000153714e06ac4: ;   {runtime_call counter_overflow Runtime1 stub}
  0x0000153714e06ac4: ffff e835 

  0x0000153714e06ac8: ; ImmutableOopMap {[104]=Oop [112]=Oop [120]=Oop }
                      ;*synchronization entry
                      ; - java.util.concurrent.ConcurrentHashMap::spread@-1 (line 697)
                      ; - java.util.concurrent.ConcurrentHashMap::putVal@20 (line 1012)
  0x0000153714e06ac8: 5a65 07e9 | e6ea ffff 

  0x0000153714e06ad0: ;   {runtime_call throw_null_pointer_exception Runtime1 stub}
  0x0000153714e06ad0: e82b f964 

  0x0000153714e06ad4: ; ImmutableOopMap {rdi=Oop rbx=Oop [104]=Oop [112]=Oop [120]=Oop }
                      ;*arraylength {reexecute=0 rethrow=0 return_oop=0}
                      ; - java.util.concurrent.ConcurrentHashMap::putVal@41 (line 1016)
  0x0000153714e06ad4: 0748 8bd2 

  0x0000153714e06ad8: ;   {runtime_call fast_new_instance Runtime1 stub}
  0x0000153714e06ad8: e823 0b65 

  0x0000153714e06adc: ; ImmutableOopMap {rbx=Oop r11=Oop [104]=Oop [112]=Oop [120]=Oop [144]=Oop }
                      ;*new {reexecute=0 rethrow=0 return_oop=0}
                      ; - java.util.concurrent.ConcurrentHashMap::putVal@83 (line 1019)
  0x0000153714e06adc: 07e9 baec 

  0x0000153714e06ae0: ;   {metadata({method} {0x0000000800183d38} '<init>' '(ILjava/lang/Object;Ljava/lang/Object;)V' in 'java/util/concurrent/ConcurrentHashMap$Node')}
  0x0000153714e06ae0: ffff 49ba | 383d 1800 | 0800 0000 | 4c89 5424 | 0848 c704 | 24ff ffff 

  0x0000153714e06af8: ;   {runtime_call counter_overflow Runtime1 stub}
  0x0000153714e06af8: ffe8 025a 

  0x0000153714e06afc: ; ImmutableOopMap {rbx=Oop r11=Oop rax=Oop [104]=Oop [112]=Oop [120]=Oop [144]=Oop }
                      ;*synchronization entry
                      ; - java.util.concurrent.ConcurrentHashMap$Node::<init>@-1 (line 631)
                      ; - java.util.concurrent.ConcurrentHashMap::putVal@91 (line 1019)
  0x0000153714e06afc: 6507 e9d6 

  0x0000153714e06b00: ;   {metadata({method} {0x00000008004745c8} '<init>' '()V' in 'java/lang/Object')}
  0x0000153714e06b00: ecff ff49 | bac8 4547 | 0008 0000 | 004c 8954 | 2408 48c7 | 0424 ffff 

  0x0000153714e06b18: ;   {runtime_call counter_overflow Runtime1 stub}
  0x0000153714e06b18: ffff e8e1 

  0x0000153714e06b1c: ; ImmutableOopMap {rbx=Oop r11=Oop rax=Oop [104]=Oop [112]=Oop [120]=Oop [144]=Oop }
                      ;*synchronization entry
                      ; - java.lang.Object::<init>@-1 (line 45)
                      ; - java.util.concurrent.ConcurrentHashMap$Node::<init>@1 (line 631)
                      ; - java.util.concurrent.ConcurrentHashMap::putVal@91 (line 1019)
  0x0000153714e06b1c: 5965 07e9 | f2ec ffff | 8b70 1048 | c1e6 0348 | 83fe 000f | 84f3 ecff | ff48 8934 

  0x0000153714e06b38: ;   {runtime_call g1_pre_barrier_slow}
  0x0000153714e06b38: 24e8 c25f | 6507 e9e5 | ecff ff48 | 83fb 000f | 84fa ecff | ff48 8904 

  0x0000153714e06b50: ;   {runtime_call g1_post_barrier_slow}
  0x0000153714e06b50: 24e8 aa62 | 6507 e9ec | ecff ff8b | 7014 48c1 | e603 4883 | fe00 0f84 | e9ec ffff | 4889 3424 
  0x0000153714e06b70: ;   {runtime_call g1_pre_barrier_slow}
  0x0000153714e06b70: e88b 5f65 | 07e9 dbec | ffff 4983 | fb00 0f84 | f6ec ffff | 4889 0424 

  0x0000153714e06b88: ;   {runtime_call g1_post_barrier_slow}
  0x0000153714e06b88: e873 6265 | 07e9 e8ec 

  0x0000153714e06b90: ;   {runtime_call throw_null_pointer_exception Runtime1 stub}
  0x0000153714e06b90: ffff e869 

  0x0000153714e06b94: ; ImmutableOopMap {rax=Oop [104]=Oop [112]=Oop [120]=Oop [144]=Oop [152]=Oop }
                      ;*getfield hash {reexecute=1 rethrow=0 return_oop=0}
                      ; - (reexecute) java.util.concurrent.ConcurrentHashMap::putVal@105 (line 1022)
  0x0000153714e06b94: f864 0748 | 897c 2408 | 4889 3424 

  0x0000153714e06ba0: ;   {runtime_call monitorenter_nofpu Runtime1 stub}
  0x0000153714e06ba0: e8db 3565 

  0x0000153714e06ba4: ; ImmutableOopMap {rdi=Oop [104]=Oop [112]=Oop [120]=Oop [144]=Oop [152]=Oop [216]=Oop }
                      ;*monitorenter {reexecute=0 rethrow=0 return_oop=0}
                      ; - java.util.concurrent.ConcurrentHashMap::putVal@187 (line 1031)
  0x0000153714e06ba4: 07e9 91f0 

  0x0000153714e06ba8: ;   {runtime_call throw_null_pointer_exception Runtime1 stub}
  0x0000153714e06ba8: ffff e851 

  0x0000153714e06bac: ; ImmutableOopMap {rax=Oop rdx=Oop [104]=Oop [112]=Oop [120]=Oop [144]=Oop [152]=Oop [216]=Oop }
                      ;*getfield hash {reexecute=1 rethrow=0 return_oop=0}
                      ; - (reexecute) java.util.concurrent.ConcurrentHashMap::putVal@214 (line 1037)
                      ;   {metadata({method} {0x0000000800409650} 'putVal' '(Ljava/lang/Object;Ljava/lang/Object;Z)Ljava/lang/Object;' in 'java/util/concurrent/ConcurrentHashMap')}
  0x0000153714e06bac: f864 0749 | ba50 9640 | 0008 0000 | 004c 8954 | 2408 48c7 | 0424 3101 

  0x0000153714e06bc4: ;   {runtime_call counter_overflow Runtime1 stub}
  0x0000153714e06bc4: 0000 e835 

  0x0000153714e06bc8: ; ImmutableOopMap {rdx=Oop [104]=Oop [112]=Oop [120]=Oop [144]=Oop [152]=Oop [216]=Oop }
                      ;*goto {reexecute=1 rethrow=0 return_oop=0}
                      ; - (reexecute) java.util.concurrent.ConcurrentHashMap::putVal@305 (line 1035)
  0x0000153714e06bc8: 5965 07e9 | 80f3 ffff | 418b 7014 | 48c1 e603 | 4883 fe00 | 0f84 11f4 | ffff 4889 

  0x0000153714e06be4: ;   {runtime_call g1_pre_barrier_slow}
  0x0000153714e06be4: 3424 e815 | 5f65 07e9 | 03f4 ffff | 4883 f900 | 0f84 1ef4 | ffff 4c89 

  0x0000153714e06bfc: ;   {runtime_call g1_post_barrier_slow}
  0x0000153714e06bfc: 0424 e8fd | 6165 07e9 | 10f4 ffff 

  0x0000153714e06c08: ;   {runtime_call fast_new_instance Runtime1 stub}
  0x0000153714e06c08: 488b d2e8 

  0x0000153714e06c0c: ; ImmutableOopMap {r8=Oop r11=Oop r14=Oop [104]=Oop [112]=Oop [120]=Oop [144]=Oop [152]=Oop [216]=Oop }
                      ;*new {reexecute=0 rethrow=0 return_oop=0}
                      ; - java.util.concurrent.ConcurrentHashMap::putVal@285 (line 1047)
  0x0000153714e06c0c: f009 6507 | e99e f4ff 

  0x0000153714e06c14: ;   {metadata({method} {0x0000000800183d38} '<init>' '(ILjava/lang/Object;Ljava/lang/Object;)V' in 'java/util/concurrent/ConcurrentHashMap$Node')}
  0x0000153714e06c14: ff49 ba38 | 3d18 0008 | 0000 004c | 8954 2408 | 48c7 0424 | ffff ffff 

  0x0000153714e06c2c: ;   {runtime_call counter_overflow Runtime1 stub}
  0x0000153714e06c2c: e8cf 5865 

  0x0000153714e06c30: ; ImmutableOopMap {r8=Oop r11=Oop r14=Oop rax=Oop [104]=Oop [112]=Oop [120]=Oop [144]=Oop [152]=Oop [216]=Oop }
                      ;*synchronization entry
                      ; - java.util.concurrent.ConcurrentHashMap$Node::<init>@-1 (line 631)
                      ; - java.util.concurrent.ConcurrentHashMap::putVal@293 (line 1047)
  0x0000153714e06c30: 07e9 baf4 

  0x0000153714e06c34: ;   {metadata({method} {0x00000008004745c8} '<init>' '()V' in 'java/lang/Object')}
  0x0000153714e06c34: ffff 49ba | c845 4700 | 0800 0000 | 4c89 5424 | 0848 c704 | 24ff ffff 

  0x0000153714e06c4c: ;   {runtime_call counter_overflow Runtime1 stub}
  0x0000153714e06c4c: ffe8 ae58 

  0x0000153714e06c50: ; ImmutableOopMap {r8=Oop r11=Oop r14=Oop rax=Oop [104]=Oop [112]=Oop [120]=Oop [144]=Oop [152]=Oop [216]=Oop }
                      ;*synchronization entry
                      ; - java.lang.Object::<init>@-1 (line 45)
                      ; - java.util.concurrent.ConcurrentHashMap$Node::<init>@1 (line 631)
                      ; - java.util.concurrent.ConcurrentHashMap::putVal@293 (line 1047)
  0x0000153714e06c50: 6507 e9d6 | f4ff ff8b | 5010 48c1 | e203 4883 | fa00 0f84 | d7f4 ffff | 4889 1424 

  0x0000153714e06c6c: ;   {runtime_call g1_pre_barrier_slow}
  0x0000153714e06c6c: e88f 5e65 | 07e9 c9f4 | ffff 4983 | fb00 0f84 | def4 ffff | 4889 0424 

  0x0000153714e06c84: ;   {runtime_call g1_post_barrier_slow}
  0x0000153714e06c84: e877 6165 | 07e9 d0f4 | ffff 8b50 | 1448 c1e2 | 0348 83fa | 000f 84cd | f4ff ff48 

  0x0000153714e06ca0: ;   {runtime_call g1_pre_barrier_slow}
  0x0000153714e06ca0: 8914 24e8 | 585e 6507 | e9bf f4ff | ff49 83fe | 000f 84da | f4ff ff48 

  0x0000153714e06cb8: ;   {runtime_call g1_post_barrier_slow}
  0x0000153714e06cb8: 8904 24e8 | 4061 6507 | e9cc f4ff | ff41 8b50 | 1848 c1e2 | 0348 83fa | 000f 84c8 | f4ff ff48 
  0x0000153714e06cd8: ;   {runtime_call g1_pre_barrier_slow}
  0x0000153714e06cd8: 8914 24e8 | 205e 6507 | e9ba f4ff | ff48 83f8 | 000f 84d5 | f4ff ff4c 

  0x0000153714e06cf0: ;   {runtime_call g1_post_barrier_slow}
  0x0000153714e06cf0: 8904 24e8 | 0861 6507 | e9c7 f4ff 

  0x0000153714e06cfc: ;   {metadata(NULL)}
  0x0000153714e06cfc: ff48 be00 | 0000 0000 | 0000 00b8 | 000f 050a 

  0x0000153714e06d0c: ;   {runtime_call load_klass_patching Runtime1 stub}
  0x0000153714e06d0c: e86f 4465 

  0x0000153714e06d10: ; ImmutableOopMap {r11=Oop r14=Oop rax=Oop [104]=Oop [112]=Oop [120]=Oop [144]=Oop [152]=Oop [216]=Oop }
                      ;*instanceof {reexecute=1 rethrow=0 return_oop=0}
                      ; - (reexecute) java.util.concurrent.ConcurrentHashMap::putVal@313 (line 1052)
  0x0000153714e06d10: 07e9 22f5 

  0x0000153714e06d14: ;   {metadata(NULL)}
  0x0000153714e06d14: ffff 48bf | 0000 0000 | 0000 0000 | b800 0f05 

  0x0000153714e06d24: ;   {runtime_call load_klass_patching Runtime1 stub}
  0x0000153714e06d24: 0ae8 5644 

  0x0000153714e06d28: ; ImmutableOopMap {r11=Oop r14=Oop rax=Oop [104]=Oop [112]=Oop [120]=Oop [144]=Oop [152]=Oop [216]=Oop }
                      ;*checkcast {reexecute=1 rethrow=0 return_oop=0}
                      ; - (reexecute) java.util.concurrent.ConcurrentHashMap::putVal@324 (line 1055)
  0x0000153714e06d28: 6507 e969 | f6ff ff48 

  0x0000153714e06d30: ;   {runtime_call throw_class_cast_exception Runtime1 stub}
  0x0000153714e06d30: 8904 24e8 

  0x0000153714e06d34: ; ImmutableOopMap {r11=Oop r14=Oop rax=Oop [104]=Oop [112]=Oop [120]=Oop [144]=Oop [152]=Oop [216]=Oop }
                      ;*checkcast {reexecute=0 rethrow=0 return_oop=0}
                      ; - java.util.concurrent.ConcurrentHashMap::putVal@324 (line 1055)
  0x0000153714e06d34: 4828 6507 

  0x0000153714e06d38: ;   {runtime_call throw_null_pointer_exception Runtime1 stub}
  0x0000153714e06d38: e8c3 f664 

  0x0000153714e06d3c: ; ImmutableOopMap {rax=Oop [104]=Oop [112]=Oop [120]=Oop [144]=Oop [152]=Oop [216]=Oop }
                      ;*getfield val {reexecute=1 rethrow=0 return_oop=0}
                      ; - (reexecute) java.util.concurrent.ConcurrentHashMap::putVal@342 (line 1057)
  0x0000153714e06d3c: 078b 7014 | 48c1 e603 | 4883 fe00 | 0f84 1df8 | ffff 4889 

  0x0000153714e06d50: ;   {runtime_call g1_pre_barrier_slow}
  0x0000153714e06d50: 3424 e8a9 | 5d65 07e9 | 0ff8 ffff | 4883 f900 | 0f84 2af8 | ffff 4889 

  0x0000153714e06d68: ;   {runtime_call g1_post_barrier_slow}
  0x0000153714e06d68: 0424 e891 | 6065 07e9 | 1cf8 ffff | 488d 8424 | d000 0000 | 4889 0424 

  0x0000153714e06d80: ;   {runtime_call monitorexit_nofpu Runtime1 stub}
  0x0000153714e06d80: e8fb 3965 | 07e9 9af9 

  0x0000153714e06d88: ;   {metadata({method} {0x0000000800409650} 'putVal' '(Ljava/lang/Object;Ljava/lang/Object;Z)Ljava/lang/Object;' in 'java/util/concurrent/ConcurrentHashMap')}
  0x0000153714e06d88: ffff 49ba | 5096 4000 | 0800 0000 | 4c89 5424 | 0848 c704 | 24a4 0100 

  0x0000153714e06da0: ;   {runtime_call counter_overflow Runtime1 stub}
  0x0000153714e06da0: 00e8 5a57 

  0x0000153714e06da4: ; ImmutableOopMap {rcx=Oop rax=Oop [104]=Oop [112]=Oop [120]=Oop }
                      ;*goto {reexecute=1 rethrow=0 return_oop=0}
                      ; - (reexecute) java.util.concurrent.ConcurrentHashMap::putVal@420 (line 1074)
  0x0000153714e06da4: 6507 e9f5 

  0x0000153714e06da8: ;   {internal_word}
  0x0000153714e06da8: f9ff ff49 | bab5 68e0 | 1437 1500 | 004d 8997 | 9003 0000 

  0x0000153714e06dbc: ;   {runtime_call SafepointBlob}
  0x0000153714e06dbc: e9bf b459 

  0x0000153714e06dc0: ;   {internal_word}
  0x0000153714e06dc0: 0749 bace | 68e0 1437 | 1500 004d | 8997 9003 

  0x0000153714e06dd0: ;   {runtime_call SafepointBlob}
  0x0000153714e06dd0: 0000 e9a9 

  0x0000153714e06dd4: ;   {internal_word}
  0x0000153714e06dd4: b459 0749 | ba36 69e0 | 1437 1500 | 004d 8997 | 9003 0000 

  0x0000153714e06de8: ;   {runtime_call SafepointBlob}
  0x0000153714e06de8: e993 b459 

  0x0000153714e06dec: ;   {metadata(NULL)}
  0x0000153714e06dec: 0748 ba00 | 0000 0000 | 0000 00b8 | 000f 050a 

  0x0000153714e06dfc: ;   {runtime_call load_klass_patching Runtime1 stub}
  0x0000153714e06dfc: e87f 4365 

  0x0000153714e06e00: ; ImmutableOopMap {[152]=Oop [216]=Oop }
                      ;*new {reexecute=1 rethrow=0 return_oop=0}
                      ; - (reexecute) java.util.concurrent.ConcurrentHashMap::putVal@368 (line 1063)
  0x0000153714e06e00: 07e9 42fb | ffff 488b 

  0x0000153714e06e08: ;   {runtime_call new_instance Runtime1 stub}
  0x0000153714e06e08: d2e8 f204 

  0x0000153714e06e0c: ; ImmutableOopMap {[152]=Oop [216]=Oop }
                      ;*new {reexecute=0 rethrow=0 return_oop=0}
                      ; - java.util.concurrent.ConcurrentHashMap::putVal@368 (line 1063)
  0x0000153714e06e0c: 6507 e944 

  0x0000153714e06e10: ;   {metadata(NULL)}
  0x0000153714e06e10: fbff ff48 | ba00 0000 | 0000 0000 | 00b8 000f 

  0x0000153714e06e20: ;   {runtime_call load_klass_patching Runtime1 stub}
  0x0000153714e06e20: 050a e859 

  0x0000153714e06e24: ; ImmutableOopMap {}
                      ;*new {reexecute=1 rethrow=0 return_oop=0}
                      ; - (reexecute) java.util.concurrent.ConcurrentHashMap::putVal@8 (line 1011)
  0x0000153714e06e24: 4365 07e9 | 7cfb ffff 

  0x0000153714e06e2c: ;   {runtime_call fast_new_instance Runtime1 stub}
  0x0000153714e06e2c: 488b d2e8 

  0x0000153714e06e30: ; ImmutableOopMap {}
                      ;*new {reexecute=0 rethrow=0 return_oop=0}
                      ; - java.util.concurrent.ConcurrentHashMap::putVal@8 (line 1011)
  0x0000153714e06e30: cc07 6507 | e9cb fbff | ff48 8d84 | 24d0 0000 | 0048 8904 

  0x0000153714e06e44: ;   {runtime_call monitorexit_nofpu Runtime1 stub}
  0x0000153714e06e44: 24e8 3639 | 6507 e932 | fcff ff49 | 8b87 2804 | 0000 49c7 | 8728 0400 | 0000 0000 | 0049 c787 
  0x0000153714e06e64: 3004 0000 | 0000 0000 | 4881 c4f0 | 0000 005d 

  0x0000153714e06e74: ;   {runtime_call unwind_exception Runtime1 stub}
  0x0000153714e06e74: e907 e264 | 07f4 f4f4 | f4f4 f4f4 
[Stub Code]
  0x0000153714e06e80: ;   {no_reloc}
  0x0000153714e06e80: 0f1f 4400 

  0x0000153714e06e84: ;   {static_stub}
  0x0000153714e06e84: 0048 bb00 | 0000 0000 

  0x0000153714e06e8c: ;   {runtime_call}
  0x0000153714e06e8c: 0000 00e9 | fbff ffff 

  0x0000153714e06e94: ;   {static_stub}
  0x0000153714e06e94: 9048 bb00 | 0000 0000 

  0x0000153714e06e9c: ;   {runtime_call}
  0x0000153714e06e9c: 0000 00e9 | fbff ffff 

  0x0000153714e06ea4: ;   {static_stub}
  0x0000153714e06ea4: 9048 bb00 | 0000 0000 

  0x0000153714e06eac: ;   {runtime_call}
  0x0000153714e06eac: 0000 00e9 | fbff ffff 

  0x0000153714e06eb4: ;   {static_stub}
  0x0000153714e06eb4: 9048 bb00 | 0000 0000 

  0x0000153714e06ebc: ;   {runtime_call}
  0x0000153714e06ebc: 0000 00e9 | fbff ffff 

  0x0000153714e06ec4: ;   {static_stub}
  0x0000153714e06ec4: 9048 bb00 | 0000 0000 

  0x0000153714e06ecc: ;   {runtime_call}
  0x0000153714e06ecc: 0000 00e9 | fbff ffff 
[Exception Handler]
  0x0000153714e06ed4: ;   {runtime_call handle_exception_from_callee Runtime1 stub}
  0x0000153714e06ed4: e8a7 2065 

  0x0000153714e06ed8: ;   {external_word}
  0x0000153714e06ed8: 0748 bf90 | d29f 3437 | 1500 0048 

  0x0000153714e06ee4: ;   {runtime_call MacroAssembler::debug64(char*, long, long*)}
  0x0000153714e06ee4: 83e4 f0e8 | a477 801f 

  0x0000153714e06eec: ;   {section_word}
  0x0000153714e06eec: f449 baed | 6ee0 1437 | 1500 0041 

  0x0000153714e06ef8: ;   {runtime_call DeoptimizationBlob}
  0x0000153714e06ef8: 52e9 22a6 

  0x0000153714e06efc: ;   {static_stub}
  0x0000153714e06efc: 5907 48bb | 0000 0000 | 0000 0000 

  0x0000153714e06f08: ;   {runtime_call}
  0x0000153714e06f08: e9fb ffff 

  0x0000153714e06f0c: ;   {static_stub}
  0x0000153714e06f0c: ff48 bb00 | 0000 0000 

  0x0000153714e06f14: ;   {runtime_call}
  0x0000153714e06f14: 0000 00e9 | fbff ffff 

  0x0000153714e06f1c: ;   {static_stub}
  0x0000153714e06f1c: 48bb 0000 | 0000 0000 

  0x0000153714e06f24: ;   {runtime_call}
  0x0000153714e06f24: 0000 e9fb 

  0x0000153714e06f28: ;   {static_stub}
  0x0000153714e06f28: ffff ff48 | bb00 0000 | 0000 0000 

  0x0000153714e06f34: ;   {runtime_call}
  0x0000153714e06f34: 00e9 fbff 

  0x0000153714e06f38: ;   {static_stub}
  0x0000153714e06f38: ffff 48bb | 0000 0000 | 0000 0000 

  0x0000153714e06f44: ;   {runtime_call}
  0x0000153714e06f44: e9fb ffff 

  0x0000153714e06f48: ;   {static_stub}
  0x0000153714e06f48: ff48 bbf8 | 9540 0008 

  0x0000153714e06f50: ;   {runtime_call I2C/C2I adapters}
  0x0000153714e06f50: 0000 00e9 | 7b90 5907 

  0x0000153714e06f58: ;   {static_stub}
  0x0000153714e06f58: 48bb 0000 | 0000 0000 

  0x0000153714e06f60: ;   {runtime_call}
  0x0000153714e06f60: 0000 e9fb | ffff fff4 
[/MachCode]


Compiled method (c1)     709  523       3       java.lang.ClassLoader::getClassLoadingLock (35 bytes)
 total in heap  [0x0000153714ec8390,0x0000153714ec8968] = 1496
 relocation     [0x0000153714ec84d8,0x0000153714ec8530] = 88
 main code      [0x0000153714ec8540,0x0000153714ec87f8] = 696
 stub code      [0x0000153714ec87f8,0x0000153714ec8838] = 64
 metadata       [0x0000153714ec8838,0x0000153714ec8858] = 32
 scopes data    [0x0000153714ec8858,0x0000153714ec88d0] = 120
 scopes pcs     [0x0000153714ec88d0,0x0000153714ec8950] = 128
 dependencies   [0x0000153714ec8950,0x0000153714ec8958] = 8
 nul chk table  [0x0000153714ec8958,0x0000153714ec8968] = 16

[Constant Pool (empty)]

[MachCode]
[Entry Point]
  # {method} {0x0000000800014fa8} 'getClassLoadingLock' '(Ljava/lang/String;)Ljava/lang/Object;' in 'java/lang/ClassLoader'
  # this:     rsi:rsi   = 'java/lang/ClassLoader'
  # parm0:    rdx:rdx   = 'java/lang/String'
  #           [sp+0x70]  (sp of caller)
  0x0000153714ec8540: 448b 5608 | 49bb 0000 | 0000 0800 | 0000 4d03 | d34c 3bd0 

  0x0000153714ec8554: ;   {runtime_call ic_miss_stub}
  0x0000153714ec8554: 0f85 a62d | 4d07 660f | 1f44 0000 
[Verified Entry Point]
  0x0000153714ec8560: 8984 2400 | c0fe ff55 | 4883 ec60 | 4181 7f20 | 0100 0000 

  0x0000153714ec8574: ;   {runtime_call StubRoutines (2)}
  0x0000153714ec8574: 7405 e885 | 894b 074c | 8bc6 488b 

  0x0000153714ec8580: ;   {metadata(method data for {method} {0x0000000800014fa8} 'getClassLoadingLock' '(Ljava/lang/String;)Ljava/lang/Object;' in 'java/lang/ClassLoader')}
  0x0000153714ec8580: da48 ba08 | cf25 cc36 | 1500 008b | b2f4 0000 | 0083 c602 | 89b2 f400 | 0000 81e6 | fe07 0000 
  0x0000153714ec85a0: 83fe 000f | 849b 0100 | 0045 8b48 | 2849 c1e1 | 0349 83f9 

  0x0000153714ec85b4: ;   {metadata(method data for {method} {0x0000000800014fa8} 'getClassLoadingLock' '(Ljava/lang/String;)Ljava/lang/Object;' in 'java/lang/ClassLoader')}
  0x0000153714ec85b4: 0048 ba08 | cf25 cc36 | 1500 0048 | be38 0100 | 0000 0000 | 000f 840a | 0000 0048 | be48 0100 
  0x0000153714ec85d4: 0000 0000 | 0048 8b3c | 3248 8d7f | 0148 893c | 320f 8443 

  0x0000153714ec85e8: ;   {metadata('java/lang/Object')}
  0x0000153714ec85e8: 0100 0048 | ba70 0e00 | 0008 0000 | 0049 8b87 | f800 0000 | 488d 7810 | 493b bf08 | 0100 000f 
  0x0000153714ec8608: 8758 0100 | 0049 89bf | f800 0000 | 48c7 0001 | 0000 0048 | 8bca 49ba | 0000 0000 | 0800 0000 
  0x0000153714ec8628: 492b ca89 | 4808 4833 | c989 480c | 4833 c948 

  0x0000153714ec8638: ;   {metadata(method data for {method} {0x0000000800014fa8} 'getClassLoadingLock' '(Ljava/lang/String;)Ljava/lang/Object;' in 'java/lang/ClassLoader')}
  0x0000153714ec8638: 8bd0 48b9 | 08cf 25cc | 3615 0000 | 4883 8158 | 0100 0001 

  0x0000153714ec864c: ;   {metadata(method data for {method} {0x00000008004745c8} '<init>' '()V' in 'java/lang/Object')}
  0x0000153714ec864c: 48ba 409e | 00cc 3615 | 0000 8b8a | f400 0000 | 83c1 0289 | 8af4 0000 | 0081 e1fe | ff1f 0083 
  0x0000153714ec866c: f900 0f84 | fe00 0000 

  0x0000153714ec8674: ; implicit exception: dispatches to 0x0000153714ec8793
  0x0000153714ec8674: 493b 0149 

  0x0000153714ec8678: ;   {metadata(method data for {method} {0x0000000800014fa8} 'getClassLoadingLock' '(Ljava/lang/String;)Ljava/lang/Object;' in 'java/lang/ClassLoader')}
  0x0000153714ec8678: 8bd1 48b9 | 08cf 25cc | 3615 0000 | 4883 8180 | 0100 0001 

  0x0000153714ec868c: ;   {metadata(method data for {method} {0x0000000800066a20} 'putIfAbsent' '(Ljava/lang/Object;Ljava/lang/Object;)Ljava/lang/Object;' in 'java/util/concurrent/ConcurrentHashMap')}
  0x0000153714ec868c: 48ba c8f6 | 00cc 3615 | 0000 8b8a | f400 0000 | 83c1 0289 | 8af4 0000 | 0081 e1fe | ff1f 0083 
  0x0000153714ec86ac: f900 0f84 | e400 0000 

  0x0000153714ec86b4: ;   {metadata(method data for {method} {0x0000000800066a20} 'putIfAbsent' '(Ljava/lang/Object;Ljava/lang/Object;)Ljava/lang/Object;' in 'java/util/concurrent/ConcurrentHashMap')}
  0x0000153714ec86b4: 498b d148 | b9c8 f600 | cc36 1500 | 0048 8381 | 3801 0000 | 0148 8bd3 | 488b c841 | b801 0000 
  0x0000153714ec86d4: 0049 8bf1 | 4889 4424 

  0x0000153714ec86dc: ;   {optimized virtual_call}
  0x0000153714ec86dc: 4866 90e8 

  0x0000153714ec86e0: ; ImmutableOopMap {[72]=Oop }
                      ;*invokevirtual putVal {reexecute=0 rethrow=0 return_oop=0}
                      ; - java.util.concurrent.ConcurrentHashMap::putIfAbsent@4 (line 1541)
                      ; - java.lang.ClassLoader::getClassLoadingLock@23 (line 667)
  0x0000153714ec86e0: 1ccd f3ff | 4883 f800 

  0x0000153714ec86e8: ;   {metadata(method data for {method} {0x0000000800014fa8} 'getClassLoadingLock' '(Ljava/lang/String;)Ljava/lang/Object;' in 'java/lang/ClassLoader')}
  0x0000153714ec86e8: 48be 08cf | 25cc 3615 | 0000 48bf | b001 0000 | 0000 0000 | 0f84 0a00 | 0000 48bf | a001 0000 
  0x0000153714ec8708: 0000 0000 | 488b 1c3e | 488d 5b01 | 4889 1c3e | 0f84 0800 | 0000 4c8b | c0e9 0800 | 0000 488b 
  0x0000153714ec8728: 4424 484c | 8bc0 498b | c048 83c4 

  0x0000153714ec8734: ;   {poll_return}
  0x0000153714ec8734: 605d 493b | a778 0300 | 000f 8776 | 0000 00c3 

  0x0000153714ec8744: ;   {metadata({method} {0x0000000800014fa8} 'getClassLoadingLock' '(Ljava/lang/String;)Ljava/lang/Object;' in 'java/lang/ClassLoader')}
  0x0000153714ec8744: 49ba a84f | 0100 0800 | 0000 4c89 | 5424 0848 | c704 24ff 

  0x0000153714ec8758: ;   {runtime_call counter_overflow Runtime1 stub}
  0x0000153714ec8758: ffff ffe8 

  0x0000153714ec875c: ; ImmutableOopMap {r8=Oop rbx=Oop }
                      ;*synchronization entry
                      ; - java.lang.ClassLoader::getClassLoadingLock@-1 (line 664)
  0x0000153714ec875c: a03d 5907 | e944 feff | ff48 8bd2 

  0x0000153714ec8768: ;   {runtime_call fast_new_instance Runtime1 stub}
  0x0000153714ec8768: e893 ee58 

  0x0000153714ec876c: ; ImmutableOopMap {r8=Oop rbx=Oop r9=Oop }
                      ;*new {reexecute=0 rethrow=0 return_oop=0}
                      ; - java.lang.ClassLoader::getClassLoadingLock@9 (line 666)
  0x0000153714ec876c: 07e9 c5fe 

  0x0000153714ec8770: ;   {metadata({method} {0x00000008004745c8} '<init>' '()V' in 'java/lang/Object')}
  0x0000153714ec8770: ffff 49ba | c845 4700 | 0800 0000 | 4c89 5424 | 0848 c704 | 24ff ffff 

  0x0000153714ec8788: ;   {runtime_call counter_overflow Runtime1 stub}
  0x0000153714ec8788: ffe8 723d 

  0x0000153714ec878c: ; ImmutableOopMap {r8=Oop rbx=Oop r9=Oop rax=Oop }
                      ;*synchronization entry
                      ; - java.lang.Object::<init>@-1 (line 45)
                      ; - java.lang.ClassLoader::getClassLoadingLock@13 (line 666)
  0x0000153714ec878c: 5907 e9e1 

  0x0000153714ec8790: ;   {runtime_call throw_null_pointer_exception Runtime1 stub}
  0x0000153714ec8790: feff ffe8 

  0x0000153714ec8794: ; ImmutableOopMap {rbx=Oop r9=Oop rax=Oop }
                      ;*invokevirtual putIfAbsent {reexecute=0 rethrow=0 return_oop=0}
                      ; - java.lang.ClassLoader::getClassLoadingLock@23 (line 667)
  0x0000153714ec8794: 68dc 5807 

  0x0000153714ec8798: ;   {metadata({method} {0x0000000800066a20} 'putIfAbsent' '(Ljava/lang/Object;Ljava/lang/Object;)Ljava/lang/Object;' in 'java/util/concurrent/ConcurrentHashMap')}
  0x0000153714ec8798: 49ba 206a | 0600 0800 | 0000 4c89 | 5424 0848 | c704 24ff 

  0x0000153714ec87ac: ;   {runtime_call counter_overflow Runtime1 stub}
  0x0000153714ec87ac: ffff ffe8 

  0x0000153714ec87b0: ; ImmutableOopMap {rbx=Oop r9=Oop rax=Oop }
                      ;*synchronization entry
                      ; - java.util.concurrent.ConcurrentHashMap::putIfAbsent@-1 (line 1541)
                      ; - java.lang.ClassLoader::getClassLoadingLock@23 (line 667)
  0x0000153714ec87b0: 4c3d 5907 | e9fb feff 

  0x0000153714ec87b8: ;   {internal_word}
  0x0000153714ec87b8: ff49 ba36 | 87ec 1437 | 1500 004d | 8997 9003 

  0x0000153714ec87c8: ;   {runtime_call SafepointBlob}
  0x0000153714ec87c8: 0000 e9b1 | 9a4d 0749 | 8b87 2804 | 0000 49c7 | 8728 0400 | 0000 0000 | 0049 c787 | 3004 0000 
  0x0000153714ec87e8: 0000 0000 | 4883 c460 

  0x0000153714ec87f0: ;   {runtime_call unwind_exception Runtime1 stub}
  0x0000153714ec87f0: 5de9 8ac8 | 5807 f4f4 
[Exception Handler]
  0x0000153714ec87f8: ;   {no_reloc}
  0x0000153714ec87f8: e883 0759 

  0x0000153714ec87fc: ;   {external_word}
  0x0000153714ec87fc: 0748 bf90 | d29f 3437 | 1500 0048 

  0x0000153714ec8808: ;   {runtime_call MacroAssembler::debug64(char*, long, long*)}
  0x0000153714ec8808: 83e4 f0e8 | 805e 741f 

  0x0000153714ec8810: ;   {section_word}
  0x0000153714ec8810: f449 ba11 | 88ec 1437 | 1500 0041 

  0x0000153714ec881c: ;   {runtime_call DeoptimizationBlob}
  0x0000153714ec881c: 52e9 fe8c 

  0x0000153714ec8820: ;   {static_stub}
  0x0000153714ec8820: 4d07 48bb | 0000 0000 | 0000 0000 

  0x0000153714ec882c: ;   {runtime_call}
  0x0000153714ec882c: e9fb ffff | fff4 f4f4 | f4f4 f4f4 
[/MachCode]


Compiled method (c1)     713  522   !   3       jdk.internal.loader.BuiltinClassLoader::loadClassOrNull (143 bytes)
 total in heap  [0x0000153714ec6b90,0x0000153714ec8378] = 6120
 relocation     [0x0000153714ec6cd8,0x0000153714ec6e30] = 344
 main code      [0x0000153714ec6e40,0x0000153714ec7cd0] = 3728
 stub code      [0x0000153714ec7cd0,0x0000153714ec7d88] = 184
 metadata       [0x0000153714ec7d88,0x0000153714ec7de8] = 96
 scopes data    [0x0000153714ec7de8,0x0000153714ec8010] = 552
 scopes pcs     [0x0000153714ec8010,0x0000153714ec81f0] = 480
 dependencies   [0x0000153714ec81f0,0x0000153714ec8200] = 16
 handler table  [0x0000153714ec8200,0x0000153714ec8350] = 336
 nul chk table  [0x0000153714ec8350,0x0000153714ec8378] = 40

[Constant Pool (empty)]

[MachCode]
[Entry Point]
  # {method} {0x000000080006a4f8} 'loadClassOrNull' '(Ljava/lang/String;Z)Ljava/lang/Class;' in 'jdk/internal/loader/BuiltinClassLoader'
  # this:     rsi:rsi   = 'jdk/internal/loader/BuiltinClassLoader'
  # parm0:    rdx:rdx   = 'java/lang/String'
  # parm1:    rcx       = boolean
  #           [sp+0xd0]  (sp of caller)
  0x0000153714ec6e40: 448b 5608 | 49bb 0000 | 0000 0800 | 0000 4d03 | d34c 3bd0 

  0x0000153714ec6e54: ;   {runtime_call ic_miss_stub}
  0x0000153714ec6e54: 0f85 a644 | 4d07 660f | 1f44 0000 
[Verified Entry Point]
  0x0000153714ec6e60: 8984 2400 | c0fe ff55 | 4881 ecc0 | 0000 0090 | 4181 7f20 | 0100 0000 

  0x0000153714ec6e78: ;   {runtime_call StubRoutines (2)}
  0x0000153714ec6e78: 7405 e881 | a04b 0748 | 8974 2468 

  0x0000153714ec6e84: ;   {metadata(method data for {method} {0x000000080006a4f8} 'loadClassOrNull' '(Ljava/lang/String;Z)Ljava/lang/Class;' in 'jdk/internal/loader/BuiltinClassLoader')}
  0x0000153714ec6e84: 48bf c0c9 | 25cc 3615 | 0000 8b9f | f400 0000 | 83c3 0289 | 9ff4 0000 | 0081 e3fe | 0700 0083 
  0x0000153714ec6ea4: fb00 0f84 | 000c 0000 | 894c 2478 

  0x0000153714ec6eb0: ;   {metadata(method data for {method} {0x000000080006a4f8} 'loadClassOrNull' '(Ljava/lang/String;Z)Ljava/lang/Class;' in 'jdk/internal/loader/BuiltinClassLoader')}
  0x0000153714ec6eb0: 488b fe48 | bbc0 c925 | cc36 1500 | 008b 7f08 | 49ba 0000 | 0000 0800 | 0000 4903 | fa48 3bbb 
  0x0000153714ec6ed0: 4801 0000 | 750d 4883 | 8350 0100 | 0001 e960 | 0000 0048 | 3bbb 5801 | 0000 750d | 4883 8360 
  0x0000153714ec6ef0: 0100 0001 | e94a 0000 | 0048 83bb | 4801 0000 | 0075 1748 | 89bb 4801 | 0000 48c7 | 8350 0100 
  0x0000153714ec6f10: 0001 0000 | 00e9 2900 | 0000 4883 | bb58 0100 | 0000 7517 | 4889 bb58 | 0100 0048 | c783 6001 
  0x0000153714ec6f30: 0000 0100 | 0000 e908 | 0000 0048 | 8383 3801 | 0000 0148 | 8bfa 488b | d748 8bde | 488b f348 
  0x0000153714ec6f50: 897c 2470 

  0x0000153714ec6f54: ;   {optimized virtual_call}
  0x0000153714ec6f54: 6666 90e8 

  0x0000153714ec6f58: ; ImmutableOopMap {[104]=Oop [112]=Oop }
                      ;*invokevirtual getClassLoadingLock {reexecute=0 rethrow=0 return_oop=0}
                      ; - jdk.internal.loader.BuiltinClassLoader::loadClassOrNull@2 (line 651)
  0x0000153714ec6f58: 0416 0000 | 4889 8424 | 8000 0000 | 488d b424 | a000 0000 | 488b f848 | 897e 0848 | 8b07 4883 
  0x0000153714ec6f78: c801 4889 | 06f0 480f | b137 0f84 | 1200 0000 | 482b c448 | 2507 f0ff | ff48 8906 | 0f85 380b 
  0x0000153714ec6f98: 0000 49ff | 8778 0400 | 0048 8b74 

  0x0000153714ec6fa4: ;   {metadata(method data for {method} {0x000000080006a4f8} 'loadClassOrNull' '(Ljava/lang/String;Z)Ljava/lang/Class;' in 'jdk/internal/loader/BuiltinClassLoader')}
  0x0000153714ec6fa4: 2468 48bf | c0c9 25cc | 3615 0000 | 4883 8770 | 0100 0001 

  0x0000153714ec6fb8: ;   {metadata(method data for {method} {0x0000000800435cd0} 'findLoadedClass' '(Ljava/lang/String;)Ljava/lang/Class;' in 'java/lang/ClassLoader')}
  0x0000153714ec6fb8: 48be 10d1 | 25cc 3615 | 0000 8bbe | f400 0000 | 83c7 0289 | bef4 0000 | 0081 e7fe | ff1f 0083 
  0x0000153714ec6fd8: ff00 0f84 | 050b 0000 

  0x0000153714ec6fe0: ;   {metadata(method data for {method} {0x0000000800435cd0} 'findLoadedClass' '(Ljava/lang/String;)Ljava/lang/Class;' in 'java/lang/ClassLoader')}
  0x0000153714ec6fe0: 48be 10d1 | 25cc 3615 | 0000 4883 | 8638 0100 | 0001 488b 

  0x0000153714ec6ff4: ;   {static_call}
  0x0000153714ec6ff4: 7424 70e8 

  0x0000153714ec6ff8: ; ImmutableOopMap {[104]=Oop [112]=Oop [128]=Oop [168]=Oop }
                      ;*invokestatic checkName {reexecute=0 rethrow=0 return_oop=0}
                      ; - java.lang.ClassLoader::findLoadedClass@1 (line 1284)
                      ; - jdk.internal.loader.BuiltinClassLoader::loadClassOrNull@10 (line 653)
  0x0000153714ec6ff8: c418 ffff 

  0x0000153714ec6ffc: ;   {metadata(method data for {method} {0x0000000800435cd0} 'findLoadedClass' '(Ljava/lang/String;)Ljava/lang/Class;' in 'java/lang/ClassLoader')}
  0x0000153714ec6ffc: 83f8 0048 | ba10 d125 | cc36 1500 | 0048 be48 | 0100 0000 | 0000 000f | 850a 0000 | 0048 be58 
  0x0000153714ec701c: 0100 0000 | 0000 0048 | 8b3c 3248 | 8d7f 0148 | 893c 320f | 850f 0000 

  0x0000153714ec7034: ;   {oop(NULL)}
  0x0000153714ec7034: 0048 bf00 | 0000 0000 | 0000 00e9 | 2b00 0000 | 488b 7424 

  0x0000153714ec7048: ;   {metadata(method data for {method} {0x0000000800435cd0} 'findLoadedClass' '(Ljava/lang/String;)Ljava/lang/Class;' in 'java/lang/ClassLoader')}
  0x0000153714ec7048: 6848 ba10 | d125 cc36 | 1500 0048 | 8382 6801 | 0000 0148 | 8b54 2470 | 488b 7424 

  0x0000153714ec7064: ;   {optimized virtual_call}
  0x0000153714ec7064: 6866 90e8 

  0x0000153714ec7068: ; ImmutableOopMap {[104]=Oop [112]=Oop [128]=Oop [168]=Oop }
                      ;*invokevirtual findLoadedClass0 {reexecute=0 rethrow=0 return_oop=0}
                      ; - java.lang.ClassLoader::findLoadedClass@11 (line 1286)
                      ; - jdk.internal.loader.BuiltinClassLoader::loadClassOrNull@10 (line 653)
  0x0000153714ec7068: d10c 0000 | 488b f848 

  0x0000153714ec7070: ;   {metadata(method data for {method} {0x000000080006a4f8} 'loadClassOrNull' '(Ljava/lang/String;Z)Ljava/lang/Class;' in 'jdk/internal/loader/BuiltinClassLoader')}
  0x0000153714ec7070: 83ff 0048 | bac0 c925 | cc36 1500 | 0048 bea8 | 0100 0000 | 0000 000f | 850a 0000 | 0048 beb8 
  0x0000153714ec7090: 0100 0000 | 0000 0048 | 8b1c 3248 | 8d5b 0148 | 891c 320f | 85d6 0700 | 0048 89bc | 2488 0000 
  0x0000153714ec70b0: 0048 8b74 

  0x0000153714ec70b4: ;   {metadata(method data for {method} {0x000000080006a4f8} 'loadClassOrNull' '(Ljava/lang/String;Z)Ljava/lang/Class;' in 'jdk/internal/loader/BuiltinClassLoader')}
  0x0000153714ec70b4: 2468 48ba | c0c9 25cc | 3615 0000 | 4883 82c8 | 0100 0001 | 488b 5424 | 7048 8b74 | 2468 0f1f 
  0x0000153714ec70d4: ;   {optimized virtual_call}
  0x0000153714ec70d4: 4400 00e8 

  0x0000153714ec70d8: ; ImmutableOopMap {[104]=Oop [112]=Oop [128]=Oop [136]=Oop [168]=Oop }
                      ;*invokevirtual findLoadedModule {reexecute=0 rethrow=0 return_oop=0}
                      ; - jdk.internal.loader.BuiltinClassLoader::loadClassOrNull@22 (line 658)
  0x0000153714ec70d8: 700c 0000 | 4883 f800 

  0x0000153714ec70e0: ;   {metadata(method data for {method} {0x000000080006a4f8} 'loadClassOrNull' '(Ljava/lang/String;Z)Ljava/lang/Class;' in 'jdk/internal/loader/BuiltinClassLoader')}
  0x0000153714ec70e0: 48ba c0c9 | 25cc 3615 | 0000 48b9 | 0002 0000 | 0000 0000 | 0f84 0a00 | 0000 48b9 | 1002 0000 
  0x0000153714ec7100: 0000 0000 | 488b 340a | 488d 7601 | 4889 340a | 488b 7424 | 680f 8481 | 0300 0048 | 3b00 488b 
  0x0000153714ec7120: ;   {metadata(method data for {method} {0x000000080006a4f8} 'loadClassOrNull' '(Ljava/lang/String;Z)Ljava/lang/Class;' in 'jdk/internal/loader/BuiltinClassLoader')}
  0x0000153714ec7120: d048 b9c0 | c925 cc36 

  0x0000153714ec7128: ;   {metadata('jdk/internal/loader/BuiltinClassLoader$LoadedModule')}
  0x0000153714ec7128: 1500 0049 | baa0 d217 | 0008 0000 | 004c 8991 | 3002 0000 | 4883 8138 | 0200 0001 | 8b78 0c48 
  0x0000153714ec7148: c1e7 0348 

  0x0000153714ec714c: ;   {metadata(method data for {method} {0x000000080006a4f8} 'loadClassOrNull' '(Ljava/lang/String;Z)Ljava/lang/Class;' in 'jdk/internal/loader/BuiltinClassLoader')}
  0x0000153714ec714c: 3bfe 48ba | c0c9 25cc | 3615 0000 | 48b9 5802 | 0000 0000 | 0000 0f85 | 0a00 0000 | 48b9 6802 
  0x0000153714ec716c: 0000 0000 | 0000 488b | 1c0a 488d | 5b01 4889 | 1c0a 0f85 | 1002 0000 

  0x0000153714ec7184: ;   {metadata(method data for {method} {0x000000080006a4f8} 'loadClassOrNull' '(Ljava/lang/String;Z)Ljava/lang/Class;' in 'jdk/internal/loader/BuiltinClassLoader')}
  0x0000153714ec7184: 48ba c0c9 | 25cc 3615 | 0000 4883 | 8278 0200 

  0x0000153714ec7194: ;   {metadata(method data for {method} {0x000000080044f5c8} 'isModuleSystemInited' '()Z' in 'jdk/internal/misc/VM')}
  0x0000153714ec7194: 0001 48ba | 20d7 25cc | 3615 0000 | 8b8a f400 | 0000 83c1 | 0289 8af4 | 0000 0081 | e1fe ff1f 
  0x0000153714ec71b4: 0083 f900 | 0f84 4d09 

  0x0000153714ec71bc: ;   {oop(a 'java/lang/Class'{0x00000007fef0c0e8} = 'jdk/internal/misc/VM')}
  0x0000153714ec71bc: 0000 48ba | e8c0 f0fe | 0700 0000 | 8b92 9400 | 0000 83fa 

  0x0000153714ec71d0: ;   {metadata(method data for {method} {0x000000080044f5c8} 'isModuleSystemInited' '()Z' in 'jdk/internal/misc/VM')}
  0x0000153714ec71d0: 0248 ba20 | d725 cc36 | 1500 0048 | b938 0100 | 0000 0000 | 000f 8c0a | 0000 0048 | b948 0100 
  0x0000153714ec71f0: 0000 0000 | 0048 8b3c | 0a48 8d7f | 0148 893c | 0a0f 8c1a 

  0x0000153714ec7204: ;   {metadata(method data for {method} {0x000000080044f5c8} 'isModuleSystemInited' '()Z' in 'jdk/internal/misc/VM')}
  0x0000153714ec7204: 0000 0048 | ba20 d725 | cc36 1500 | 00ff 8258 | 0100 00ba | 0100 0000 | e905 0000 | 00ba 0000 
  0x0000153714ec7224: 0000 83e2 | 0183 fa00 

  0x0000153714ec722c: ;   {metadata(method data for {method} {0x000000080006a4f8} 'loadClassOrNull' '(Ljava/lang/String;Z)Ljava/lang/Class;' in 'jdk/internal/loader/BuiltinClassLoader')}
  0x0000153714ec722c: 48ba c0c9 | 25cc 3615 | 0000 48b9 | 9802 0000 | 0000 0000 | 0f85 0a00 | 0000 48b9 | 8802 0000 
  0x0000153714ec724c: 0000 0000 | 488b 3c0a | 488d 7f01 | 4889 3c0a | 0f85 0d00 | 0000 488b | bc24 8800 | 0000 e918 
  0x0000153714ec726c: 0200 0048 

  0x0000153714ec7270: ;   {metadata(method data for {method} {0x000000080006a4f8} 'loadClassOrNull' '(Ljava/lang/String;Z)Ljava/lang/Class;' in 'jdk/internal/loader/BuiltinClassLoader')}
  0x0000153714ec7270: 8bd6 48b9 | c0c9 25cc | 3615 0000 | 4883 81a8 | 0200 0001 

  0x0000153714ec7284: ;   {metadata(method data for {method} {0x000000080006ac30} 'findClassInModuleOrNull' '(Ljdk/internal/loader/BuiltinClassLoader$LoadedModule;Ljava/lang/String;)Ljava/lang/Class;' in 'jdk/internal/loader/BuiltinClassLoader')}
  0x0000153714ec7284: 48ba e0df | 25cc 3615 | 0000 8b8a | f400 0000 | 83c1 0289 | 8af4 0000 | 0081 e1fe | ff1f 0083 
  0x0000153714ec72a4: f900 0f84 | 8008 0000 

  0x0000153714ec72ac: ;   {metadata(method data for {method} {0x000000080006ac30} 'findClassInModuleOrNull' '(Ljdk/internal/loader/BuiltinClassLoader$LoadedModule;Ljava/lang/String;)Ljava/lang/Class;' in 'jdk/internal/loader/BuiltinClassLoader')}
  0x0000153714ec72ac: 48ba e0df | 25cc 3615 | 0000 4883 | 8238 0100 

  0x0000153714ec72bc: ;   {metadata(method data for {method} {0x000000080001baa0} 'getSecurityManager' '()Ljava/lang/SecurityManager;' in 'java/lang/System')}
  0x0000153714ec72bc: 0001 48ba | 3823 03cc | 3615 0000 | 8b8a f400 | 0000 83c1 | 0289 8af4 | 0000 0081 | e1fe ff1f 
  0x0000153714ec72dc: 0083 f900 | 0f84 6708 

  0x0000153714ec72e4: ;   {metadata(method data for {method} {0x000000080001baa0} 'getSecurityManager' '()Ljava/lang/SecurityManager;' in 'java/lang/System')}
  0x0000153714ec72e4: 0000 48ba | 3823 03cc | 3615 0000 | 4883 8238 | 0100 0001 

  0x0000153714ec72f8: ;   {metadata(method data for {method} {0x000000080001bbb8} 'allowSecurityManager' '()Z' in 'java/lang/System')}
  0x0000153714ec72f8: 48ba d824 | 03cc 3615 | 0000 8b8a | f400 0000 | 83c1 0289 | 8af4 0000 | 0081 e1fe | ff1f 0083 
  0x0000153714ec7318: f900 0f84 | 4e08 0000 

  0x0000153714ec7320: ;   {metadata(method data for {method} {0x000000080001bbb8} 'allowSecurityManager' '()Z' in 'java/lang/System')}
  0x0000153714ec7320: 48ba d824 | 03cc 3615 | 0000 ff82 | 3801 0000 

  0x0000153714ec7330: ;   {metadata(method data for {method} {0x000000080001baa0} 'getSecurityManager' '()Ljava/lang/SecurityManager;' in 'java/lang/System')}
  0x0000153714ec7330: 48ba 3823 | 03cc 3615 | 0000 ff82 | 4801 0000 

  0x0000153714ec7340: ;   {metadata(method data for {method} {0x000000080006ac30} 'findClassInModuleOrNull' '(Ljdk/internal/loader/BuiltinClassLoader$LoadedModule;Ljava/lang/String;)Ljava/lang/Class;' in 'jdk/internal/loader/BuiltinClassLoader')}
  0x0000153714ec7340: 48ba e0df | 25cc 3615 | 0000 ff82 | 5801 0000 

  0x0000153714ec7350: ;   {metadata(method data for {method} {0x000000080006ac30} 'findClassInModuleOrNull' '(Ljdk/internal/loader/BuiltinClassLoader$LoadedModule;Ljava/lang/String;)Ljava/lang/Class;' in 'jdk/internal/loader/BuiltinClassLoader')}
  0x0000153714ec7350: 488b d648 | b9e0 df25 | cc36 1500 | 0048 8381 | 6801 0000 | 0148 8b54 | 2470 488b | c848 8bfe 
  0x0000153714ec7370: 488b f70f 

  0x0000153714ec7374: ;   {optimized virtual_call}
  0x0000153714ec7374: 1f40 00e8 

  0x0000153714ec7378: ; ImmutableOopMap {[104]=Oop [128]=Oop [168]=Oop }
                      ;*invokevirtual defineClass {reexecute=0 rethrow=0 return_oop=0}
                      ; - jdk.internal.loader.BuiltinClassLoader::findClassInModuleOrNull@9 (line 741)
                      ; - jdk.internal.loader.BuiltinClassLoader::loadClassOrNull@55 (line 665)
  0x0000153714ec7378: 8442 4d07 

  0x0000153714ec737c: ;   {metadata(method data for {method} {0x000000080006a4f8} 'loadClassOrNull' '(Ljava/lang/String;Z)Ljava/lang/Class;' in 'jdk/internal/loader/BuiltinClassLoader')}
  0x0000153714ec737c: 48ba c0c9 | 25cc 3615 | 0000 ff82 | e002 0000 | 488b f8e9 | f300 0000 

  0x0000153714ec7394: ; implicit exception: dispatches to 0x0000153714ec7b8f
  0x0000153714ec7394: 483b 0748 

  0x0000153714ec7398: ;   {metadata(method data for {method} {0x000000080006a4f8} 'loadClassOrNull' '(Ljava/lang/String;Z)Ljava/lang/Class;' in 'jdk/internal/loader/BuiltinClassLoader')}
  0x0000153714ec7398: 8bd7 48b9 | c0c9 25cc | 3615 0000 | 4883 81f8 | 0200 0001 

  0x0000153714ec73ac: ;   {metadata(method data for {method} {0x000000080006ace0} 'loadClassOrNull' '(Ljava/lang/String;)Ljava/lang/Class;' in 'jdk/internal/loader/BuiltinClassLoader')}
  0x0000153714ec73ac: 48ba 1863 | 26cc 3615 | 0000 8b8a | f400 0000 | 83c1 0289 | 8af4 0000 | 0081 e1fe | ff1f 0083 
  0x0000153714ec73cc: f900 0f84 | c007 0000 

  0x0000153714ec73d4: ;   {metadata(method data for {method} {0x000000080006ace0} 'loadClassOrNull' '(Ljava/lang/String;)Ljava/lang/Class;' in 'jdk/internal/loader/BuiltinClassLoader')}
  0x0000153714ec73d4: 488b d748 | b918 6326 | cc36 1500 | 008b 5208 | 49ba 0000 | 0000 0800 | 0000 4903 | d248 3b91 
  0x0000153714ec73f4: 4801 0000 | 750d 4883 | 8150 0100 | 0001 e960 | 0000 0048 | 3b91 5801 | 0000 750d | 4883 8160 
  0x0000153714ec7414: 0100 0001 | e94a 0000 | 0048 83b9 | 4801 0000 | 0075 1748 | 8991 4801 | 0000 48c7 | 8150 0100 
  0x0000153714ec7434: 0001 0000 | 00e9 2900 | 0000 4883 | b958 0100 | 0000 7517 | 4889 9158 | 0100 0048 | c781 6001 
  0x0000153714ec7454: 0000 0100 | 0000 e908 | 0000 0048 | 8381 3801 | 0000 0148 | 8b54 2470 | b900 0000 | 0048 8bf7 
  0x0000153714ec7474: 9048 b8ff | ffff ffff 

  0x0000153714ec747c: ;   {virtual_call}
  0x0000153714ec747c: ffff ffe8 

  0x0000153714ec7480: ; ImmutableOopMap {[104]=Oop [128]=Oop [168]=Oop }
                      ;*invokevirtual loadClassOrNull {reexecute=0 rethrow=0 return_oop=0}
                      ; - jdk.internal.loader.BuiltinClassLoader::loadClassOrNull@3 (line 700)
                      ; - jdk.internal.loader.BuiltinClassLoader::loadClassOrNull@66 (line 669)
  0x0000153714ec7480: 1c17 4d07 

  0x0000153714ec7484: ;   {metadata(method data for {method} {0x000000080006a4f8} 'loadClassOrNull' '(Ljava/lang/String;Z)Ljava/lang/Class;' in 'jdk/internal/loader/BuiltinClassLoader')}
  0x0000153714ec7484: 488b f848 | bac0 c925 | cc36 1500 | 00ff 8230 | 0300 00e9 | e303 0000 | 8b7e 5448 | c1e7 0348 
  0x0000153714ec74a4: ;   {metadata(method data for {method} {0x000000080006a4f8} 'loadClassOrNull' '(Ljava/lang/String;Z)Ljava/lang/Class;' in 'jdk/internal/loader/BuiltinClassLoader')}
  0x0000153714ec74a4: 83ff 0048 | bac0 c925 | cc36 1500 | 0048 b958 | 0300 0000 | 0000 000f | 850a 0000 | 0048 b948 
  0x0000153714ec74c4: 0300 0000 | 0000 0048 | 8b1c 0a48 | 8d5b 0148 | 891c 0a0f | 850d 0000 | 0048 8bbc | 2488 0000 
  0x0000153714ec74e4: 00e9 f500 | 0000 483b | 0748 8bd7 

  0x0000153714ec74f0: ;   {metadata(method data for {method} {0x000000080006a4f8} 'loadClassOrNull' '(Ljava/lang/String;Z)Ljava/lang/Class;' in 'jdk/internal/loader/BuiltinClassLoader')}
  0x0000153714ec74f0: 48b9 c0c9 | 25cc 3615 | 0000 4883 | 8168 0300 

  0x0000153714ec7500: ;   {metadata(method data for {method} {0x000000080006ace0} 'loadClassOrNull' '(Ljava/lang/String;)Ljava/lang/Class;' in 'jdk/internal/loader/BuiltinClassLoader')}
  0x0000153714ec7500: 0001 48ba | 1863 26cc | 3615 0000 | 8b8a f400 | 0000 83c1 | 0289 8af4 | 0000 0081 | e1fe ff1f 
  0x0000153714ec7520: 0083 f900 | 0f84 9006 | 0000 488b 

  0x0000153714ec752c: ;   {metadata(method data for {method} {0x000000080006ace0} 'loadClassOrNull' '(Ljava/lang/String;)Ljava/lang/Class;' in 'jdk/internal/loader/BuiltinClassLoader')}
  0x0000153714ec752c: d748 b918 | 6326 cc36 | 1500 008b | 5208 49ba | 0000 0000 | 0800 0000 | 4903 d248 | 3b91 4801 
  0x0000153714ec754c: 0000 750d | 4883 8150 | 0100 0001 | e960 0000 | 0048 3b91 | 5801 0000 | 750d 4883 | 8160 0100 
  0x0000153714ec756c: 0001 e94a | 0000 0048 | 83b9 4801 | 0000 0075 | 1748 8991 | 4801 0000 | 48c7 8150 | 0100 0001 
  0x0000153714ec758c: 0000 00e9 | 2900 0000 | 4883 b958 | 0100 0000 | 7517 4889 | 9158 0100 | 0048 c781 | 6001 0000 
  0x0000153714ec75ac: 0100 0000 | e908 0000 | 0048 8381 | 3801 0000 | 0148 8b54 | 2470 b900 | 0000 0048 | 8bf7 6666 
  0x0000153714ec75cc: 9048 b880 | b706 0008 

  0x0000153714ec75d4: ;   {virtual_call}
  0x0000153714ec75d4: 0000 00e8 

  0x0000153714ec75d8: ; ImmutableOopMap {[104]=Oop [112]=Oop [128]=Oop [168]=Oop }
                      ;*invokevirtual loadClassOrNull {reexecute=0 rethrow=0 return_oop=0}
                      ; - jdk.internal.loader.BuiltinClassLoader::loadClassOrNull@3 (line 700)
                      ; - jdk.internal.loader.BuiltinClassLoader::loadClassOrNull@86 (line 676)
  0x0000153714ec75d8: 0416 4d07 | 488b f848 

  0x0000153714ec75e0: ;   {metadata(method data for {method} {0x000000080006a4f8} 'loadClassOrNull' '(Ljava/lang/String;Z)Ljava/lang/Class;' in 'jdk/internal/loader/BuiltinClassLoader')}
  0x0000153714ec75e0: 83ff 0048 | bac0 c925 | cc36 1500 | 0048 bea0 | 0300 0000 | 0000 000f | 850a 0000 | 0048 beb0 
  0x0000153714ec7600: 0300 0000 | 0000 0048 | 8b1c 3248 | 8d5b 0148 | 891c 320f | 8566 0200 | 0048 8b74 | 2468 488b 
  0x0000153714ec7620: ;   {metadata(method data for {method} {0x000000080006a4f8} 'loadClassOrNull' '(Ljava/lang/String;Z)Ljava/lang/Class;' in 'jdk/internal/loader/BuiltinClassLoader')}
  0x0000153714ec7620: d648 bbc0 | c925 cc36 | 1500 008b | 5208 49ba | 0000 0000 | 0800 0000 | 4903 d248 | 3b93 d003 
  0x0000153714ec7640: 0000 750d | 4883 83d8 | 0300 0001 | e960 0000 | 0048 3b93 | e003 0000 | 750d 4883 | 83e8 0300 
  0x0000153714ec7660: 0001 e94a | 0000 0048 | 83bb d003 | 0000 0075 | 1748 8993 | d003 0000 | 48c7 83d8 | 0300 0001 
  0x0000153714ec7680: 0000 00e9 | 2900 0000 | 4883 bbe0 | 0300 0000 | 7517 4889 | 93e0 0300 | 0048 c783 | e803 0000 
  0x0000153714ec76a0: 0100 0000 | e908 0000 | 0048 8383 | c003 0000 

  0x0000153714ec76b0: ;   {metadata(method data for {method} {0x000000080006a4a0} 'hasClassPath' '()Z' in 'jdk/internal/loader/BuiltinClassLoader')}
  0x0000153714ec76b0: 0148 bad0 | 6426 cc36 | 1500 008b | 9af4 0000 | 0083 c302 | 899a f400 | 0000 81e3 | feff 1f00 
  0x0000153714ec76d0: 83fb 000f | 8402 0500 | 008b 5658 | 48c1 e203 | 4883 fa00 

  0x0000153714ec76e4: ;   {metadata(method data for {method} {0x000000080006a4a0} 'hasClassPath' '()Z' in 'jdk/internal/loader/BuiltinClassLoader')}
  0x0000153714ec76e4: 48ba d064 | 26cc 3615 | 0000 48bb | 3801 0000 | 0000 0000 | 0f84 0a00 | 0000 48bb | 4801 0000 
  0x0000153714ec7704: 0000 0000 | 488b 041a | 488d 4001 | 4889 041a | 0f84 1a00 

  0x0000153714ec7718: ;   {metadata(method data for {method} {0x000000080006a4a0} 'hasClassPath' '()Z' in 'jdk/internal/loader/BuiltinClassLoader')}
  0x0000153714ec7718: 0000 48ba | d064 26cc | 3615 0000 | ff82 5801 | 0000 ba01 | 0000 00e9 | 0500 0000 | ba00 0000 
  0x0000153714ec7738: 0083 e201 

  0x0000153714ec773c: ;   {metadata(method data for {method} {0x000000080006a4f8} 'loadClassOrNull' '(Ljava/lang/String;Z)Ljava/lang/Class;' in 'jdk/internal/loader/BuiltinClassLoader')}
  0x0000153714ec773c: 83fa 0048 | bac0 c925 | cc36 1500 | 0048 bbf8 | 0300 0000 | 0000 000f | 840a 0000 | 0048 bb08 
  0x0000153714ec775c: 0400 0000 | 0000 0048 | 8b04 1a48 | 8d40 0148 | 8904 1a0f | 840a 0100 

  0x0000153714ec7774: ;   {metadata(method data for {method} {0x000000080006a4f8} 'loadClassOrNull' '(Ljava/lang/String;Z)Ljava/lang/Class;' in 'jdk/internal/loader/BuiltinClassLoader')}
  0x0000153714ec7774: 0048 bac0 | c925 cc36 | 1500 0048 | 8382 1804 

  0x0000153714ec7784: ;   {metadata(method data for {method} {0x000000080044f5c8} 'isModuleSystemInited' '()Z' in 'jdk/internal/misc/VM')}
  0x0000153714ec7784: 0000 0148 | ba20 d725 | cc36 1500 | 008b 9af4 | 0000 0083 | c302 899a | f400 0000 | 81e3 feff 
  0x0000153714ec77a4: 1f00 83fb | 000f 844d 

  0x0000153714ec77ac: ;   {oop(a 'java/lang/Class'{0x00000007fef0c0e8} = 'jdk/internal/misc/VM')}
  0x0000153714ec77ac: 0400 0048 | bae8 c0f0 | fe07 0000 | 008b 9294 | 0000 0083 

  0x0000153714ec77c0: ;   {metadata(method data for {method} {0x000000080044f5c8} 'isModuleSystemInited' '()Z' in 'jdk/internal/misc/VM')}
  0x0000153714ec77c0: fa02 48ba | 20d7 25cc | 3615 0000 | 48bb 3801 | 0000 0000 | 0000 0f8c | 0a00 0000 | 48bb 4801 
  0x0000153714ec77e0: 0000 0000 | 0000 488b | 041a 488d | 4001 4889 | 041a 0f8c | 1a00 0000 

  0x0000153714ec77f8: ;   {metadata(method data for {method} {0x000000080044f5c8} 'isModuleSystemInited' '()Z' in 'jdk/internal/misc/VM')}
  0x0000153714ec77f8: 48ba 20d7 | 25cc 3615 | 0000 ff82 | 5801 0000 | ba01 0000 | 00e9 0500 | 0000 ba00 | 0000 0083 
  0x0000153714ec7818: e201 83fa 

  0x0000153714ec781c: ;   {metadata(method data for {method} {0x000000080006a4f8} 'loadClassOrNull' '(Ljava/lang/String;Z)Ljava/lang/Class;' in 'jdk/internal/loader/BuiltinClassLoader')}
  0x0000153714ec781c: 0048 bac0 | c925 cc36 | 1500 0048 | bb28 0400 | 0000 0000 | 000f 840a | 0000 0048 | bb38 0400 
  0x0000153714ec783c: 0000 0000 | 0048 8b04 | 1a48 8d40 | 0148 8904 | 1a0f 842c | 0000 0048 | 8b54 2470 

  0x0000153714ec7858: ;   {metadata(method data for {method} {0x000000080006a4f8} 'loadClassOrNull' '(Ljava/lang/String;Z)Ljava/lang/Class;' in 'jdk/internal/loader/BuiltinClassLoader')}
  0x0000153714ec7858: 488b fe48 | bbc0 c925 | cc36 1500 | 0048 8383 | 4804 0000 | 0148 8bfe | 488b f70f 

  0x0000153714ec7874: ;   {optimized virtual_call}
  0x0000153714ec7874: 1f40 00e8 

  0x0000153714ec7878: ; ImmutableOopMap {[104]=Oop [128]=Oop [168]=Oop }
                      ;*invokevirtual findClassOnClassPathOrNull {reexecute=0 rethrow=0 return_oop=0}
                      ; - jdk.internal.loader.BuiltinClassLoader::loadClassOrNull@111 (line 681)
  0x0000153714ec7878: ee04 0000 | 488b f88b | 4c24 7883 

  0x0000153714ec7884: ;   {metadata(method data for {method} {0x000000080006a4f8} 'loadClassOrNull' '(Ljava/lang/String;Z)Ljava/lang/Class;' in 'jdk/internal/loader/BuiltinClassLoader')}
  0x0000153714ec7884: f900 48b8 | c0c9 25cc | 3615 0000 | 48ba 8004 | 0000 0000 | 0000 0f84 | 0a00 0000 | 48ba 9004 
  0x0000153714ec78a4: 0000 0000 | 0000 488b | 3410 488d | 7601 4889 | 3410 0f84 | b300 0000 | 4883 ff00 

  0x0000153714ec78c0: ;   {metadata(method data for {method} {0x000000080006a4f8} 'loadClassOrNull' '(Ljava/lang/String;Z)Ljava/lang/Class;' in 'jdk/internal/loader/BuiltinClassLoader')}
  0x0000153714ec78c0: 48b8 c0c9 | 25cc 3615 | 0000 48ba | a004 0000 | 0000 0000 | 0f84 0a00 | 0000 48ba | b004 0000 
  0x0000153714ec78e0: 0000 0000 | 488b 3410 | 488d 7601 | 4889 3410 | 0f84 7900 | 0000 488b 

  0x0000153714ec78f8: ;   {metadata(method data for {method} {0x000000080006a4f8} 'loadClassOrNull' '(Ljava/lang/String;Z)Ljava/lang/Class;' in 'jdk/internal/loader/BuiltinClassLoader')}
  0x0000153714ec78f8: 7424 6848 | b8c0 c925 | cc36 1500 | 0048 8380 | c004 0000 

  0x0000153714ec790c: ;   {metadata(method data for {method} {0x0000000800435c20} 'resolveClass' '(Ljava/lang/Class;)V' in 'java/lang/ClassLoader')}
  0x0000153714ec790c: 0148 b888 | 6926 cc36 | 1500 008b | 90f4 0000 | 0083 c202 | 8990 f400 | 0000 81e2 | feff 1f00 
  0x0000153714ec792c: 83fa 000f | 84e8 0200 | 0048 83ff 

  0x0000153714ec7938: ;   {metadata(method data for {method} {0x0000000800435c20} 'resolveClass' '(Ljava/lang/Class;)V' in 'java/lang/ClassLoader')}
  0x0000153714ec7938: 0048 b888 | 6926 cc36 | 1500 0048 | ba48 0100 | 0000 0000 | 000f 840a | 0000 0048 | ba38 0100 
  0x0000153714ec7958: 0000 0000 | 0048 8b34 | 1048 8d76 | 0148 8934 | 100f 8443 | 0000 0048 | 8d84 24a0 | 0000 0048 
  0x0000153714ec7978: 8b10 4885 | d20f 840f | 0000 0048 | 8b70 08f0 | 480f b116 | 0f85 ac02 | 0000 49ff | 8f78 0400 
  0x0000153714ec7998: 0048 8bc7 | 4881 c4c0 | 0000 005d 

  0x0000153714ec79a4: ;   {poll_return}
  0x0000153714ec79a4: 493b a778 | 0300 000f | 87a3 0200 | 00c3 4889 | bc24 9800 | 0000 660f | 1f44 0000 

  0x0000153714ec79c0: ;   {no_reloc}
  0x0000153714ec79c0: e9b4 0200 | 0000 0000 | 0000 498b | 87f8 0000 | 0048 8d78 | 3049 3bbf | 0801 0000 | 0f87 a102 
  0x0000153714ec79e0: 0000 4989 | bff8 0000 | 0048 c700 | 0100 0000 | 488b ca49 | ba00 0000 | 0008 0000 | 0049 2bca 
  0x0000153714ec7a00: 8948 0848 | 33c9 8948 | 0c48 33c9 | 4889 4810 | 4889 4818 | 4889 4820 | 4889 4828 

  0x0000153714ec7a1c: ;   {metadata(method data for {method} {0x0000000800435c20} 'resolveClass' '(Ljava/lang/Class;)V' in 'java/lang/ClassLoader')}
  0x0000153714ec7a1c: 488b f048 | bf88 6926 | cc36 1500 | 0048 8387 | 5801 0000 | 0148 8bf0 | 4889 8424 | 9000 0000 
  0x0000153714ec7a3c: ;   {optimized virtual_call}
  0x0000153714ec7a3c: 6666 90e8 

  0x0000153714ec7a40: ; ImmutableOopMap {[128]=Oop [144]=Oop [152]=Oop [168]=Oop }
                      ;*invokespecial <init> {reexecute=0 rethrow=0 return_oop=0}
                      ; - java.lang.ClassLoader::resolveClass@8 (line 1224)
                      ; - jdk.internal.loader.BuiltinClassLoader::loadClassOrNull@128 (line 688)
  0x0000153714ec7a40: bc3b 4d07 | 488b 8424 

  0x0000153714ec7a48: ; ImmutableOopMap {rax=Oop [128]=Oop [152]=Oop [168]=Oop }
                      ;*athrow {reexecute=1 rethrow=0 return_oop=0}
                      ; - (reexecute) java.lang.ClassLoader::resolveClass@11 (line 1224)
                      ; - jdk.internal.loader.BuiltinClassLoader::loadClassOrNull@128 (line 688)
  0x0000153714ec7a48: 9000 0000 

  0x0000153714ec7a4c: ;   {section_word}
  0x0000153714ec7a4c: 48ba 4c7a | ec14 3715 

  0x0000153714ec7a54: ;   {runtime_call handle_exception_nofpu Runtime1 stub}
  0x0000153714ec7a54: 0000 e825 | 0f59 0790 | 498b 8728 | 0400 004d | 33d2 4d89 | 9728 0400 | 004d 33d2 | 4d89 9730 
  0x0000153714ec7a74: 0400 0048 | 8bf0 488d | 8424 a000 | 0000 488b | 3848 85ff | 0f84 0f00 | 0000 488b | 5808 f048 
  0x0000153714ec7a94: 0fb1 3b0f | 85f3 0100 | 0049 ff8f | 7804 0000 | 488b c6e9 | 1702 0000 

  0x0000153714ec7aac: ;   {metadata({method} {0x000000080006a4f8} 'loadClassOrNull' '(Ljava/lang/String;Z)Ljava/lang/Class;' in 'jdk/internal/loader/BuiltinClassLoader')}
  0x0000153714ec7aac: 49ba f8a4 | 0600 0800 | 0000 4c89 | 5424 0848 | c704 24ff 

  0x0000153714ec7ac0: ;   {runtime_call counter_overflow Runtime1 stub}
  0x0000153714ec7ac0: ffff ffe8 

  0x0000153714ec7ac4: ; ImmutableOopMap {rsi=Oop rdx=Oop [104]=Oop }
                      ;*synchronization entry
                      ; - jdk.internal.loader.BuiltinClassLoader::loadClassOrNull@-1 (line 651)
  0x0000153714ec7ac4: 384a 5907 | e9df f3ff 

  0x0000153714ec7acc: ;   {runtime_call throw_null_pointer_exception Runtime1 stub}
  0x0000153714ec7acc: ffe8 2ee9 

  0x0000153714ec7ad0: ; ImmutableOopMap {rdi=Oop [104]=Oop [112]=Oop [128]=Oop }
                      ;*monitorenter {reexecute=0 rethrow=0 return_oop=0}
                      ; - jdk.internal.loader.BuiltinClassLoader::loadClassOrNull@7 (line 651)
  0x0000153714ec7ad0: 5807 4889 | 7c24 0848 

  0x0000153714ec7ad8: ;   {runtime_call monitorenter_nofpu Runtime1 stub}
  0x0000153714ec7ad8: 8934 24e8 

  0x0000153714ec7adc: ; ImmutableOopMap {rdi=Oop [104]=Oop [112]=Oop [128]=Oop [168]=Oop }
                      ;*monitorenter {reexecute=0 rethrow=0 return_oop=0}
                      ; - jdk.internal.loader.BuiltinClassLoader::loadClassOrNull@7 (line 651)
  0x0000153714ec7adc: a026 5907 | e9bc f4ff 

  0x0000153714ec7ae4: ;   {metadata({method} {0x0000000800435cd0} 'findLoadedClass' '(Ljava/lang/String;)Ljava/lang/Class;' in 'java/lang/ClassLoader')}
  0x0000153714ec7ae4: ff49 bad0 | 5c43 0008 | 0000 004c | 8954 2408 | 48c7 0424 | ffff ffff 

  0x0000153714ec7afc: ;   {runtime_call counter_overflow Runtime1 stub}
  0x0000153714ec7afc: e8ff 4959 

  0x0000153714ec7b00: ; ImmutableOopMap {[104]=Oop [112]=Oop [128]=Oop [168]=Oop }
                      ;*synchronization entry
                      ; - java.lang.ClassLoader::findLoadedClass@-1 (line 1284)
                      ; - jdk.internal.loader.BuiltinClassLoader::loadClassOrNull@10 (line 653)
  0x0000153714ec7b00: 07e9 daf4 

  0x0000153714ec7b04: ;   {runtime_call throw_null_pointer_exception Runtime1 stub}
  0x0000153714ec7b04: ffff e8f5 

  0x0000153714ec7b08: ; ImmutableOopMap {rax=Oop rsi=Oop [104]=Oop [112]=Oop [128]=Oop [136]=Oop [168]=Oop }
                      ;*invokevirtual loader {reexecute=0 rethrow=0 return_oop=0}
                      ; - jdk.internal.loader.BuiltinClassLoader::loadClassOrNull@34 (line 662)
                      ;   {metadata({method} {0x000000080044f5c8} 'isModuleSystemInited' '()Z' in 'jdk/internal/misc/VM')}
  0x0000153714ec7b08: e858 0749 | bac8 f544 | 0008 0000 | 004c 8954 | 2408 48c7 | 0424 ffff 

  0x0000153714ec7b20: ;   {runtime_call counter_overflow Runtime1 stub}
  0x0000153714ec7b20: ffff e8d9 

  0x0000153714ec7b24: ; ImmutableOopMap {rax=Oop rsi=Oop [104]=Oop [112]=Oop [128]=Oop [136]=Oop [168]=Oop }
                      ;*synchronization entry
                      ; - jdk.internal.misc.VM::isModuleSystemInited@-1 (line 91)
                      ; - jdk.internal.loader.BuiltinClassLoader::loadClassOrNull@45 (line 664)
  0x0000153714ec7b24: 4959 07e9 | 92f6 ffff 

  0x0000153714ec7b2c: ;   {metadata({method} {0x000000080006ac30} 'findClassInModuleOrNull' '(Ljdk/internal/loader/BuiltinClassLoader$LoadedModule;Ljava/lang/String;)Ljava/lang/Class;' in 'jdk/internal/loader/BuiltinClassLoader')}
  0x0000153714ec7b2c: 49ba 30ac | 0600 0800 | 0000 4c89 | 5424 0848 | c704 24ff 

  0x0000153714ec7b40: ;   {runtime_call counter_overflow Runtime1 stub}
  0x0000153714ec7b40: ffff ffe8 

  0x0000153714ec7b44: ; ImmutableOopMap {rsi=Oop rax=Oop [104]=Oop [112]=Oop [128]=Oop [168]=Oop }
                      ;*synchronization entry
                      ; - jdk.internal.loader.BuiltinClassLoader::findClassInModuleOrNull@-1 (line 740)
                      ; - jdk.internal.loader.BuiltinClassLoader::loadClassOrNull@55 (line 665)
  0x0000153714ec7b44: b849 5907 | e95f f7ff 

  0x0000153714ec7b4c: ;   {metadata({method} {0x000000080001baa0} 'getSecurityManager' '()Ljava/lang/SecurityManager;' in 'java/lang/System')}
  0x0000153714ec7b4c: ff49 baa0 | ba01 0008 | 0000 004c | 8954 2408 | 48c7 0424 | ffff ffff 

  0x0000153714ec7b64: ;   {runtime_call counter_overflow Runtime1 stub}
  0x0000153714ec7b64: e897 4959 

  0x0000153714ec7b68: ; ImmutableOopMap {rsi=Oop rax=Oop [104]=Oop [112]=Oop [128]=Oop [168]=Oop }
                      ;*synchronization entry
                      ; - java.lang.System::getSecurityManager@-1 (line 503)
                      ; - jdk.internal.loader.BuiltinClassLoader::findClassInModuleOrNull@0 (line 740)
                      ; - jdk.internal.loader.BuiltinClassLoader::loadClassOrNull@55 (line 665)
  0x0000153714ec7b68: 07e9 78f7 

  0x0000153714ec7b6c: ;   {metadata({method} {0x000000080001bbb8} 'allowSecurityManager' '()Z' in 'java/lang/System')}
  0x0000153714ec7b6c: ffff 49ba | b8bb 0100 | 0800 0000 | 4c89 5424 | 0848 c704 | 24ff ffff 

  0x0000153714ec7b84: ;   {runtime_call counter_overflow Runtime1 stub}
  0x0000153714ec7b84: ffe8 7649 

  0x0000153714ec7b88: ; ImmutableOopMap {rsi=Oop rax=Oop [104]=Oop [112]=Oop [128]=Oop [168]=Oop }
                      ;*synchronization entry
                      ; - java.lang.System::allowSecurityManager@-1 (line 211)
                      ; - java.lang.System::getSecurityManager@0 (line 503)
                      ; - jdk.internal.loader.BuiltinClassLoader::findClassInModuleOrNull@0 (line 740)
                      ; - jdk.internal.loader.BuiltinClassLoader::loadClassOrNull@55 (line 665)
  0x0000153714ec7b88: 5907 e991 

  0x0000153714ec7b8c: ;   {runtime_call throw_null_pointer_exception Runtime1 stub}
  0x0000153714ec7b8c: f7ff ffe8 

  0x0000153714ec7b90: ; ImmutableOopMap {rdi=Oop [104]=Oop [112]=Oop [128]=Oop [168]=Oop }
                      ;*invokevirtual loadClassOrNull {reexecute=0 rethrow=0 return_oop=0}
                      ; - jdk.internal.loader.BuiltinClassLoader::loadClassOrNull@66 (line 669)
  0x0000153714ec7b90: 6ce8 5807 

  0x0000153714ec7b94: ;   {metadata({method} {0x000000080006ace0} 'loadClassOrNull' '(Ljava/lang/String;)Ljava/lang/Class;' in 'jdk/internal/loader/BuiltinClassLoader')}
  0x0000153714ec7b94: 49ba e0ac | 0600 0800 | 0000 4c89 | 5424 0848 | c704 24ff 

  0x0000153714ec7ba8: ;   {runtime_call counter_overflow Runtime1 stub}
  0x0000153714ec7ba8: ffff ffe8 

  0x0000153714ec7bac: ; ImmutableOopMap {rdi=Oop [104]=Oop [112]=Oop [128]=Oop [168]=Oop }
                      ;*synchronization entry
                      ; - jdk.internal.loader.BuiltinClassLoader::loadClassOrNull@-1 (line 700)
                      ; - jdk.internal.loader.BuiltinClassLoader::loadClassOrNull@66 (line 669)
  0x0000153714ec7bac: 5049 5907 | e91f f8ff 

  0x0000153714ec7bb4: ;   {runtime_call throw_null_pointer_exception Runtime1 stub}
  0x0000153714ec7bb4: ffe8 46e8 

  0x0000153714ec7bb8: ; ImmutableOopMap {rdi=Oop [104]=Oop [112]=Oop [128]=Oop [168]=Oop }
                      ;*invokevirtual loadClassOrNull {reexecute=0 rethrow=0 return_oop=0}
                      ; - jdk.internal.loader.BuiltinClassLoader::loadClassOrNull@86 (line 676)
                      ;   {metadata({method} {0x000000080006ace0} 'loadClassOrNull' '(Ljava/lang/String;)Ljava/lang/Class;' in 'jdk/internal/loader/BuiltinClassLoader')}
  0x0000153714ec7bb8: 5807 49ba | e0ac 0600 | 0800 0000 | 4c89 5424 | 0848 c704 | 24ff ffff 

  0x0000153714ec7bd0: ;   {runtime_call counter_overflow Runtime1 stub}
  0x0000153714ec7bd0: ffe8 2a49 

  0x0000153714ec7bd4: ; ImmutableOopMap {rdi=Oop [104]=Oop [112]=Oop [128]=Oop [168]=Oop }
                      ;*synchronization entry
                      ; - jdk.internal.loader.BuiltinClassLoader::loadClassOrNull@-1 (line 700)
                      ; - jdk.internal.loader.BuiltinClassLoader::loadClassOrNull@86 (line 676)
  0x0000153714ec7bd4: 5907 e94f 

  0x0000153714ec7bd8: ;   {metadata({method} {0x000000080006a4a0} 'hasClassPath' '()Z' in 'jdk/internal/loader/BuiltinClassLoader')}
  0x0000153714ec7bd8: f9ff ff49 | baa0 a406 | 0008 0000 | 004c 8954 | 2408 48c7 | 0424 ffff 

  0x0000153714ec7bf0: ;   {runtime_call counter_overflow Runtime1 stub}
  0x0000153714ec7bf0: ffff e809 

  0x0000153714ec7bf4: ; ImmutableOopMap {rsi=Oop rdi=Oop [104]=Oop [112]=Oop [128]=Oop [168]=Oop }
                      ;*synchronization entry
                      ; - jdk.internal.loader.BuiltinClassLoader::hasClassPath@-1 (line 223)
                      ; - jdk.internal.loader.BuiltinClassLoader::loadClassOrNull@97 (line 680)
  0x0000153714ec7bf4: 4959 07e9 | ddfa ffff 

  0x0000153714ec7bfc: ;   {metadata({method} {0x000000080044f5c8} 'isModuleSystemInited' '()Z' in 'jdk/internal/misc/VM')}
  0x0000153714ec7bfc: 49ba c8f5 | 4400 0800 | 0000 4c89 | 5424 0848 | c704 24ff 

  0x0000153714ec7c10: ;   {runtime_call counter_overflow Runtime1 stub}
  0x0000153714ec7c10: ffff ffe8 

  0x0000153714ec7c14: ; ImmutableOopMap {rsi=Oop rdi=Oop [104]=Oop [112]=Oop [128]=Oop [168]=Oop }
                      ;*synchronization entry
                      ; - jdk.internal.misc.VM::isModuleSystemInited@-1 (line 91)
                      ; - jdk.internal.loader.BuiltinClassLoader::loadClassOrNull@103 (line 680)
  0x0000153714ec7c14: e848 5907 | e992 fbff 

  0x0000153714ec7c1c: ;   {metadata({method} {0x0000000800435c20} 'resolveClass' '(Ljava/lang/Class;)V' in 'java/lang/ClassLoader')}
  0x0000153714ec7c1c: ff49 ba20 | 5c43 0008 | 0000 004c | 8954 2408 | 48c7 0424 | ffff ffff 

  0x0000153714ec7c34: ;   {runtime_call counter_overflow Runtime1 stub}
  0x0000153714ec7c34: e8c7 4859 

  0x0000153714ec7c38: ; ImmutableOopMap {rdi=Oop [128]=Oop [168]=Oop }
                      ;*synchronization entry
                      ; - java.lang.ClassLoader::resolveClass@-1 (line 1223)
                      ; - jdk.internal.loader.BuiltinClassLoader::loadClassOrNull@128 (line 688)
  0x0000153714ec7c38: 07e9 f7fc | ffff 488d | 8424 a000 | 0000 4889 

  0x0000153714ec7c48: ;   {runtime_call monitorexit_nofpu Runtime1 stub}
  0x0000153714ec7c48: 0424 e831 | 2b59 07e9 | 45fd ffff 

  0x0000153714ec7c54: ;   {internal_word}
  0x0000153714ec7c54: 49ba a479 | ec14 3715 | 0000 4d89 | 9790 0300 

  0x0000153714ec7c64: ;   {runtime_call SafepointBlob}
  0x0000153714ec7c64: 00e9 16a6 

  0x0000153714ec7c68: ;   {metadata(NULL)}
  0x0000153714ec7c68: 4d07 48ba | 0000 0000 | 0000 0000 | b800 0f05 

  0x0000153714ec7c78: ;   {runtime_call load_klass_patching Runtime1 stub}
  0x0000153714ec7c78: 0ae8 0235 

  0x0000153714ec7c7c: ; ImmutableOopMap {[128]=Oop [152]=Oop [168]=Oop }
                      ;*new {reexecute=1 rethrow=0 return_oop=0}
                      ; - (reexecute) java.lang.ClassLoader::resolveClass@4 (line 1224)
                      ; - jdk.internal.loader.BuiltinClassLoader::loadClassOrNull@128 (line 688)
  0x0000153714ec7c7c: 5907 e93d | fdff ff48 

  0x0000153714ec7c84: ;   {runtime_call fast_new_instance Runtime1 stub}
  0x0000153714ec7c84: 8bd2 e875 

  0x0000153714ec7c88: ; ImmutableOopMap {[128]=Oop [152]=Oop [168]=Oop }
                      ;*new {reexecute=0 rethrow=0 return_oop=0}
                      ; - java.lang.ClassLoader::resolveClass@4 (line 1224)
                      ; - jdk.internal.loader.BuiltinClassLoader::loadClassOrNull@128 (line 688)
  0x0000153714ec7c88: f958 07e9 | 8cfd ffff | 488d 8424 | a000 0000 | 4889 0424 

  0x0000153714ec7c9c: ;   {runtime_call monitorexit_nofpu Runtime1 stub}
  0x0000153714ec7c9c: e8df 2a59 | 07e9 fefd | ffff 498b | 8728 0400 | 0049 c787 | 2804 0000 | 0000 0000 | 49c7 8730 
  0x0000153714ec7cbc: 0400 0000 | 0000 0048 | 81c4 c000 

  0x0000153714ec7cc8: ;   {runtime_call unwind_exception Runtime1 stub}
  0x0000153714ec7cc8: 0000 5de9 | b0d3 5807 
[Stub Code]
  0x0000153714ec7cd0: ;   {no_reloc}
  0x0000153714ec7cd0: 0f1f 4400 

  0x0000153714ec7cd4: ;   {static_stub}
  0x0000153714ec7cd4: 0048 bb00 | 0000 0000 

  0x0000153714ec7cdc: ;   {runtime_call}
  0x0000153714ec7cdc: 0000 00e9 | fbff ffff 

  0x0000153714ec7ce4: ;   {static_stub}
  0x0000153714ec7ce4: 9048 bb00 | 0000 0000 

  0x0000153714ec7cec: ;   {runtime_call}
  0x0000153714ec7cec: 0000 00e9 | fbff ffff 

  0x0000153714ec7cf4: ;   {static_stub}
  0x0000153714ec7cf4: 9048 bb00 | 0000 0000 

  0x0000153714ec7cfc: ;   {runtime_call}
  0x0000153714ec7cfc: 0000 00e9 | fbff ffff 
[Exception Handler]
  0x0000153714ec7d04: ;   {runtime_call handle_exception_from_callee Runtime1 stub}
  0x0000153714ec7d04: e877 1259 

  0x0000153714ec7d08: ;   {external_word}
  0x0000153714ec7d08: 0748 bf90 | d29f 3437 | 1500 0048 

  0x0000153714ec7d14: ;   {runtime_call MacroAssembler::debug64(char*, long, long*)}
  0x0000153714ec7d14: 83e4 f0e8 | 7469 741f 

  0x0000153714ec7d1c: ;   {section_word}
  0x0000153714ec7d1c: f449 ba1d | 7dec 1437 | 1500 0041 

  0x0000153714ec7d28: ;   {runtime_call DeoptimizationBlob}
  0x0000153714ec7d28: 52e9 f297 

  0x0000153714ec7d2c: ;   {static_stub}
  0x0000153714ec7d2c: 4d07 48bb | 0000 0000 | 0000 0000 

  0x0000153714ec7d38: ;   {runtime_call}
  0x0000153714ec7d38: e9fb ffff 

  0x0000153714ec7d3c: ;   {static_stub}
  0x0000153714ec7d3c: ff48 bb60 | 5643 0008 

  0x0000153714ec7d44: ;   {runtime_call I2C/C2I adapters}
  0x0000153714ec7d44: 0000 00e9 | 0b90 4d07 

  0x0000153714ec7d4c: ;   {static_stub}
  0x0000153714ec7d4c: 48bb 18a9 | 0600 0800 

  0x0000153714ec7d54: ;   {runtime_call I2C/C2I adapters}
  0x0000153714ec7d54: 0000 e9fc 

  0x0000153714ec7d58: ;   {static_stub}
  0x0000153714ec7d58: 8f4d 0748 | bb00 0000 | 0000 0000 

  0x0000153714ec7d64: ;   {runtime_call}
  0x0000153714ec7d64: 00e9 fbff 

  0x0000153714ec7d68: ;   {static_stub}
  0x0000153714ec7d68: ffff 48bb | 88ac 0600 | 0800 0000 

  0x0000153714ec7d74: ;   {runtime_call I2C/C2I adapters}
  0x0000153714ec7d74: e9de 8f4d 

  0x0000153714ec7d78: ;   {static_stub}
  0x0000153714ec7d78: 0748 bb00 | 0000 0000 

  0x0000153714ec7d80: ;   {runtime_call}
  0x0000153714ec7d80: 0000 00e9 | fbff ffff 
[/MachCode]


---------------  P R O C E S S  ---------------

Threads class SMR info:
_java_thread_list=0x000015372c17f660, length=10, elements={
0x000015372c02c9a0, 0x000015372c11e860, 0x000015372c11fda0, 0x000015372c121770,
0x000015372c122c10, 0x000015372c1240a0, 0x000015372c125ad0, 0x000015372c127080,
0x000015372c17c120, 0x000015372c17e610
}

Java Threads: ( => current thread )
=>0x000015372c02c9a0 JavaThread "main" [_thread_in_Java, id=1148752, stack(0x00001537338ab000,0x00001537339ab000)]
  0x000015372c11e860 JavaThread "Reference Handler" daemon [_thread_blocked, id=1148759, stack(0x0000153709c00000,0x0000153709d00000)]
  0x000015372c11fda0 JavaThread "Finalizer" daemon [_thread_blocked, id=1148760, stack(0x00001536ec300000,0x00001536ec400000)]
  0x000015372c121770 JavaThread "Signal Dispatcher" daemon [_thread_blocked, id=1148761, stack(0x00001536ec200000,0x00001536ec300000)]
  0x000015372c122c10 JavaThread "Service Thread" daemon [_thread_blocked, id=1148762, stack(0x00001536ec100000,0x00001536ec200000)]
  0x000015372c1240a0 JavaThread "Monitor Deflation Thread" daemon [_thread_blocked, id=1148763, stack(0x00001536ec000000,0x00001536ec100000)]
  0x000015372c125ad0 JavaThread "C2 CompilerThread0" daemon [_thread_blocked, id=1148764, stack(0x00001536e7f00000,0x00001536e8000000)]
  0x000015372c127080 JavaThread "C1 CompilerThread0" daemon [_thread_blocked, id=1148765, stack(0x00001536e7e00000,0x00001536e7f00000)]
  0x000015372c17c120 JavaThread "Common-Cleaner" daemon [_thread_blocked, id=1148766, stack(0x00001536e7d00000,0x00001536e7e00000)]
  0x000015372c17e610 JavaThread "Notification Thread" daemon [_thread_blocked, id=1148767, stack(0x00001536e7c00000,0x00001536e7d00000)]

Other Threads:
  0x000015372c10f2e0 VMThread "VM Thread" [stack: 0x000015373004f000,0x000015373014f000] [id=1148758]
  0x000015372c180370 WatcherThread "VM Periodic Task Thread" [stack: 0x00001536e7b00000,0x00001536e7c00000] [id=1148768]
  0x000015372c05f550 WorkerThread "GC Thread#0" [stack: 0x000015373299a000,0x0000153732a9a000] [id=1148753]
  0x000015372c06f710 ConcurrentGCThread "G1 Main Marker" [stack: 0x0000153732898000,0x0000153732998000] [id=1148754]
  0x000015372c070640 WorkerThread "G1 Conc#0" [stack: 0x0000153732796000,0x0000153732896000] [id=1148755]
  0x000015372c0e5630 ConcurrentGCThread "G1 Refine#0" [stack: 0x00001537303ff000,0x00001537304ff000] [id=1148756]
  0x000015372c0e6580 ConcurrentGCThread "G1 Service" [stack: 0x00001537302fd000,0x00001537303fd000] [id=1148757]

Threads with active compile tasks:

VM state: not at safepoint (normal execution)

VM Mutex/Monitor currently owned by a thread: None

Heap address: 0x00000000a0000000, size: 30208 MB, Compressed Oops mode: Zero based, Oop shift amount: 3

CDS archive(s) mapped at: [0x0000000800000000-0x0000000800c75000-0x0000000800c75000), size 13062144, SharedBaseAddress: 0x0000000800000000, ArchiveRelocationMode: 0.
Compressed class space mapped at: 0x0000000801000000-0x0000000841000000, reserved size: 1073741824
Narrow klass base: 0x0000000800000000, Narrow klass shift: 0, Narrow klass range: 0x100000000

GC Precious Log:
 CardTable entry size: 512
 Card Set container configuration: InlinePtr #cards 3 size 8 Array Of Cards #cards 128 size 272 Howl #buckets 8 coarsen threshold 29491 Howl Bitmap #cards 4096 size 528 coarsen threshold 3686 Card regions per heap region 1 cards per card region 32768
 CPUs: 28 total, 2 available
 Memory: 251G
 Large Page Support: Disabled
 NUMA Support: Disabled
 Compressed Oops: Enabled (Zero based)
 Heap Region Size: 16M
 Heap Min Capacity: 16M
 Heap Initial Capacity: 2G
 Heap Max Capacity: 30208M
 Pre-touch: Disabled
 Parallel Workers: 2
 Concurrent Workers: 1
 Concurrent Refinement Workers: 2
 Periodic GC: Disabled

Heap:
 garbage-first heap   total 2129920K, used 16364K [0x00000000a0000000, 0x0000000800000000)
  region size 16384K, 1 young (16384K), 0 survivors (0K)
 Metaspace       used 3495K, committed 3648K, reserved 1114112K
  class space    used 338K, committed 384K, reserved 1048576K

Heap Regions: E=young(eden), S=young(survivor), O=old, HS=humongous(starts), HC=humongous(continues), CS=collection set, F=free, OA=open archive, CA=closed archive, TAMS=top-at-mark-start, PB=parsable bottom
|   0|0x00000000a0000000, 0x00000000a0000000, 0x00000000a1000000|  0%| F|  |TAMS 0x00000000a0000000| PB 0x00000000a0000000| Untracked 
|   1|0x00000000a1000000, 0x00000000a1000000, 0x00000000a2000000|  0%| F|  |TAMS 0x00000000a1000000| PB 0x00000000a1000000| Untracked 
|   2|0x00000000a2000000, 0x00000000a2000000, 0x00000000a3000000|  0%| F|  |TAMS 0x00000000a2000000| PB 0x00000000a2000000| Untracked 
|   3|0x00000000a3000000, 0x00000000a3000000, 0x00000000a4000000|  0%| F|  |TAMS 0x00000000a3000000| PB 0x00000000a3000000| Untracked 
|   4|0x00000000a4000000, 0x00000000a4000000, 0x00000000a5000000|  0%| F|  |TAMS 0x00000000a4000000| PB 0x00000000a4000000| Untracked 
|   5|0x00000000a5000000, 0x00000000a5000000, 0x00000000a6000000|  0%| F|  |TAMS 0x00000000a5000000| PB 0x00000000a5000000| Untracked 
|   6|0x00000000a6000000, 0x00000000a6000000, 0x00000000a7000000|  0%| F|  |TAMS 0x00000000a6000000| PB 0x00000000a6000000| Untracked 
|   7|0x00000000a7000000, 0x00000000a7000000, 0x00000000a8000000|  0%| F|  |TAMS 0x00000000a7000000| PB 0x00000000a7000000| Untracked 
|   8|0x00000000a8000000, 0x00000000a8000000, 0x00000000a9000000|  0%| F|  |TAMS 0x00000000a8000000| PB 0x00000000a8000000| Untracked 
|   9|0x00000000a9000000, 0x00000000a9000000, 0x00000000aa000000|  0%| F|  |TAMS 0x00000000a9000000| PB 0x00000000a9000000| Untracked 
|  10|0x00000000aa000000, 0x00000000aa000000, 0x00000000ab000000|  0%| F|  |TAMS 0x00000000aa000000| PB 0x00000000aa000000| Untracked 
|  11|0x00000000ab000000, 0x00000000ab000000, 0x00000000ac000000|  0%| F|  |TAMS 0x00000000ab000000| PB 0x00000000ab000000| Untracked 
|  12|0x00000000ac000000, 0x00000000ac000000, 0x00000000ad000000|  0%| F|  |TAMS 0x00000000ac000000| PB 0x00000000ac000000| Untracked 
|  13|0x00000000ad000000, 0x00000000ad000000, 0x00000000ae000000|  0%| F|  |TAMS 0x00000000ad000000| PB 0x00000000ad000000| Untracked 
|  14|0x00000000ae000000, 0x00000000ae000000, 0x00000000af000000|  0%| F|  |TAMS 0x00000000ae000000| PB 0x00000000ae000000| Untracked 
|  15|0x00000000af000000, 0x00000000af000000, 0x00000000b0000000|  0%| F|  |TAMS 0x00000000af000000| PB 0x00000000af000000| Untracked 
|  16|0x00000000b0000000, 0x00000000b0000000, 0x00000000b1000000|  0%| F|  |TAMS 0x00000000b0000000| PB 0x00000000b0000000| Untracked 
|  17|0x00000000b1000000, 0x00000000b1000000, 0x00000000b2000000|  0%| F|  |TAMS 0x00000000b1000000| PB 0x00000000b1000000| Untracked 
|  18|0x00000000b2000000, 0x00000000b2000000, 0x00000000b3000000|  0%| F|  |TAMS 0x00000000b2000000| PB 0x00000000b2000000| Untracked 
|  19|0x00000000b3000000, 0x00000000b3000000, 0x00000000b4000000|  0%| F|  |TAMS 0x00000000b3000000| PB 0x00000000b3000000| Untracked 
|  20|0x00000000b4000000, 0x00000000b4000000, 0x00000000b5000000|  0%| F|  |TAMS 0x00000000b4000000| PB 0x00000000b4000000| Untracked 
|  21|0x00000000b5000000, 0x00000000b5000000, 0x00000000b6000000|  0%| F|  |TAMS 0x00000000b5000000| PB 0x00000000b5000000| Untracked 
|  22|0x00000000b6000000, 0x00000000b6000000, 0x00000000b7000000|  0%| F|  |TAMS 0x00000000b6000000| PB 0x00000000b6000000| Untracked 
|  23|0x00000000b7000000, 0x00000000b7000000, 0x00000000b8000000|  0%| F|  |TAMS 0x00000000b7000000| PB 0x00000000b7000000| Untracked 
|  24|0x00000000b8000000, 0x00000000b8000000, 0x00000000b9000000|  0%| F|  |TAMS 0x00000000b8000000| PB 0x00000000b8000000| Untracked 
|  25|0x00000000b9000000, 0x00000000b9000000, 0x00000000ba000000|  0%| F|  |TAMS 0x00000000b9000000| PB 0x00000000b9000000| Untracked 
|  26|0x00000000ba000000, 0x00000000ba000000, 0x00000000bb000000|  0%| F|  |TAMS 0x00000000ba000000| PB 0x00000000ba000000| Untracked 
|  27|0x00000000bb000000, 0x00000000bb000000, 0x00000000bc000000|  0%| F|  |TAMS 0x00000000bb000000| PB 0x00000000bb000000| Untracked 
|  28|0x00000000bc000000, 0x00000000bc000000, 0x00000000bd000000|  0%| F|  |TAMS 0x00000000bc000000| PB 0x00000000bc000000| Untracked 
|  29|0x00000000bd000000, 0x00000000bd000000, 0x00000000be000000|  0%| F|  |TAMS 0x00000000bd000000| PB 0x00000000bd000000| Untracked 
|  30|0x00000000be000000, 0x00000000be000000, 0x00000000bf000000|  0%| F|  |TAMS 0x00000000be000000| PB 0x00000000be000000| Untracked 
|  31|0x00000000bf000000, 0x00000000bf000000, 0x00000000c0000000|  0%| F|  |TAMS 0x00000000bf000000| PB 0x00000000bf000000| Untracked 
|  32|0x00000000c0000000, 0x00000000c0000000, 0x00000000c1000000|  0%| F|  |TAMS 0x00000000c0000000| PB 0x00000000c0000000| Untracked 
|  33|0x00000000c1000000, 0x00000000c1000000, 0x00000000c2000000|  0%| F|  |TAMS 0x00000000c1000000| PB 0x00000000c1000000| Untracked 
|  34|0x00000000c2000000, 0x00000000c2000000, 0x00000000c3000000|  0%| F|  |TAMS 0x00000000c2000000| PB 0x00000000c2000000| Untracked 
|  35|0x00000000c3000000, 0x00000000c3000000, 0x00000000c4000000|  0%| F|  |TAMS 0x00000000c3000000| PB 0x00000000c3000000| Untracked 
|  36|0x00000000c4000000, 0x00000000c4000000, 0x00000000c5000000|  0%| F|  |TAMS 0x00000000c4000000| PB 0x00000000c4000000| Untracked 
|  37|0x00000000c5000000, 0x00000000c5000000, 0x00000000c6000000|  0%| F|  |TAMS 0x00000000c5000000| PB 0x00000000c5000000| Untracked 
|  38|0x00000000c6000000, 0x00000000c6000000, 0x00000000c7000000|  0%| F|  |TAMS 0x00000000c6000000| PB 0x00000000c6000000| Untracked 
|  39|0x00000000c7000000, 0x00000000c7000000, 0x00000000c8000000|  0%| F|  |TAMS 0x00000000c7000000| PB 0x00000000c7000000| Untracked 
|  40|0x00000000c8000000, 0x00000000c8000000, 0x00000000c9000000|  0%| F|  |TAMS 0x00000000c8000000| PB 0x00000000c8000000| Untracked 
|  41|0x00000000c9000000, 0x00000000c9000000, 0x00000000ca000000|  0%| F|  |TAMS 0x00000000c9000000| PB 0x00000000c9000000| Untracked 
|  42|0x00000000ca000000, 0x00000000ca000000, 0x00000000cb000000|  0%| F|  |TAMS 0x00000000ca000000| PB 0x00000000ca000000| Untracked 
|  43|0x00000000cb000000, 0x00000000cb000000, 0x00000000cc000000|  0%| F|  |TAMS 0x00000000cb000000| PB 0x00000000cb000000| Untracked 
|  44|0x00000000cc000000, 0x00000000cc000000, 0x00000000cd000000|  0%| F|  |TAMS 0x00000000cc000000| PB 0x00000000cc000000| Untracked 
|  45|0x00000000cd000000, 0x00000000cd000000, 0x00000000ce000000|  0%| F|  |TAMS 0x00000000cd000000| PB 0x00000000cd000000| Untracked 
|  46|0x00000000ce000000, 0x00000000ce000000, 0x00000000cf000000|  0%| F|  |TAMS 0x00000000ce000000| PB 0x00000000ce000000| Untracked 
|  47|0x00000000cf000000, 0x00000000cf000000, 0x00000000d0000000|  0%| F|  |TAMS 0x00000000cf000000| PB 0x00000000cf000000| Untracked 
|  48|0x00000000d0000000, 0x00000000d0000000, 0x00000000d1000000|  0%| F|  |TAMS 0x00000000d0000000| PB 0x00000000d0000000| Untracked 
|  49|0x00000000d1000000, 0x00000000d1000000, 0x00000000d2000000|  0%| F|  |TAMS 0x00000000d1000000| PB 0x00000000d1000000| Untracked 
|  50|0x00000000d2000000, 0x00000000d2000000, 0x00000000d3000000|  0%| F|  |TAMS 0x00000000d2000000| PB 0x00000000d2000000| Untracked 
|  51|0x00000000d3000000, 0x00000000d3000000, 0x00000000d4000000|  0%| F|  |TAMS 0x00000000d3000000| PB 0x00000000d3000000| Untracked 
|  52|0x00000000d4000000, 0x00000000d4000000, 0x00000000d5000000|  0%| F|  |TAMS 0x00000000d4000000| PB 0x00000000d4000000| Untracked 
|  53|0x00000000d5000000, 0x00000000d5000000, 0x00000000d6000000|  0%| F|  |TAMS 0x00000000d5000000| PB 0x00000000d5000000| Untracked 
|  54|0x00000000d6000000, 0x00000000d6000000, 0x00000000d7000000|  0%| F|  |TAMS 0x00000000d6000000| PB 0x00000000d6000000| Untracked 
|  55|0x00000000d7000000, 0x00000000d7000000, 0x00000000d8000000|  0%| F|  |TAMS 0x00000000d7000000| PB 0x00000000d7000000| Untracked 
|  56|0x00000000d8000000, 0x00000000d8000000, 0x00000000d9000000|  0%| F|  |TAMS 0x00000000d8000000| PB 0x00000000d8000000| Untracked 
|  57|0x00000000d9000000, 0x00000000d9000000, 0x00000000da000000|  0%| F|  |TAMS 0x00000000d9000000| PB 0x00000000d9000000| Untracked 
|  58|0x00000000da000000, 0x00000000da000000, 0x00000000db000000|  0%| F|  |TAMS 0x00000000da000000| PB 0x00000000da000000| Untracked 
|  59|0x00000000db000000, 0x00000000db000000, 0x00000000dc000000|  0%| F|  |TAMS 0x00000000db000000| PB 0x00000000db000000| Untracked 
|  60|0x00000000dc000000, 0x00000000dc000000, 0x00000000dd000000|  0%| F|  |TAMS 0x00000000dc000000| PB 0x00000000dc000000| Untracked 
|  61|0x00000000dd000000, 0x00000000dd000000, 0x00000000de000000|  0%| F|  |TAMS 0x00000000dd000000| PB 0x00000000dd000000| Untracked 
|  62|0x00000000de000000, 0x00000000de000000, 0x00000000df000000|  0%| F|  |TAMS 0x00000000de000000| PB 0x00000000de000000| Untracked 
|  63|0x00000000df000000, 0x00000000df000000, 0x00000000e0000000|  0%| F|  |TAMS 0x00000000df000000| PB 0x00000000df000000| Untracked 
|  64|0x00000000e0000000, 0x00000000e0000000, 0x00000000e1000000|  0%| F|  |TAMS 0x00000000e0000000| PB 0x00000000e0000000| Untracked 
|  65|0x00000000e1000000, 0x00000000e1000000, 0x00000000e2000000|  0%| F|  |TAMS 0x00000000e1000000| PB 0x00000000e1000000| Untracked 
|  66|0x00000000e2000000, 0x00000000e2000000, 0x00000000e3000000|  0%| F|  |TAMS 0x00000000e2000000| PB 0x00000000e2000000| Untracked 
|  67|0x00000000e3000000, 0x00000000e3000000, 0x00000000e4000000|  0%| F|  |TAMS 0x00000000e3000000| PB 0x00000000e3000000| Untracked 
|  68|0x00000000e4000000, 0x00000000e4000000, 0x00000000e5000000|  0%| F|  |TAMS 0x00000000e4000000| PB 0x00000000e4000000| Untracked 
|  69|0x00000000e5000000, 0x00000000e5000000, 0x00000000e6000000|  0%| F|  |TAMS 0x00000000e5000000| PB 0x00000000e5000000| Untracked 
|  70|0x00000000e6000000, 0x00000000e6000000, 0x00000000e7000000|  0%| F|  |TAMS 0x00000000e6000000| PB 0x00000000e6000000| Untracked 
|  71|0x00000000e7000000, 0x00000000e7000000, 0x00000000e8000000|  0%| F|  |TAMS 0x00000000e7000000| PB 0x00000000e7000000| Untracked 
|  72|0x00000000e8000000, 0x00000000e8000000, 0x00000000e9000000|  0%| F|  |TAMS 0x00000000e8000000| PB 0x00000000e8000000| Untracked 
|  73|0x00000000e9000000, 0x00000000e9000000, 0x00000000ea000000|  0%| F|  |TAMS 0x00000000e9000000| PB 0x00000000e9000000| Untracked 
|  74|0x00000000ea000000, 0x00000000ea000000, 0x00000000eb000000|  0%| F|  |TAMS 0x00000000ea000000| PB 0x00000000ea000000| Untracked 
|  75|0x00000000eb000000, 0x00000000eb000000, 0x00000000ec000000|  0%| F|  |TAMS 0x00000000eb000000| PB 0x00000000eb000000| Untracked 
|  76|0x00000000ec000000, 0x00000000ec000000, 0x00000000ed000000|  0%| F|  |TAMS 0x00000000ec000000| PB 0x00000000ec000000| Untracked 
|  77|0x00000000ed000000, 0x00000000ed000000, 0x00000000ee000000|  0%| F|  |TAMS 0x00000000ed000000| PB 0x00000000ed000000| Untracked 
|  78|0x00000000ee000000, 0x00000000ee000000, 0x00000000ef000000|  0%| F|  |TAMS 0x00000000ee000000| PB 0x00000000ee000000| Untracked 
|  79|0x00000000ef000000, 0x00000000ef000000, 0x00000000f0000000|  0%| F|  |TAMS 0x00000000ef000000| PB 0x00000000ef000000| Untracked 
|  80|0x00000000f0000000, 0x00000000f0000000, 0x00000000f1000000|  0%| F|  |TAMS 0x00000000f0000000| PB 0x00000000f0000000| Untracked 
|  81|0x00000000f1000000, 0x00000000f1000000, 0x00000000f2000000|  0%| F|  |TAMS 0x00000000f1000000| PB 0x00000000f1000000| Untracked 
|  82|0x00000000f2000000, 0x00000000f2000000, 0x00000000f3000000|  0%| F|  |TAMS 0x00000000f2000000| PB 0x00000000f2000000| Untracked 
|  83|0x00000000f3000000, 0x00000000f3000000, 0x00000000f4000000|  0%| F|  |TAMS 0x00000000f3000000| PB 0x00000000f3000000| Untracked 
|  84|0x00000000f4000000, 0x00000000f4000000, 0x00000000f5000000|  0%| F|  |TAMS 0x00000000f4000000| PB 0x00000000f4000000| Untracked 
|  85|0x00000000f5000000, 0x00000000f5000000, 0x00000000f6000000|  0%| F|  |TAMS 0x00000000f5000000| PB 0x00000000f5000000| Untracked 
|  86|0x00000000f6000000, 0x00000000f6000000, 0x00000000f7000000|  0%| F|  |TAMS 0x00000000f6000000| PB 0x00000000f6000000| Untracked 
|  87|0x00000000f7000000, 0x00000000f7000000, 0x00000000f8000000|  0%| F|  |TAMS 0x00000000f7000000| PB 0x00000000f7000000| Untracked 
|  88|0x00000000f8000000, 0x00000000f8000000, 0x00000000f9000000|  0%| F|  |TAMS 0x00000000f8000000| PB 0x00000000f8000000| Untracked 
|  89|0x00000000f9000000, 0x00000000f9000000, 0x00000000fa000000|  0%| F|  |TAMS 0x00000000f9000000| PB 0x00000000f9000000| Untracked 
|  90|0x00000000fa000000, 0x00000000fa000000, 0x00000000fb000000|  0%| F|  |TAMS 0x00000000fa000000| PB 0x00000000fa000000| Untracked 
|  91|0x00000000fb000000, 0x00000000fb000000, 0x00000000fc000000|  0%| F|  |TAMS 0x00000000fb000000| PB 0x00000000fb000000| Untracked 
|  92|0x00000000fc000000, 0x00000000fc000000, 0x00000000fd000000|  0%| F|  |TAMS 0x00000000fc000000| PB 0x00000000fc000000| Untracked 
|  93|0x00000000fd000000, 0x00000000fd000000, 0x00000000fe000000|  0%| F|  |TAMS 0x00000000fd000000| PB 0x00000000fd000000| Untracked 
|  94|0x00000000fe000000, 0x00000000fe000000, 0x00000000ff000000|  0%| F|  |TAMS 0x00000000fe000000| PB 0x00000000fe000000| Untracked 
|  95|0x00000000ff000000, 0x00000000ff000000, 0x0000000100000000|  0%| F|  |TAMS 0x00000000ff000000| PB 0x00000000ff000000| Untracked 
|  96|0x0000000100000000, 0x0000000100000000, 0x0000000101000000|  0%| F|  |TAMS 0x0000000100000000| PB 0x0000000100000000| Untracked 
|  97|0x0000000101000000, 0x0000000101000000, 0x0000000102000000|  0%| F|  |TAMS 0x0000000101000000| PB 0x0000000101000000| Untracked 
|  98|0x0000000102000000, 0x0000000102000000, 0x0000000103000000|  0%| F|  |TAMS 0x0000000102000000| PB 0x0000000102000000| Untracked 
|  99|0x0000000103000000, 0x0000000103000000, 0x0000000104000000|  0%| F|  |TAMS 0x0000000103000000| PB 0x0000000103000000| Untracked 
| 100|0x0000000104000000, 0x0000000104000000, 0x0000000105000000|  0%| F|  |TAMS 0x0000000104000000| PB 0x0000000104000000| Untracked 
| 101|0x0000000105000000, 0x0000000105000000, 0x0000000106000000|  0%| F|  |TAMS 0x0000000105000000| PB 0x0000000105000000| Untracked 
| 102|0x0000000106000000, 0x0000000106000000, 0x0000000107000000|  0%| F|  |TAMS 0x0000000106000000| PB 0x0000000106000000| Untracked 
| 103|0x0000000107000000, 0x0000000107000000, 0x0000000108000000|  0%| F|  |TAMS 0x0000000107000000| PB 0x0000000107000000| Untracked 
| 104|0x0000000108000000, 0x0000000108000000, 0x0000000109000000|  0%| F|  |TAMS 0x0000000108000000| PB 0x0000000108000000| Untracked 
| 105|0x0000000109000000, 0x0000000109000000, 0x000000010a000000|  0%| F|  |TAMS 0x0000000109000000| PB 0x0000000109000000| Untracked 
| 106|0x000000010a000000, 0x000000010a000000, 0x000000010b000000|  0%| F|  |TAMS 0x000000010a000000| PB 0x000000010a000000| Untracked 
| 107|0x000000010b000000, 0x000000010b000000, 0x000000010c000000|  0%| F|  |TAMS 0x000000010b000000| PB 0x000000010b000000| Untracked 
| 108|0x000000010c000000, 0x000000010c000000, 0x000000010d000000|  0%| F|  |TAMS 0x000000010c000000| PB 0x000000010c000000| Untracked 
| 109|0x000000010d000000, 0x000000010d000000, 0x000000010e000000|  0%| F|  |TAMS 0x000000010d000000| PB 0x000000010d000000| Untracked 
| 110|0x000000010e000000, 0x000000010e000000, 0x000000010f000000|  0%| F|  |TAMS 0x000000010e000000| PB 0x000000010e000000| Untracked 
| 111|0x000000010f000000, 0x000000010f000000, 0x0000000110000000|  0%| F|  |TAMS 0x000000010f000000| PB 0x000000010f000000| Untracked 
| 112|0x0000000110000000, 0x0000000110000000, 0x0000000111000000|  0%| F|  |TAMS 0x0000000110000000| PB 0x0000000110000000| Untracked 
| 113|0x0000000111000000, 0x0000000111000000, 0x0000000112000000|  0%| F|  |TAMS 0x0000000111000000| PB 0x0000000111000000| Untracked 
| 114|0x0000000112000000, 0x0000000112000000, 0x0000000113000000|  0%| F|  |TAMS 0x0000000112000000| PB 0x0000000112000000| Untracked 
| 115|0x0000000113000000, 0x0000000113000000, 0x0000000114000000|  0%| F|  |TAMS 0x0000000113000000| PB 0x0000000113000000| Untracked 
| 116|0x0000000114000000, 0x0000000114000000, 0x0000000115000000|  0%| F|  |TAMS 0x0000000114000000| PB 0x0000000114000000| Untracked 
| 117|0x0000000115000000, 0x0000000115000000, 0x0000000116000000|  0%| F|  |TAMS 0x0000000115000000| PB 0x0000000115000000| Untracked 
| 118|0x0000000116000000, 0x0000000116000000, 0x0000000117000000|  0%| F|  |TAMS 0x0000000116000000| PB 0x0000000116000000| Untracked 
| 119|0x0000000117000000, 0x0000000117000000, 0x0000000118000000|  0%| F|  |TAMS 0x0000000117000000| PB 0x0000000117000000| Untracked 
| 120|0x0000000118000000, 0x0000000118000000, 0x0000000119000000|  0%| F|  |TAMS 0x0000000118000000| PB 0x0000000118000000| Untracked 
| 121|0x0000000119000000, 0x0000000119000000, 0x000000011a000000|  0%| F|  |TAMS 0x0000000119000000| PB 0x0000000119000000| Untracked 
| 122|0x000000011a000000, 0x000000011a000000, 0x000000011b000000|  0%| F|  |TAMS 0x000000011a000000| PB 0x000000011a000000| Untracked 
| 123|0x000000011b000000, 0x000000011b000000, 0x000000011c000000|  0%| F|  |TAMS 0x000000011b000000| PB 0x000000011b000000| Untracked 
| 124|0x000000011c000000, 0x000000011c000000, 0x000000011d000000|  0%| F|  |TAMS 0x000000011c000000| PB 0x000000011c000000| Untracked 
| 125|0x000000011d000000, 0x000000011d000000, 0x000000011e000000|  0%| F|  |TAMS 0x000000011d000000| PB 0x000000011d000000| Untracked 
| 126|0x000000011e000000, 0x000000011e000000, 0x000000011f000000|  0%| F|  |TAMS 0x000000011e000000| PB 0x000000011e000000| Untracked 
| 127|0x000000011f000000, 0x0000000120000000, 0x0000000120000000|100%| E|  |TAMS 0x000000011f000000| PB 0x000000011f000000| Complete 
|1886|0x00000007fe000000, 0x00000007fef79000, 0x00000007ff000000| 96%|OA|  |TAMS 0x00000007fe000000| PB 0x00000007fe000000| Untracked 
|1887|0x00000007ff000000, 0x00000007ff082000, 0x0000000800000000|  3%|CA|  |TAMS 0x00000007ff000000| PB 0x00000007ff000000| Untracked 

Card table byte_map: [0x000015370d800000,0x0000153711300000] _byte_map_base: 0x000015370d300000

Marking Bits: (CMBitMap*) 0x000015372c05fff0
 Bits: [0x00001536ec400000, 0x0000153709c00000)

Polling page: 0x0000153735113000

Metaspace:

Usage:
  Non-class:      3.08 MB used.
      Class:    338.07 KB used.
       Both:      3.41 MB used.

Virtual space:
  Non-class space:       64.00 MB reserved,       3.19 MB (  5%) committed,  1 nodes.
      Class space:        1.00 GB reserved,     384.00 KB ( <1%) committed,  1 nodes.
             Both:        1.06 GB reserved,       3.56 MB ( <1%) committed. 

Chunk freelists:
   Non-Class:  3.48 MB
       Class:  3.66 MB
        Both:  7.14 MB

MaxMetaspaceSize: unlimited
CompressedClassSpaceSize: 1.00 GB
Initial GC threshold: 21.00 MB
Current GC threshold: 21.00 MB
CDS: on
MetaspaceReclaimPolicy: balanced
 - commit_granule_bytes: 65536.
 - commit_granule_words: 8192.
 - virtual_space_node_default_size: 8388608.
 - enlarge_chunks_in_place: 1.
 - new_chunks_are_fully_committed: 0.
 - uncommit_free_chunks: 1.
 - use_allocation_guard: 0.


Internal statistics:

num_allocs_failed_limit: 0.
num_arena_births: 16.
num_arena_deaths: 0.
num_vsnodes_births: 2.
num_vsnodes_deaths: 0.
num_space_committed: 57.
num_space_uncommitted: 0.
num_chunks_returned_to_freelist: 0.
num_chunks_taken_from_freelist: 46.
num_chunk_merges: 0.
num_chunk_splits: 29.
num_chunks_enlarged: 23.
num_inconsistent_stats: 0.

CodeHeap 'non-profiled nmethods': size=120036Kb used=181Kb max_used=181Kb free=119854Kb
 bounds [0x000015371c8c7000, 0x000015371cb37000, 0x0000153723e00000]
CodeHeap 'profiled nmethods': size=120032Kb used=867Kb max_used=867Kb free=119164Kb
 bounds [0x0000153714e00000, 0x0000153715070000, 0x000015371c338000]
CodeHeap 'non-nmethods': size=5692Kb used=1365Kb max_used=1392Kb free=4326Kb
 bounds [0x000015371c338000, 0x000015371c5a8000, 0x000015371c8c7000]
 total_blobs=1002 nmethods=575 adapters=339
 compilation: enabled
              stopped_count=0, restarted_count=0
 full_count=0

Compilation events (20 events):
Event: 0.622 Thread 0x000015372c127080 nmethod 546 0x0000153714ed3d90 code [0x0000153714ed3f20, 0x0000153714ed4050]
Event: 0.622 Thread 0x000015372c127080  549       3       java.io.DataInputStream::readUnsignedShort (38 bytes)
Event: 0.622 Thread 0x000015372c127080 nmethod 549 0x0000153714ed4110 code [0x0000153714ed42c0, 0x0000153714ed4618]
Event: 0.622 Thread 0x000015372c127080  551   !   3       java.io.BufferedInputStream::read (69 bytes)
Event: 0.623 Thread 0x000015372c127080 nmethod 551 0x0000153714ed4790 code [0x0000153714ed4a20, 0x0000153714ed5700]
Event: 0.623 Thread 0x000015372c127080  561       2       java.util.jar.JarFile::getEntry (35 bytes)
Event: 0.624 Thread 0x000015372c127080 nmethod 561 0x0000153714ed5b90 code [0x0000153714ed5d40, 0x0000153714ed5fa8]
Event: 0.624 Thread 0x000015372c127080  562   !   2       jdk.internal.loader.URLClassPath$JarLoader::getResource (65 bytes)
Event: 0.625 Thread 0x000015372c127080 nmethod 562 0x0000153714ed6110 code [0x0000153714ed6300, 0x0000153714ed67c0]
Event: 0.625 Thread 0x000015372c127080  563       2       java.util.jar.JarFile::getJarEntry (9 bytes)
Event: 0.625 Thread 0x000015372c127080 nmethod 563 0x0000153714ed6a10 code [0x0000153714ed6ba0, 0x0000153714ed6cf8]
Event: 0.625 Thread 0x000015372c127080  564   !   2       java.util.WeakHashMap::expungeStaleEntries (139 bytes)
Event: 0.626 Thread 0x000015372c125ad0 nmethod 555 0x000015371c8f0110 code [0x000015371c8f0280, 0x000015371c8f0480]
Event: 0.626 Thread 0x000015372c125ad0  559       4       java.lang.StringUTF16::compress (50 bytes)
Event: 0.634 Thread 0x000015372c125ad0 nmethod 559 0x000015371c8f0590 code [0x000015371c8f0700, 0x000015371c8f0938]
Event: 0.634 Thread 0x000015372c125ad0  547       4       java.util.concurrent.locks.ReentrantLock$Sync::tryRelease (51 bytes)
Event: 0.636 Thread 0x000015372c127080 nmethod 564 0x0000153714ed6d90 code [0x0000153714ed6f60, 0x0000153714ed7488]
Event: 0.636 Thread 0x000015372c127080  575       3       java.lang.StringLatin1::indexOf (36 bytes)
Event: 0.637 Thread 0x000015372c125ad0 nmethod 547 0x000015371c8f0a90 code [0x000015371c8f0c00, 0x000015371c8f0d80]
Event: 0.637 Thread 0x000015372c127080 nmethod 575 0x0000153714ed7890 code [0x0000153714ed7a40, 0x0000153714ed7d38]

GC Heap History (0 events):
No events

Dll operation events (5 events):
Event: 0.004 Loaded shared library /opt/apps/oracle-java/20.0.1/lib/libjava.so
Event: 0.022 Loaded shared library /opt/apps/oracle-java/20.0.1/lib/libjsvml.so
Event: 0.102 Loaded shared library /opt/apps/oracle-java/20.0.1/lib/libnio.so
Event: 0.111 Loaded shared library /opt/apps/oracle-java/20.0.1/lib/libzip.so
Event: 0.346 Loaded shared library /opt/apps/oracle-java/20.0.1/lib/libjimage.so

Deoptimization events (16 events):
Event: 0.325 Thread 0x000015372c02c9a0 Uncommon trap: trap_request=0xffffff45 fr.pc=0x000015371c8d2e40 relative=0x0000000000000620
Event: 0.325 Thread 0x000015372c02c9a0 Uncommon trap: reason=unstable_if action=reinterpret pc=0x000015371c8d2e40 method=java.util.jar.Manifest$FastInputStream.readLine([BII)I @ 130 c2
Event: 0.325 Thread 0x000015372c02c9a0 DEOPT PACKING pc=0x000015371c8d2e40 sp=0x00001537339a5010
Event: 0.326 Thread 0x000015372c02c9a0 DEOPT UNPACKING pc=0x000015371c3a1219 sp=0x00001537339a4fa0 mode 2
Event: 0.402 Thread 0x000015372c02c9a0 DEOPT PACKING pc=0x0000153714e89d81 sp=0x00001537339a4b60
Event: 0.402 Thread 0x000015372c02c9a0 DEOPT UNPACKING pc=0x000015371c3a19af sp=0x00001537339a4020 mode 0
Event: 0.404 Thread 0x000015372c02c9a0 DEOPT PACKING pc=0x0000153714e89d81 sp=0x00001537339a4b60
Event: 0.404 Thread 0x000015372c02c9a0 DEOPT UNPACKING pc=0x000015371c3a19af sp=0x00001537339a4020 mode 0
Event: 0.431 Thread 0x000015372c02c9a0 DEOPT PACKING pc=0x0000153714e7ee34 sp=0x00001537339a4f80
Event: 0.431 Thread 0x000015372c02c9a0 DEOPT UNPACKING pc=0x000015371c3a19af sp=0x00001537339a4420 mode 0
Event: 0.447 Thread 0x000015372c02c9a0 DEOPT PACKING pc=0x0000153714e95676 sp=0x00001537339a4df0
Event: 0.447 Thread 0x000015372c02c9a0 DEOPT UNPACKING pc=0x000015371c3a19af sp=0x00001537339a42a0 mode 0
Event: 0.508 Thread 0x000015372c02c9a0 DEOPT PACKING pc=0x0000153714e3e408 sp=0x00001537339a50e0
Event: 0.508 Thread 0x000015372c02c9a0 DEOPT UNPACKING pc=0x000015371c3a19af sp=0x00001537339a45a0 mode 0
Event: 0.635 Thread 0x000015372c02c9a0 DEOPT PACKING pc=0x0000153714e0fcca sp=0x00001537339a1f50
Event: 0.635 Thread 0x000015372c02c9a0 DEOPT UNPACKING pc=0x000015371c3a19af sp=0x00001537339a1390 mode 0

Classes loaded (20 events):
Event: 0.596 Loading class java/io/ObjectOutput done
Event: 0.596 Loading class java/io/ObjectOutputStream done
Event: 0.596 Loading class java/lang/Process
Event: 0.597 Loading class java/lang/Process done
Event: 0.597 Loading class java/io/DataOutputStream
Event: 0.598 Loading class java/io/DataOutputStream done
Event: 0.598 Loading class java/net/Socket
Event: 0.598 Loading class java/net/Socket done
Event: 0.598 Loading class java/net/ServerSocket
Event: 0.599 Loading class java/net/ServerSocket done
Event: 0.599 Loading class java/util/stream/DoubleStream
Event: 0.599 Loading class java/util/stream/DoubleStream done
Event: 0.599 Loading class java/util/stream/LongStream
Event: 0.599 Loading class java/util/stream/LongStream done
Event: 0.599 Loading class java/util/OptionalDouble
Event: 0.600 Loading class java/util/OptionalDouble done
Event: 0.600 Loading class java/util/OptionalLong
Event: 0.600 Loading class java/util/OptionalLong done
Event: 0.622 Loading class java/lang/UnsupportedOperationException
Event: 0.622 Loading class java/lang/UnsupportedOperationException done

Classes unloaded (0 events):
No events

Classes redefined (0 events):
No events

Internal exceptions (1 events):
Event: 0.265 Thread 0x000015372c02c9a0 Exception <a 'java/lang/NoSuchMethodError'{0x000000011fbd1390}: 'void java.lang.invoke.DirectMethodHandle$Holder.invokeVirtual(java.lang.Object, java.lang.Object)'> (0x000000011fbd1390) 
thrown [open/src/hotspot/share/interpreter/linkResolver.cpp, line 772]

VM Operations (12 events):
Event: 0.115 Executing VM operation: HandshakeAllThreads
Event: 0.115 Executing VM operation: HandshakeAllThreads done
Event: 0.196 Executing VM operation: HandshakeAllThreads
Event: 0.196 Executing VM operation: HandshakeAllThreads done
Event: 0.249 Executing VM operation: HandshakeAllThreads
Event: 0.249 Executing VM operation: HandshakeAllThreads done
Event: 0.577 Executing VM operation: HandshakeAllThreads
Event: 0.577 Executing VM operation: HandshakeAllThreads done
Event: 0.636 Executing VM operation: HandshakeAllThreads
Event: 0.636 Executing VM operation: HandshakeAllThreads done
Event: 0.637 Executing VM operation: HandshakeAllThreads
Event: 0.637 Executing VM operation: HandshakeAllThreads done

Events (20 events):
Event: 0.003 Protecting memory [0x00001537338ab000,0x00001537338af000] with protection modes 0
Event: 0.022 Thread 0x000015372c02c9a0 Thread added: 0x000015372c02c9a0
Event: 0.032 Thread 0x000015372c11e860 Thread added: 0x000015372c11e860
Event: 0.032 Protecting memory [0x0000153709c00000,0x0000153709c04000] with protection modes 0
Event: 0.032 Thread 0x000015372c11fda0 Thread added: 0x000015372c11fda0
Event: 0.032 Protecting memory [0x00001536ec300000,0x00001536ec304000] with protection modes 0
Event: 0.032 Thread 0x000015372c121770 Thread added: 0x000015372c121770
Event: 0.032 Protecting memory [0x00001536ec200000,0x00001536ec204000] with protection modes 0
Event: 0.033 Thread 0x000015372c122c10 Thread added: 0x000015372c122c10
Event: 0.033 Protecting memory [0x00001536ec100000,0x00001536ec104000] with protection modes 0
Event: 0.033 Thread 0x000015372c1240a0 Thread added: 0x000015372c1240a0
Event: 0.033 Protecting memory [0x00001536ec000000,0x00001536ec004000] with protection modes 0
Event: 0.033 Thread 0x000015372c125ad0 Thread added: 0x000015372c125ad0
Event: 0.033 Protecting memory [0x00001536e7f00000,0x00001536e7f04000] with protection modes 0
Event: 0.033 Thread 0x000015372c127080 Thread added: 0x000015372c127080
Event: 0.034 Protecting memory [0x00001536e7e00000,0x00001536e7e04000] with protection modes 0
Event: 0.092 Thread 0x000015372c17c120 Thread added: 0x000015372c17c120
Event: 0.092 Protecting memory [0x00001536e7d00000,0x00001536e7d04000] with protection modes 0
Event: 0.098 Thread 0x000015372c17e610 Thread added: 0x000015372c17e610
Event: 0.098 Protecting memory [0x00001536e7c00000,0x00001536e7c04000] with protection modes 0


Dynamic libraries:
a0000000-120000000 rw-p 00000000 00:00 0 
120000000-7fe000000 ---p 00000000 00:00 0 
7fe000000-7fef00000 rw-p 00000000 00:00 0 
7fef00000-7fef79000 rw-p 00d34000 00:32 2690282609                       /opt/apps/oracle-java/20.0.1/lib/server/classes.jsa
7fef79000-7ff000000 rw-p 00000000 00:00 0 
7ff000000-7ff082000 rw-p 00cb2000 00:32 2690282609                       /opt/apps/oracle-java/20.0.1/lib/server/classes.jsa
7ff082000-800000000 rw-p 00000000 00:00 0 
800000000-800481000 rw-p 00001000 00:32 2690282609                       /opt/apps/oracle-java/20.0.1/lib/server/classes.jsa
800481000-800c75000 r--p 00482000 00:32 2690282609                       /opt/apps/oracle-java/20.0.1/lib/server/classes.jsa
800c75000-801000000 ---p 00000000 00:00 0 
801000000-801020000 rw-p 00000000 00:00 0 
801020000-801040000 ---p 00000000 00:00 0 
801040000-801080000 rw-p 00000000 00:00 0 
801080000-841000000 ---p 00000000 00:00 0 
153688000000-153688021000 rw-p 00000000 00:00 0 
153688021000-15368c000000 ---p 00000000 00:00 0 
153690000000-153690021000 rw-p 00000000 00:00 0 
153690021000-153694000000 ---p 00000000 00:00 0 
153694000000-153694021000 rw-p 00000000 00:00 0 
153694021000-153698000000 ---p 00000000 00:00 0 
15369c000000-15369c3a4000 rw-p 00000000 00:00 0 
15369c3a4000-1536a0000000 ---p 00000000 00:00 0 
1536a0000000-1536a06dd000 rw-p 00000000 00:00 0 
1536a06dd000-1536a4000000 ---p 00000000 00:00 0 
1536a8000000-1536a8021000 rw-p 00000000 00:00 0 
1536a8021000-1536ac000000 ---p 00000000 00:00 0 
1536ac000000-1536ac021000 rw-p 00000000 00:00 0 
1536ac021000-1536b0000000 ---p 00000000 00:00 0 
1536b4000000-1536b4021000 rw-p 00000000 00:00 0 
1536b4021000-1536b8000000 ---p 00000000 00:00 0 
1536b8000000-1536b8021000 rw-p 00000000 00:00 0 
1536b8021000-1536bc000000 ---p 00000000 00:00 0 
1536c0000000-1536c0021000 rw-p 00000000 00:00 0 
1536c0021000-1536c4000000 ---p 00000000 00:00 0 
1536c4000000-1536c4021000 rw-p 00000000 00:00 0 
1536c4021000-1536c8000000 ---p 00000000 00:00 0 
1536cc000000-1536cc2a0000 rw-p 00000000 00:00 0 
1536cc2a0000-1536cc400000 ---p 00000000 00:00 0 
1536cc400000-1536cc490000 rw-p 00000000 00:00 0 
1536cc490000-1536d0000000 ---p 00000000 00:00 0 
1536d0000000-1536d0021000 rw-p 00000000 00:00 0 
1536d0021000-1536d4000000 ---p 00000000 00:00 0 
1536d4000000-1536d4021000 rw-p 00000000 00:00 0 
1536d4021000-1536d8000000 ---p 00000000 00:00 0 
1536dc000000-1536dc021000 rw-p 00000000 00:00 0 
1536dc021000-1536e0000000 ---p 00000000 00:00 0 
1536e0000000-1536e0021000 rw-p 00000000 00:00 0 
1536e0021000-1536e4000000 ---p 00000000 00:00 0 
1536e7712000-1536e7afe000 rw-p 00000000 00:00 0 
1536e7afe000-1536e7aff000 ---p 00000000 00:00 0 
1536e7aff000-1536e7c00000 rw-p 00000000 00:00 0 
1536e7c00000-1536e7c04000 ---p 00000000 00:00 0 
1536e7c04000-1536e7d00000 rw-p 00000000 00:00 0 
1536e7d00000-1536e7d04000 ---p 00000000 00:00 0 
1536e7d04000-1536e7e00000 rw-p 00000000 00:00 0 
1536e7e00000-1536e7e04000 ---p 00000000 00:00 0 
1536e7e04000-1536e7f00000 rw-p 00000000 00:00 0 
1536e7f00000-1536e7f04000 ---p 00000000 00:00 0 
1536e7f04000-1536e8000000 rw-p 00000000 00:00 0 
1536e8000000-1536e8021000 rw-p 00000000 00:00 0 
1536e8021000-1536ec004000 ---p 00000000 00:00 0 
1536ec004000-1536ec100000 rw-p 00000000 00:00 0 
1536ec100000-1536ec104000 ---p 00000000 00:00 0 
1536ec104000-1536ec200000 rw-p 00000000 00:00 0 
1536ec200000-1536ec204000 ---p 00000000 00:00 0 
1536ec204000-1536ec300000 rw-p 00000000 00:00 0 
1536ec300000-1536ec304000 ---p 00000000 00:00 0 
1536ec304000-1536ec400000 rw-p 00000000 00:00 0 
1536ec400000-1536ee400000 rw-p 00000000 00:00 0 
1536ee400000-153709b80000 ---p 00000000 00:00 0 
153709b80000-153709c00000 rw-p 00000000 00:00 0 
153709c00000-153709c04000 ---p 00000000 00:00 0 
153709c04000-153709d00000 rw-p 00000000 00:00 0 
153709d00000-15370a100000 rw-p 00000000 00:00 0 
15370a100000-15370d7f0000 ---p 00000000 00:00 0 
15370d7f0000-15370dc00000 rw-p 00000000 00:00 0 
15370dc00000-1537112f0000 ---p 00000000 00:00 0 
1537112f0000-153711700000 rw-p 00000000 00:00 0 
153711700000-153714df0000 ---p 00000000 00:00 0 
153714df0000-153714e00000 rw-p 00000000 00:00 0 
153714e00000-153715070000 rwxp 00000000 00:00 0 
153715070000-15371c338000 ---p 00000000 00:00 0 
15371c338000-15371c5a8000 rwxp 00000000 00:00 0 
15371c5a8000-15371c8c7000 ---p 00000000 00:00 0 
15371c8c7000-15371cb37000 rwxp 00000000 00:00 0 
15371cb37000-153723e00000 ---p 00000000 00:00 0 
153723e89000-153723ede000 r--p 00000000 fd:00 1610677145                 /usr/lib/locale/C.utf8/LC_CTYPE
153723ede000-15372c000000 r--s 00000000 00:32 1075234354                 /opt/apps/oracle-java/20.0.1/lib/modules
15372c000000-15372c378000 rw-p 00000000 00:00 0 
15372c378000-153730000000 ---p 00000000 00:00 0 
15373004d000-15373004e000 ---p 00000000 00:00 0 
15373004e000-15373014f000 rw-p 00000000 00:00 0 
15373014f000-15373021d000 r-xp 00000000 00:32 1075234338                 /opt/apps/oracle-java/20.0.1/lib/libjsvml.so
15373021d000-15373021e000 r--p 000cd000 00:32 1075234338                 /opt/apps/oracle-java/20.0.1/lib/libjsvml.so
15373021e000-15373021f000 rw-p 000ce000 00:32 1075234338                 /opt/apps/oracle-java/20.0.1/lib/libjsvml.so
15373021f000-1537302fb000 rw-p 00000000 00:00 0 
1537302fb000-1537302fc000 ---p 00000000 00:00 0 
1537302fc000-1537303fd000 rw-p 00000000 00:00 0 
1537303fd000-1537303fe000 ---p 00000000 00:00 0 
1537303fe000-1537304ff000 rw-p 00000000 00:00 0 
1537304ff000-153732600000 rw-p 00000000 00:00 0 
153732616000-153732657000 rw-p 00000000 00:00 0 
153732673000-15373267a000 r-xp 00000000 00:32 1075234353                 /opt/apps/oracle-java/20.0.1/lib/libzip.so
15373267a000-15373267b000 ---p 00007000 00:32 1075234353                 /opt/apps/oracle-java/20.0.1/lib/libzip.so
15373267b000-15373267c000 r--p 00007000 00:32 1075234353                 /opt/apps/oracle-java/20.0.1/lib/libzip.so
15373267c000-15373267d000 rw-p 00008000 00:32 1075234353                 /opt/apps/oracle-java/20.0.1/lib/libzip.so
15373267d000-153732690000 r-xp 00000000 00:32 1075234345                 /opt/apps/oracle-java/20.0.1/lib/libnio.so
153732690000-153732691000 ---p 00013000 00:32 1075234345                 /opt/apps/oracle-java/20.0.1/lib/libnio.so
153732691000-153732692000 r--p 00013000 00:32 1075234345                 /opt/apps/oracle-java/20.0.1/lib/libnio.so
153732692000-153732693000 rw-p 00014000 00:32 1075234345                 /opt/apps/oracle-java/20.0.1/lib/libnio.so
153732693000-153732794000 rw-p 00000000 00:00 0 
153732794000-153732795000 ---p 00000000 00:00 0 
153732795000-153732896000 rw-p 00000000 00:00 0 
153732896000-153732897000 ---p 00000000 00:00 0 
153732897000-153732998000 rw-p 00000000 00:00 0 
153732998000-153732999000 ---p 00000000 00:00 0 
153732999000-153732a9a000 rw-p 00000000 00:00 0 
153732a9a000-153732e00000 rw-p 00000000 00:00 0 
153732e00000-1537336d4000 r--s 00000000 fd:00 1611280658                 /var/lib/sss/mc/passwd
1537336d5000-1537336da000 rw-p 00000000 00:00 0 
1537336da000-1537337c0000 ---p 00000000 00:00 0 
1537337c0000-1537337c5000 rw-p 00000000 00:00 0 
1537337c5000-1537338ab000 ---p 00000000 00:00 0 
1537338ab000-1537338af000 ---p 00000000 00:00 0 
1537338af000-1537339ab000 rw-p 00000000 00:00 0 
1537339ab000-1537339b8000 r--p 00000000 fd:00 169835                     /usr/lib64/libm.so.6
1537339b8000-153733a28000 r-xp 0000d000 fd:00 169835                     /usr/lib64/libm.so.6
153733a28000-153733a84000 r--p 0007d000 fd:00 169835                     /usr/lib64/libm.so.6
153733a84000-153733a85000 r--p 000d8000 fd:00 169835                     /usr/lib64/libm.so.6
153733a85000-153733a86000 rw-p 000d9000 fd:00 169835                     /usr/lib64/libm.so.6
153733a86000-153734ca2000 r-xp 00000000 00:32 2690282612                 /opt/apps/oracle-java/20.0.1/lib/server/libjvm.so
153734ca2000-153734d6c000 r--p 0121b000 00:32 2690282612                 /opt/apps/oracle-java/20.0.1/lib/server/libjvm.so
153734d6c000-153734da1000 rw-p 012e5000 00:32 2690282612                 /opt/apps/oracle-java/20.0.1/lib/server/libjvm.so
153734da1000-153734e00000 rw-p 00000000 00:00 0 
153734e00000-153734e29000 r--p 00000000 fd:00 169478                     /usr/lib64/libc.so.6
153734e29000-153734f9e000 r-xp 00029000 fd:00 169478                     /usr/lib64/libc.so.6
153734f9e000-153734ff6000 r--p 0019e000 fd:00 169478                     /usr/lib64/libc.so.6
153734ff6000-153734ffa000 r--p 001f6000 fd:00 169478                     /usr/lib64/libc.so.6
153734ffa000-153734ffc000 rw-p 001fa000 fd:00 169478                     /usr/lib64/libc.so.6
153734ffc000-153735009000 rw-p 00000000 00:00 0 
15373500a000-153735016000 r-xp 00000000 00:32 1075234344                 /opt/apps/oracle-java/20.0.1/lib/libnet.so
153735016000-153735017000 r--p 0000b000 00:32 1075234344                 /opt/apps/oracle-java/20.0.1/lib/libnet.so
153735017000-153735018000 rw-p 0000c000 00:32 1075234344                 /opt/apps/oracle-java/20.0.1/lib/libnet.so
153735018000-153735019000 r--p 00000000 fd:00 1610677150                 /usr/lib/locale/C.utf8/LC_NUMERIC
153735019000-15373501a000 r--p 00000000 fd:00 1610677153                 /usr/lib/locale/C.utf8/LC_TIME
15373501a000-153735021000 r--s 00000000 fd:00 1075287776                 /usr/lib64/gconv/gconv-modules.cache
153735021000-153735060000 rw-p 00000000 00:00 0 
153735060000-153735086000 r-xp 00000000 00:32 1075234330                 /opt/apps/oracle-java/20.0.1/lib/libjava.so
153735086000-153735087000 ---p 00026000 00:32 1075234330                 /opt/apps/oracle-java/20.0.1/lib/libjava.so
153735087000-153735088000 r--p 00026000 00:32 1075234330                 /opt/apps/oracle-java/20.0.1/lib/libjava.so
153735088000-153735089000 rw-p 00027000 00:32 1075234330                 /opt/apps/oracle-java/20.0.1/lib/libjava.so
153735089000-15373508a000 rw-p 00000000 00:00 0 
15373508a000-15373508c000 r--p 00000000 fd:00 169914                     /usr/lib64/libnss_sss.so.2
15373508c000-153735094000 r-xp 00002000 fd:00 169914                     /usr/lib64/libnss_sss.so.2
153735094000-153735096000 r--p 0000a000 fd:00 169914                     /usr/lib64/libnss_sss.so.2
153735096000-153735097000 r--p 0000b000 fd:00 169914                     /usr/lib64/libnss_sss.so.2
153735097000-153735098000 rw-p 0000c000 fd:00 169914                     /usr/lib64/libnss_sss.so.2
153735098000-153735099000 r--p 00000000 fd:00 1610677144                 /usr/lib/locale/C.utf8/LC_COLLATE
153735099000-15373509a000 r--p 00000000 fd:00 1610677148                 /usr/lib/locale/C.utf8/LC_MONETARY
15373509a000-15373509b000 r--p 00000000 fd:00 28652                      /usr/lib/locale/C.utf8/LC_MESSAGES/SYS_LC_MESSAGES
15373509b000-15373509c000 r--p 00000000 fd:00 1610677151                 /usr/lib/locale/C.utf8/LC_PAPER
15373509c000-1537350a1000 rw-p 00000000 00:00 0 
1537350a1000-1537350a8000 ---p 00000000 00:00 0 
1537350a8000-1537350c3000 r-xp 00000000 00:32 1075234334                 /opt/apps/oracle-java/20.0.1/lib/libjimage.so
1537350c3000-1537350c4000 ---p 0001b000 00:32 1075234334                 /opt/apps/oracle-java/20.0.1/lib/libjimage.so
1537350c4000-1537350c6000 r--p 0001b000 00:32 1075234334                 /opt/apps/oracle-java/20.0.1/lib/libjimage.so
1537350c6000-1537350c7000 rw-p 0001d000 00:32 1075234334                 /opt/apps/oracle-java/20.0.1/lib/libjimage.so
1537350c7000-1537350c8000 r--p 00000000 fd:00 170046                     /usr/lib64/librt.so.1
1537350c8000-1537350c9000 r-xp 00001000 fd:00 170046                     /usr/lib64/librt.so.1
1537350c9000-1537350ca000 r--p 00002000 fd:00 170046                     /usr/lib64/librt.so.1
1537350ca000-1537350cb000 r--p 00002000 fd:00 170046                     /usr/lib64/librt.so.1
1537350cb000-1537350cc000 rw-p 00003000 fd:00 170046                     /usr/lib64/librt.so.1
1537350cc000-1537350d1000 rw-p 00000000 00:00 0 
1537350d1000-1537350d2000 r--p 00000000 fd:00 169553                     /usr/lib64/libdl.so.2
1537350d2000-1537350d3000 r-xp 00001000 fd:00 169553                     /usr/lib64/libdl.so.2
1537350d3000-1537350d4000 r--p 00002000 fd:00 169553                     /usr/lib64/libdl.so.2
1537350d4000-1537350d5000 r--p 00002000 fd:00 169553                     /usr/lib64/libdl.so.2
1537350d5000-1537350d6000 rw-p 00003000 fd:00 169553                     /usr/lib64/libdl.so.2
1537350d6000-1537350d7000 r--p 00000000 fd:00 170015                     /usr/lib64/libpthread.so.0
1537350d7000-1537350d8000 r-xp 00001000 fd:00 170015                     /usr/lib64/libpthread.so.0
1537350d8000-1537350d9000 r--p 00002000 fd:00 170015                     /usr/lib64/libpthread.so.0
1537350d9000-1537350da000 r--p 00002000 fd:00 170015                     /usr/lib64/libpthread.so.0
1537350da000-1537350db000 rw-p 00003000 fd:00 170015                     /usr/lib64/libpthread.so.0
1537350db000-1537350e9000 r-xp 00000000 00:32 1075234335                 /opt/apps/oracle-java/20.0.1/lib/libjli.so
1537350e9000-1537350ea000 ---p 0000e000 00:32 1075234335                 /opt/apps/oracle-java/20.0.1/lib/libjli.so
1537350ea000-1537350eb000 r--p 0000e000 00:32 1075234335                 /opt/apps/oracle-java/20.0.1/lib/libjli.so
1537350eb000-1537350ec000 rw-p 0000f000 00:32 1075234335                 /opt/apps/oracle-java/20.0.1/lib/libjli.so
1537350ec000-1537350ef000 r--p 00000000 fd:00 170262                     /usr/lib64/libz.so.1.2.11
1537350ef000-1537350fd000 r-xp 00003000 fd:00 170262                     /usr/lib64/libz.so.1.2.11
1537350fd000-153735103000 r--p 00011000 fd:00 170262                     /usr/lib64/libz.so.1.2.11
153735103000-153735104000 ---p 00017000 fd:00 170262                     /usr/lib64/libz.so.1.2.11
153735104000-153735105000 r--p 00017000 fd:00 170262                     /usr/lib64/libz.so.1.2.11
153735105000-153735106000 rw-p 00000000 00:00 0 
153735106000-153735107000 r--p 00000000 fd:00 1610677149                 /usr/lib/locale/C.utf8/LC_NAME
153735107000-153735108000 r--p 00000000 fd:00 1610677143                 /usr/lib/locale/C.utf8/LC_ADDRESS
153735108000-153735109000 r--p 00000000 fd:00 1610677152                 /usr/lib/locale/C.utf8/LC_TELEPHONE
153735109000-15373510a000 r--p 00000000 fd:00 1610677147                 /usr/lib/locale/C.utf8/LC_MEASUREMENT
15373510a000-15373510b000 r--p 00000000 fd:00 1610677146                 /usr/lib/locale/C.utf8/LC_IDENTIFICATION
15373510b000-153735113000 rw-s 00000000 fd:00 4177728                    /tmp/hsperfdata_mmontante/1148703
153735113000-153735114000 ---p 00000000 00:00 0 
153735114000-153735115000 r--p 00000000 00:00 0 
153735115000-153735116000 ---p 00000000 00:00 0 
153735116000-153735118000 rw-p 00000000 00:00 0 
153735118000-15373511a000 r--p 00000000 fd:00 144996                     /usr/lib64/ld-linux-x86-64.so.2
15373511a000-153735142000 r-xp 00002000 fd:00 144996                     /usr/lib64/ld-linux-x86-64.so.2
153735142000-15373514e000 r--p 0002a000 fd:00 144996                     /usr/lib64/ld-linux-x86-64.so.2
15373514e000-153735150000 r--p 00036000 fd:00 144996                     /usr/lib64/ld-linux-x86-64.so.2
153735150000-153735152000 rw-p 00038000 fd:00 144996                     /usr/lib64/ld-linux-x86-64.so.2
55d401d6c000-55d401d6d000 r-xp 00000000 00:32 8601814240                 /opt/apps/oracle-java/20.0.1/bin/java
55d401d6e000-55d401d6f000 r--p 00001000 00:32 8601814240                 /opt/apps/oracle-java/20.0.1/bin/java
55d401d6f000-55d401d70000 rw-p 00002000 00:32 8601814240                 /opt/apps/oracle-java/20.0.1/bin/java
55d4036ed000-55d403734000 rw-p 00000000 00:00 0                          [heap]
7ffcfcf87000-7ffcfcfab000 rw-p 00000000 00:00 0                          [stack]
7ffcfcfdc000-7ffcfcfe0000 r--p 00000000 00:00 0                          [vvar]
7ffcfcfe0000-7ffcfcfe2000 r-xp 00000000 00:00 0                          [vdso]
ffffffffff600000-ffffffffff601000 --xp 00000000 00:00 0                  [vsyscall]


VM Arguments:
jvm_args: --add-opens=java.base/java.lang=ALL-UNNAMED --add-opens=java.base/java.io=ALL-UNNAMED --add-opens=java.base/java.nio=ALL-UNNAMED --add-opens=java.base/java.net=ALL-UNNAMED --add-opens=java.base/java.util=ALL-UNNAMED --add-opens=java.base/java.util.concurrent.locks=ALL-UNNAMED --add-opens=java.base/java.util.concurrent.atomic=ALL-UNNAMED --add-opens=java.base/java.nio.file.spi=ALL-UNNAMED --add-opens=java.base/sun.nio.ch=ALL-UNNAMED --add-opens=java.base/sun.nio.fs=ALL-UNNAMED --add-opens=java.base/sun.net.www.protocol.http=ALL-UNNAMED --add-opens=java.base/sun.net.www.protocol.https=ALL-UNNAMED --add-opens=java.base/sun.net.www.protocol.ftp=ALL-UNNAMED --add-opens=java.base/sun.net.www.protocol.file=ALL-UNNAMED --add-opens=java.base/jdk.internal.misc=ALL-UNNAMED --add-opens=java.base/jdk.internal.vm=ALL-UNNAMED --add-opens=java.base/java.util.regex=ALL-UNNAMED -Djava.io.tmpdir=/tmp -Djava.library.path=/opt/apps/oracle-java/20.0.1/lib:/opt/apps/nextflow/24.04.1/lib:/mnt/data/sur/modules/pkgs/gurobi/13.0.0/lib:/usr/java/packages/lib:/usr/lib64:/lib64:/lib:/usr/lib -Dfile.encoding=UTF-8 -Dcapsule.app=nextflow_24.04.1 -Djava.awt.headless=true -Dcapsule.jar=/home/mmontante/.nextflow/framework/24.04.1/nextflow-24.04.1-one.jar -Dcom.sun.security.enableAIAcaIssuers=true 
java_command: nextflow.cli.Launcher run main.nf -entry COMETS -profile comets -resume
java_class_path (initial): /home/mmontante/.nextflow/framework/24.04.1/nextflow-24.04.1-one.jar:/home/mmontante/.nextflow/capsule/deps/io/nextflow/nextflow/24.04.1/nextflow-24.04.1.jar:/home/mmontante/.nextflow/capsule/deps/org/apache/ivy/ivy/2.5.2/ivy-2.5.2.jar:/home/mmontante/.nextflow/capsule/deps/io/nextflow/nf-httpfs/24.04.1/nf-httpfs-24.04.1.jar:/home/mmontante/.nextflow/capsule/deps/io/nextflow/nf-commons/24.04.1/nf-commons-24.04.1.jar:/home/mmontante/.nextflow/capsule/deps/org/apache/groovy/groovy-templates/4.0.21/groovy-templates-4.0.21.jar:/home/mmontante/.nextflow/capsule/deps/org/apache/groovy/groovy-xml/4.0.21/groovy-xml-4.0.21.jar:/home/mmontante/.nextflow/capsule/deps/org/apache/groovy/groovy-yaml/4.0.21/groovy-yaml-4.0.21.jar:/home/mmontante/.nextflow/capsule/deps/org/apache/groovy/groovy-json/4.0.21/groovy-json-4.0.21.jar:/home/mmontante/.nextflow/capsule/deps/org/apache/groovy/groovy-nio/4.0.21/groovy-nio-4.0.21.jar:/home/mmontante/.nextflow/capsule/deps/org/apache/groovy/groovy/4.0.21/groovy-4.0.21.jar:/home/mmontante/.nextflow/capsule/deps/org/slf4j/jcl-over-slf4j/2.0.7/jcl-over-slf4j-2.0.7.jar:/home/mmontante/.nextflow/capsule/deps/org/slf4j/jul-to-slf4j/2.0.7/jul-to-slf4j-2.0.7.jar:/home/mmontante/.nextflow/capsule/deps/org/slf4j/log4j-over-slf4j/2.0.7/log4j-over-slf4j-2.0.7.jar:/home/mmontante/.nextflow/capsule/deps/ch/qos/logback/logback-classic/1.4.14/logback-classic-1.4.14.jar:/home/mmontante/.nextflow/capsule/deps/ch/qos/logback/logback-core/1.4.14/logback-core-1.4.14.jar:/home/mmontante/.nextflow/capsule/deps/org/codehaus/gpars/gpars/1.2.1/gpars-1.2.1.jar:/home/mmontante/.nextflow/capsule/deps/ch/artecat/grengine/grengine/3.0.2/grengine-3.0.2.jar:/home/mmontante/.nextflow/capsule/deps/commons-lang/commons-lang/2.6/commons-lang-2.6.jar:/home/mmontante/.nextflow/capsule/deps/org/pf4j/pf4j-update/2.3.0/pf4j-update-2.3.0.jar:/home/mmontante/.nextflow/capsule/deps/commons-codec/commons-codec/1.15/commons-codec-1.15.jar:/home/mmontante/.nextflow/capsule/deps/commons-io/commons-io/2.11.0/commons-io-2.11.0.jar:/home/mmontante/.nextflow/capsule/deps/com/beust/jcommander/1.35/jcommander-1.35.jar:/home/mmontante/.nextflow/capsule/deps/com/esotericsoftware/kryo/kryo/2.24.0/kryo-2.24.0.jar:/home/mmontante/.nextflow/capsule/deps/org/iq80/leveldb/leveldb/0.12/leveldb-0.12.jar:/home/mmontante/.nextflow/capsule/deps/org/eclipse/jgit/org.eclipse.jgit/6.6.1.202309021850-r/org.eclipse.jgit-6.6.1.202309021850-r.jar:/home/mmontante/.nextflow/capsule/deps/javax/mail/mail/1.4.7/mail-1.4.7.jar:/home/mmontante/.nextflow/capsule/deps/javax/activation/activation/1.1.1/activation-1.1.1.jar:/home/mmontante/.nextflow/capsule/deps/com/fasterxml/jackson/core/jackson-databind/2.17.0/jackson-databind-2.17.0.jar:/home/mmontante/.nextflow/capsule/deps/com/fasterxml/jackson/core/jackson-core/2.17.0/jackson-core-2.17.0.jar:/home/mmontante/.nextflow/capsule/deps/com/fasterxml/jackson/core/jackson-annotations/2.17.0/jackson-annotations-2.17.0.jar:/home/mmontante/.nextflow/capsule/deps/com/fasterxml/jackson/dataformat/jackson-dataformat-yaml/2.17.0/jackson-dataformat-yaml-2.17.0.jar:/home/mmontante/.nextflow/capsule/deps/org/yaml/snakeyaml/2.2/snakeyaml-2.2.jar:/home/mmontante/.nextflow/capsule/deps/org/jsoup/jsoup/1.15.4/jsoup-1.15.4.jar:/home/mmontante/.nextflow/capsule/deps/jline/jline/2.9/jline-2.9.jar:/home/mmontante/.nextflow/capsule/deps/org/pf4j/pf4j/3.10.0/pf4j-3.10.0.jar:/home/mmontante/.nextflow/capsule/deps/dev/failsafe/failsafe/3.1.0/failsafe-3.1.0.jar:/home/mmontante/.nextflow/capsule/deps/com/google/guava/guava/33.0.0-jre/guava-33.0.0-jre.jar:/home/mmontante/.nextflow/capsule/deps/com/google/code/gson/gson/2.10.1/gson-2.10.1.jar:/home/mmontante/.nextflow/capsule/deps/org/slf4j/slf4j-api/2.0.7/slf4j-api-2.0.7.jar:/home/mmontante/.nextflow/capsule/deps/org/multiverse/multiverse-core/0.7.0/multiverse-core-0.7.0.jar:/home/mmontante/.nextflow/capsule/deps/org/codehaus/jsr166-mirror/jsr166y/1.7.0/jsr166y-1.7.0.jar:/home/mmontante/.nextflow/capsule/deps/org/objenesis/objenesis/2.1/objenesis-2.1.jar:/home/mmontante/.nextflow/capsule/deps/org/iq80/leveldb/leveldb-api/0.12/leveldb-api-0.12.jar:/home/mmontante/.nextflow/capsule/deps/com/googlecode/javaewah/JavaEWAH/1.2.3/JavaEWAH-1.2.3.jar:/home/mmontante/.nextflow/capsule/deps/com/github/zafarkhaja/java-semver/0.9.0/java-semver-0.9.0.jar:/home/mmontante/.nextflow/capsule/deps/com/google/guava/failureaccess/1.0.2/failureaccess-1.0.2.jar:/home/mmontante/.nextflow/capsule/deps/com/google/guava/listenablefuture/9999.0-empty-to-avoid-conflict-with-guava/listenablefuture-9999.0-empty-to-avoid-conflict-with-guava.jar:/home/mmontante/.nextflow/capsule/deps/com/google/code/findbugs/jsr305/3.0.2/jsr305-3.0.2.jar:/home/mmontante/.nextflow/capsule/deps/org/checkerframework/checker-qual/3.41.0/checker-qual-3.41.0.jar:/home/mmontante/.nextflow/capsule/deps/com/google/errorprone/error_prone_annotations/2.23.0/error_prone_annotations-2.23.0.jar:/home/mmontante/.nextflow/capsule/deps/net/bytebuddy/byte-buddy/1.14.9/byte-buddy-1.14.9.jar
Launcher Type: SUN_STANDARD

[Global flags]
     intx CICompilerCount                          = 2                                         {product} {ergonomic}
     uint ConcGCThreads                            = 1                                         {product} {ergonomic}
     uint G1ConcRefinementThreads                  = 2                                         {product} {ergonomic}
   size_t G1HeapRegionSize                         = 16777216                                  {product} {ergonomic}
    uintx GCDrainStackTargetSize                   = 64                                        {product} {ergonomic}
   size_t InitialHeapSize                          = 2147483648                                {product} {ergonomic}
   size_t MarkStackSize                            = 4194304                                   {product} {ergonomic}
   size_t MaxHeapSize                              = 31675383808                               {product} {ergonomic}
   size_t MaxNewSize                               = 18991808512                               {product} {ergonomic}
   size_t MinHeapDeltaBytes                        = 16777216                                  {product} {ergonomic}
   size_t MinHeapSize                              = 16777216                                  {product} {ergonomic}
    uintx NonNMethodCodeHeapSize                   = 5826188                                {pd product} {ergonomic}
    uintx NonProfiledCodeHeapSize                  = 122916026                              {pd product} {ergonomic}
    uintx ProfiledCodeHeapSize                     = 122916026                              {pd product} {ergonomic}
    uintx ReservedCodeCacheSize                    = 251658240                              {pd product} {ergonomic}
     bool SegmentedCodeCache                       = true                                      {product} {ergonomic}
   size_t SoftMaxHeapSize                          = 31675383808                            {manageable} {ergonomic}
     bool UseCompressedClassPointers               = true                           {product lp64_product} {ergonomic}
     bool UseCompressedOops                        = true                           {product lp64_product} {ergonomic}
     bool UseG1GC                                  = true                                      {product} {ergonomic}

Logging:
Log output configuration:
 #0: stdout all=warning uptime,level,tags foldmultilines=false
 #1: stderr all=off uptime,level,tags foldmultilines=false

Environment Variables:
JAVA_HOME=/opt/apps/oracle-java/20.0.1
PATH=/opt/apps/oracle-java/20.0.1/bin:/opt/apps/nextflow/24.04.1:/mnt/data/sur/modules/pkgs/mamba/main/condabin:/home/mmontante/.local/bin:/home/mmontante/bin:/usr/local/bin:/usr/bin:/usr/local/sbin:/usr/sbin
LD_LIBRARY_PATH=/opt/apps/oracle-java/20.0.1/lib:/opt/apps/nextflow/24.04.1/lib
SHELL=/bin/bash
LANG=C.UTF-8
TERM=xterm-256color
TMPDIR=/tmp

Active Locale:
LC_ALL=C.UTF-8
LC_COLLATE=C.UTF-8
LC_CTYPE=C.UTF-8
LC_MESSAGES=C.UTF-8
LC_MONETARY=C.UTF-8
LC_NUMERIC=C.UTF-8
LC_TIME=C.UTF-8

Signal Handlers:
   SIGSEGV: crash_handler in libjvm.so, mask=11100100010111111101111111111110, flags=SA_RESTART|SA_SIGINFO, unblocked
    SIGBUS: crash_handler in libjvm.so, mask=11100100010111111101111111111110, flags=SA_RESTART|SA_SIGINFO, unblocked
    SIGFPE: crash_handler in libjvm.so, mask=11100100010111111101111111111110, flags=SA_RESTART|SA_SIGINFO, unblocked
   SIGPIPE: javaSignalHandler in libjvm.so, mask=11100100010111111101111111111110, flags=SA_RESTART|SA_SIGINFO, blocked
   SIGXFSZ: javaSignalHandler in libjvm.so, mask=11100100010111111101111111111110, flags=SA_RESTART|SA_SIGINFO, blocked
    SIGILL: crash_handler in libjvm.so, mask=11100100010111111101111111111110, flags=SA_RESTART|SA_SIGINFO, unblocked
   SIGUSR2: SR_handler in libjvm.so, mask=00000000000000000000000000000000, flags=SA_RESTART|SA_SIGINFO, blocked
    SIGHUP: UserHandler in libjvm.so, mask=11100100010111111101111111111110, flags=SA_RESTART|SA_SIGINFO, blocked
    SIGINT: UserHandler in libjvm.so, mask=11100100010111111101111111111110, flags=SA_RESTART|SA_SIGINFO, blocked
   SIGTERM: UserHandler in libjvm.so, mask=11100100010111111101111111111110, flags=SA_RESTART|SA_SIGINFO, blocked
   SIGQUIT: UserHandler in libjvm.so, mask=11100100010111111101111111111110, flags=SA_RESTART|SA_SIGINFO, blocked
   SIGTRAP: crash_handler in libjvm.so, mask=11100100010111111101111111111110, flags=SA_RESTART|SA_SIGINFO, unblocked


---------------  S Y S T E M  ---------------

OS:
Rocky Linux release 9.7 (Blue Onyx)
uname: Linux 5.14.0-611.54.1.el9_7.x86_64 #1 SMP PREEMPT_DYNAMIC Tue May 5 16:52:47 UTC 2026 x86_64
OS uptime: 59 days 3:25 hours
libc: glibc 2.34 NPTL 2.34 
rlimit (soft/hard): STACK infinity/infinity , CORE infinity/infinity , NPROC 61493/1029539 , NOFILE 131072/131072 , AS infinity/infinity , CPU infinity/infinity , DATA infinity/infinity , FSIZE infinity/infinity , MEMLOCK infinity/infinity
load average: 21.44 21.25 21.45

/proc/meminfo:
MemTotal:       263886960 kB
MemFree:        18443384 kB
MemAvailable:   226761408 kB
Buffers:             664 kB
Cached:         206558364 kB
SwapCached:            0 kB
Active:         45572912 kB
Inactive:       192381088 kB
Active(anon):   31691656 kB
Inactive(anon):   255676 kB
Active(file):   13881256 kB
Inactive(file): 192125412 kB
Unevictable:           0 kB
Mlocked:               0 kB
SwapTotal:             0 kB
SwapFree:              0 kB
Zswap:                 0 kB
Zswapped:              0 kB
Dirty:               152 kB
Writeback:             4 kB
AnonPages:      29022776 kB
Mapped:           982092 kB
Shmem:            552360 kB
KReclaimable:    4159400 kB
Slab:            4970336 kB
SReclaimable:    4159400 kB
SUnreclaim:       810936 kB
KernelStack:       28752 kB
PageTables:        90968 kB
SecPageTables:      2056 kB
NFS_Unstable:          0 kB
Bounce:                0 kB
WritebackTmp:          0 kB
CommitLimit:    131943480 kB
Committed_AS:   44074808 kB
VmallocTotal:   34359738367 kB
VmallocUsed:      480648 kB
VmallocChunk:          0 kB
Percpu:            82944 kB
HardwareCorrupted:     0 kB
AnonHugePages:   8484864 kB
ShmemHugePages:        0 kB
ShmemPmdMapped:        0 kB
FileHugePages:         0 kB
FilePmdMapped:         0 kB
CmaTotal:              0 kB
CmaFree:               0 kB
Unaccepted:            0 kB
HugePages_Total:       0
HugePages_Free:        0
HugePages_Rsvd:        0
HugePages_Surp:        0
Hugepagesize:       2048 kB
Hugetlb:               0 kB
DirectMap4k:     1174232 kB
DirectMap2M:    57317376 kB
DirectMap1G:    211812352 kB

/sys/kernel/mm/transparent_hugepage/enabled: [always] madvise never
/sys/kernel/mm/transparent_hugepage/defrag (defrag/compaction efforts parameter): always defer defer+madvise [madvise] never

Process Memory:
Virtual Size: 34317992K (peak: 34379328K)
Resident Set Size: 85548K (peak: 85548K) (anon: 57444K, file: 28104K, shmem: 0K)
Swapped out: 0K
C-Heap outstanding allocations: 22345K, retained: 4806K
glibc malloc tunables: (default)

/proc/sys/kernel/threads-max (system-wide limit on the number of threads): 2059079
/proc/sys/vm/max_map_count (maximum number of memory map areas a process may have): 65530
/proc/sys/kernel/pid_max (system-wide limit on number of process identifiers): 4194304

container (cgroup) information:
container_type: cgroupv2
cpu_cpuset_cpus: not supported
cpu_memory_nodes: not supported
active_processor_count: 2
cpu_quota: no quota
cpu_period: 100000
cpu_shares: no shares
memory_limit_in_bytes: unlimited
memory_and_swap_limit_in_bytes: unlimited
memory_soft_limit_in_bytes: unlimited
memory_usage_in_bytes: 59888 k
memory_max_usage_in_bytes: not supported
memory_swap_current_in_bytes: unlimited
memory_swap_max_limit_in_bytes: unlimited
maximum number of tasks: not supported
current number of tasks: not supported

Steal ticks since vm start: 0
Steal ticks percentage since vm start:  0.000

CPU: total 28 (initial active 2) (14 cores per cpu, 2 threads per core) family 6 model 79 stepping 1 microcode 0xb000040, cx8, cmov, fxsr, ht, mmx, 3dnowpref, sse, sse2, sse3, ssse3, sse4.1, sse4.2, popcnt, lzcnt, tsc, tscinvbit, avx, avx2, aes, erms, clmul, bmi1, bmi2, rtm, adx, fma, vzeroupper, clflush, rdtscp, f16c
CPU Model and flags from /proc/cpuinfo:
model name	: Intel(R) Xeon(R) CPU E5-2690 v4 @ 2.60GHz
flags		: fpu vme de pse tsc msr pae mce cx8 apic sep mtrr pge mca cmov pat pse36 clflush dts acpi mmx fxsr sse sse2 ss ht tm pbe syscall nx pdpe1gb rdtscp lm constant_tsc arch_perfmon pebs bts rep_good nopl xtopology nonstop_tsc cpuid aperfmperf pni pclmulqdq dtes64 monitor ds_cpl vmx smx est tm2 ssse3 sdbg fma cx16 xtpr pdcm pcid dca sse4_1 sse4_2 x2apic movbe popcnt tsc_deadline_timer aes xsave avx f16c rdrand lahf_lm abm 3dnowprefetch cpuid_fault epb cat_l3 cdp_l3 pti ssbd ibrs ibpb stibp tpr_shadow flexpriority ept vpid ept_ad fsgsbase tsc_adjust bmi1 hle avx2 smep bmi2 erms invpcid rtm cqm rdt_a rdseed adx smap intel_pt xsaveopt cqm_llc cqm_occup_llc cqm_mbm_total cqm_mbm_local dtherm ida arat pln pts vnmi md_clear flush_l1d

Online cpus: 0-27
Offline cpus: 
BIOS frequency limitation: <Not Available>
Frequency switch latency (ns): 20000
Available cpu frequencies: <Not Available>
Current governor: performance
Core performance/turbo boost: <Not Available>

Memory: 4k page, physical 263886960k(18444392k free), swap 0k(0k free)
Page Sizes: 4k

vm_info: Java HotSpot(TM) 64-Bit Server VM (20.0.1+9-29) for linux-amd64 JRE (20.0.1+9-29), built on 2023-03-07T13:56:11Z by "mach5one" with gcc 11.2.0

END.
