#
# A fatal error has been detected by the Java Runtime Environment:
#
#  SIGSEGV (0xb) at pc=0x00001467ace05db6, pid=1135158, tid=1135209
#
# JRE version: Java(TM) SE Runtime Environment (20.0.1+9) (build 20.0.1+9-29)
# Java VM: Java HotSpot(TM) 64-Bit Server VM (20.0.1+9-29, mixed mode, sharing, tiered, compressed oops, compressed class ptrs, g1 gc, linux-amd64)
# Problematic frame:
# J 20 c1 java.util.concurrent.ConcurrentHashMap.putVal(Ljava/lang/Object;Ljava/lang/Object;Z)Ljava/lang/Object; java.base@20.0.1 (432 bytes) @ 0x00001467ace05db6 [0x00001467ace05ce0+0x00000000000000d6]
#
# Core dump will be written. Default location: Core dumps may be processed with "/usr/lib/systemd/systemd-coredump %P %u %g %s %t %c %h %d %F" (or dumping to /mnt/data/sur/users/mmontante/SimulacionesMetabolicas/core.1135158)
#
# If you would like to submit a bug report, please visit:
#   https://bugreport.java.com/bugreport/crash.jsp
#

---------------  S U M M A R Y ------------

Command Line: --add-opens=java.base/java.lang=ALL-UNNAMED --add-opens=java.base/java.io=ALL-UNNAMED --add-opens=java.base/java.nio=ALL-UNNAMED --add-opens=java.base/java.net=ALL-UNNAMED --add-opens=java.base/java.util=ALL-UNNAMED --add-opens=java.base/java.util.concurrent.locks=ALL-UNNAMED --add-opens=java.base/java.util.concurrent.atomic=ALL-UNNAMED --add-opens=java.base/java.nio.file.spi=ALL-UNNAMED --add-opens=java.base/sun.nio.ch=ALL-UNNAMED --add-opens=java.base/sun.nio.fs=ALL-UNNAMED --add-opens=java.base/sun.net.www.protocol.http=ALL-UNNAMED --add-opens=java.base/sun.net.www.protocol.https=ALL-UNNAMED --add-opens=java.base/sun.net.www.protocol.ftp=ALL-UNNAMED --add-opens=java.base/sun.net.www.protocol.file=ALL-UNNAMED --add-opens=java.base/jdk.internal.misc=ALL-UNNAMED --add-opens=java.base/jdk.internal.vm=ALL-UNNAMED --add-opens=java.base/java.util.regex=ALL-UNNAMED -Djava.io.tmpdir=/tmp -Djava.library.path=/opt/apps/oracle-java/20.0.1/lib:/opt/apps/nextflow/24.04.1/lib:/mnt/data/sur/modules/pkgs/gurobi/13.0.0/lib:/usr/java/packages/lib:/usr/lib64:/lib64:/lib:/usr/lib -Dfile.encoding=UTF-8 -Dcapsule.app=nextflow_24.04.1 -Djava.awt.headless=true -Dcapsule.jar=/home/mmontante/.nextflow/framework/24.04.1/nextflow-24.04.1-one.jar -Dcom.sun.security.enableAIAcaIssuers=true nextflow.cli.Launcher run main.nf -entry COMETS -profile comets -resume

Host: Intel(R) Xeon(R) CPU E5-2690 v4 @ 2.60GHz, 28 cores, 251G, Rocky Linux release 9.7 (Blue Onyx)
Time: Mon Jul 20 17:30:47 2026 CST elapsed time: 0.084336 seconds (0d 0h 0m 0s)

---------------  T H R E A D  ---------------

Current thread (0x00001467c402c9a0):  JavaThread "main" [_thread_in_Java, id=1135209, stack(0x00001467caf86000,0x00001467cb086000)]

Stack: [0x00001467caf86000,0x00001467cb086000],  sp=0x00001467cb0841a0,  free space=1016k
Native frames: (J=compiled Java code, j=interpreted, Vv=VM code, C=native code)
J 20 c1 java.util.concurrent.ConcurrentHashMap.putVal(Ljava/lang/Object;Ljava/lang/Object;Z)Ljava/lang/Object; java.base@20.0.1 (432 bytes) @ 0x00001467ace05db6 [0x00001467ace05ce0+0x00000000000000d6]
j  java.util.concurrent.ConcurrentHashMap.putIfAbsent(Ljava/lang/Object;Ljava/lang/Object;)Ljava/lang/Object;+4 java.base@20.0.1
j  jdk.internal.module.ServicesCatalog.addProviders(Ljava/lang/String;[Ljdk/internal/module/ServicesCatalog$ServiceProvider;)V+33 java.base@20.0.1
j  jdk.internal.module.ServicesCatalog.register(Ljava/lang/Module;)V+111 java.base@20.0.1
j  java.lang.Module.defineModules(Ljava/lang/module/Configuration;Ljava/util/function/Function;Ljava/lang/ModuleLayer;)Ljava/util/Map;+747 java.base@20.0.1
j  java.lang.ModuleLayer.<init>(Ljava/lang/module/Configuration;Ljava/util/List;Ljava/util/function/Function;)V+34 java.base@20.0.1
j  java.lang.ModuleLayer.defineModules(Ljava/lang/module/Configuration;Ljava/util/List;Ljava/util/function/Function;)Ljava/lang/ModuleLayer$Controller;+36 java.base@20.0.1
j  java.lang.ModuleLayer.defineModules(Ljava/lang/module/Configuration;Ljava/util/function/Function;)Ljava/lang/ModuleLayer;+6 java.base@20.0.1
j  jdk.internal.module.ModuleBootstrap.boot2()Ljava/lang/ModuleLayer;+1207 java.base@20.0.1
j  jdk.internal.module.ModuleBootstrap.boot()Ljava/lang/ModuleLayer;+64 java.base@20.0.1
j  java.lang.System.initPhase2(ZZ)I+0 java.base@20.0.1
v  ~StubRoutines::call_stub 0x00001467b4338cc6
V  [libjvm.so+0x8a84c5]  JavaCalls::call_helper(JavaValue*, methodHandle const&, JavaCallArguments*, JavaThread*)+0x315
V  [libjvm.so+0x8a8883]  JavaCalls::call_static(JavaValue*, Klass*, Symbol*, Symbol*, JavaCallArguments*, JavaThread*)+0x113
V  [libjvm.so+0xe672e8]  Threads::create_vm(JavaVMInitArgs*, bool*)+0x758
V  [libjvm.so+0x959281]  JNI_CreateJavaVM+0x51
C  [libjli.so+0x39eb]  JavaMain+0x8b
C  [libjli.so+0x7c59]  ThreadJavaMain+0x9

siginfo: si_signo: 11 (SIGSEGV), si_code: 128 (SI_KERNEL), si_addr: 0x0000000000000000

Registers:
RAX=0x000000000000025b, RBX=0x0084000000000168, RCX=0x000000011f037da0, RDX=0x00000007ff019300
RSP=0x00001467cb0841a0, RBP=0x00001467cb084310, RSI=0x000000011f019380, RDI=0x000014676400dcc0
R8 =0x0000000000000001, R9 =0x0000000000000004, R10=0x00001467cc3f1480, R11=0x00001467ace05d00
R12=0x0000000000000000, R13=0x00001467cb0842a8, R14=0x00001467cb084330, R15=0x00001467c402c9a0
RIP=0x00001467ace05db6, EFLAGS=0x0000000000010206, CSGSFS=0x002b000000000033, ERR=0x0000000000000000
  TRAPNO=0x000000000000000d


Register to memory mapping:

RAX=0x000000000000025b is an unknown value
RBX=0x0084000000000168 is an unknown value
RCX=0x000000011f037da0 is an oop: java.util.concurrent.CopyOnWriteArrayList 
{0x000000011f037da0} - klass: 'java/util/concurrent/CopyOnWriteArrayList'
 - ---- fields (total size 3 words):
 - final transient 'lock' 'Ljava/lang/Object;' @12  a 'java/lang/Object'{0x000000011f037db8} (0x23e06fb7)
 - private volatile transient 'array' '[Ljava/lang/Object;' @16  a 'java/lang/Object'[1] {0x000000011f037dc8} (0x23e06fb9)
RDX=0x00000007ff019300 is an oop: java.lang.String 
{0x00000007ff019300} - klass: 'java/lang/String'
 - string: "java.security.Provider"
 - ---- fields (total size 3 words):
 - private 'hash' 'I' @12  1822217267 (0x6c9cd433)
 - private final 'coder' 'B' @16  0 (0x00)
 - private 'hashIsZero' 'Z' @17  false (0x00)
 - abstract internal 'flags' 'B' @18  1 (0x01)
 - private final synchronized 'value' '[B' @20  [B{0x00000007ff0192d8} (0xffe0325b)
RSP=0x00001467cb0841a0 is pointing into the stack for thread: 0x00001467c402c9a0
RBP=0x00001467cb084310 is pointing into the stack for thread: 0x00001467c402c9a0
RSI=0x000000011f019380 is an oop: java.util.concurrent.ConcurrentHashMap 
{0x000000011f019380} - klass: 'java/util/concurrent/ConcurrentHashMap'
 - ---- fields (total size 8 words):
 - transient 'keySet' 'Ljava/util/Set;' @12  NULL (0x00000000)
 - transient 'values' 'Ljava/util/Collection;' @16  NULL (0x00000000)
 - private volatile transient 'sizeCtl' 'I' @20  64 (0x00000040)
 - private volatile transient 'baseCount' 'J' @24  0 (0x0000000000000000)
 - private volatile transient 'transferIndex' 'I' @32  0 (0x00000000)
 - private volatile transient 'cellsBusy' 'I' @36  0 (0x00000000)
 - volatile transient 'table' '[Ljava/util/concurrent/ConcurrentHashMap$Node;' @40  NULL (0x00000000)
 - private volatile transient 'nextTable' '[Ljava/util/concurrent/ConcurrentHashMap$Node;' @44  NULL (0x00000000)
 - private volatile transient 'counterCells' '[Ljava/util/concurrent/ConcurrentHashMap$CounterCell;' @48  NULL (0x00000000)
 - private transient 'keySet' 'Ljava/util/concurrent/ConcurrentHashMap$KeySetView;' @52  NULL (0x00000000)
 - private transient 'values' 'Ljava/util/concurrent/ConcurrentHashMap$ValuesView;' @56  NULL (0x00000000)
 - private transient 'entrySet' 'Ljava/util/concurrent/ConcurrentHashMap$EntrySetView;' @60  NULL (0x00000000)
RDI=0x000014676400dcc0 is pointing into metadata
R8 =0x0000000000000001 is an unknown value
R9 =0x0000000000000004 is an unknown value
R10=0x00001467cc3f1480: <offset 0x000000000136b480> in /opt/apps/oracle-java/20.0.1/lib/server/libjvm.so at 0x00001467cb086000
R11=0x00001467ace05d00 is at entry_point+32 in (nmethod*)0x00001467ace05990
Compiled method (c1)      92   20   !   3       java.util.concurrent.ConcurrentHashMap::putVal (432 bytes)
 total in heap  [0x00001467ace05990,0x00001467ace081d8] = 10312
 relocation     [0x00001467ace05ad8,0x00001467ace05cd8] = 512
 main code      [0x00001467ace05ce0,0x00001467ace07780] = 6816
 stub code      [0x00001467ace07780,0x00001467ace07868] = 232
 metadata       [0x00001467ace07868,0x00001467ace07888] = 32
 scopes data    [0x00001467ace07888,0x00001467ace07dd8] = 1360
 scopes pcs     [0x00001467ace07dd8,0x00001467ace08068] = 656
 dependencies   [0x00001467ace08068,0x00001467ace08070] = 8
 handler table  [0x00001467ace08070,0x00001467ace081a8] = 312
 nul chk table  [0x00001467ace081a8,0x00001467ace081d8] = 48
R12=0x0 is NULL
R13=0x00001467cb0842a8 is pointing into the stack for thread: 0x00001467c402c9a0
R14=0x00001467cb084330 is pointing into the stack for thread: 0x00001467c402c9a0
R15=0x00001467c402c9a0 is a thread


Top of Stack: (sp=0x00001467cb0841a0)
0x00001467cb0841a0:   00001467cb0842e0 00001467cb927806
0x00001467cb0841b0:   00001467b4354d10 00000000000003d8
0x00001467cb0841c0:   00001467c402de20 00001467c402de30
0x00001467cb0841d0:   00001467c402e208 00001467c402de30
0x00001467cb0841e0:   00001467c402de00 00001467cb084210
0x00001467cb0841f0:   000000080076fdd0 00001467c402c9a0
0x00001467cb084200:   0000000800105e70 000000011f019380
0x00001467cb084210:   00000007ff019300 000000011f037da0
0x00001467cb084220:   0000000000000001 0000000000000000
0x00001467cb084230:   00001467cb084320 00001467b4365a1d
0x00001467cb084240:   00001467b4354d10 0000000000000000
0x00001467cb084250:   0000000000000000 00001467cb084380
0x00001467cb084260:   00001467cb084320 00000008009098ea
0x00001467cb084270:   0000000800006bb0 0000000800105e70
0x00001467cb084280:   00001467c402c9a0 0000000800066a20
0x00001467cb084290:   00001467cb084310 00001467b4355503
0x00001467cb0842a0:   00001467b4355503 0000000000000001
0x00001467cb0842b0:   000000011f037da0 00000007ff019300
0x00001467cb0842c0:   000000011f019380 00001467cb0842c8
0x00001467cb0842d0:   0000000800b70f24 00001467cb084330
0x00001467cb0842e0:   0000000800409de8 000014676400f7b0
0x00001467cb0842f0:   00000007fef07ea8 0000000800066a20
0x00001467cb084300:   00001467cb0842a8 00001467cb084320
0x00001467cb084310:   00001467cb084380 00001467b4355953
0x00001467cb084320:   000000011f037da0 00000007ff019300
0x00001467cb084330:   000000011f019380 00001467cb084338
0x00001467cb084340:   0000000800b2f4f9 00001467cb0843b0
0x00001467cb084350:   00000008003d9198 0000000000000000
0x00001467cb084360:   00000007fef103d0 00000008003d8e40
0x00001467cb084370:   00001467cb084320 00001467cb0843a0
0x00001467cb084380:   00001467cb084400 00001467b43553aa
0x00001467cb084390:   0000000000000000 000000011f037da0 

Instructions: (pc=0x00001467ace05db6)
0x00001467ace05cb6:   0a 32 01 7c c1 ea 05 28 00 60 0a 32 01 7c 61 fd
0x00001467ace05cc6:   05 28 00 60 0a 32 01 7c b9 e9 05 28 00 60 0a 32
0x00001467ace05cd6:   00 00 00 00 00 00 00 00 00 00 44 8b 56 08 49 bb
0x00001467ace05ce6:   00 00 00 00 08 00 00 00 4d 03 d3 4c 3b d0 0f 85
0x00001467ace05cf6:   06 56 59 07 66 0f 1f 44 00 00 89 84 24 00 c0 fe
0x00001467ace05d06:   ff 55 48 81 ec f0 00 00 00 90 41 81 7f 20 01 00
0x00001467ace05d16:   00 00 74 05 e8 81 b2 57 07 48 89 74 24 68 48 89
0x00001467ace05d26:   54 24 70 48 89 4c 24 78 44 89 84 24 80 00 00 00
0x00001467ace05d36:   48 bf c0 dc 00 64 67 14 00 00 8b 9f f4 00 00 00
0x00001467ace05d46:   83 c3 02 89 9f f4 00 00 00 81 e3 fe 07 00 00 83
0x00001467ace05d56:   fb 00 0f 84 2b 16 00 00 48 83 fa 00 48 bf c0 dc
0x00001467ace05d66:   00 64 67 14 00 00 48 bb 38 01 00 00 00 00 00 00
0x00001467ace05d76:   0f 84 0a 00 00 00 48 bb 48 01 00 00 00 00 00 00
0x00001467ace05d86:   48 8b 04 1f 48 8d 40 01 48 89 04 1f 0f 84 0c 15
0x00001467ace05d96:   00 00 48 83 f9 00 48 bf c0 dc 00 64 67 14 00 00
0x00001467ace05da6:   48 bb 68 01 00 00 00 00 00 00 0f 84 0a 00 00 00
0x00001467ace05db6:   48 bb 58 01 00 00 00 00 00 00 48 8b 04 1f 48 8d
0x00001467ace05dc6:   40 01 48 89 04 1f 0f 84 d2 14 00 00 48 3b 02 48
0x00001467ace05dd6:   8b fa 48 bb c0 dc 00 64 67 14 00 00 8b 7f 08 49
0x00001467ace05de6:   ba 00 00 00 00 08 00 00 00 49 03 fa 48 3b bb 98
0x00001467ace05df6:   01 00 00 75 0d 48 83 83 a0 01 00 00 01 e9 60 00
0x00001467ace05e06:   00 00 48 3b bb a8 01 00 00 75 0d 48 83 83 b0 01
0x00001467ace05e16:   00 00 01 e9 4a 00 00 00 48 83 bb 98 01 00 00 00
0x00001467ace05e26:   75 17 48 89 bb 98 01 00 00 48 c7 83 a0 01 00 00
0x00001467ace05e36:   01 00 00 00 e9 29 00 00 00 48 83 bb a8 01 00 00
0x00001467ace05e46:   00 75 17 48 89 bb a8 01 00 00 48 c7 83 b0 01 00
0x00001467ace05e56:   00 01 00 00 00 e9 08 00 00 00 48 83 83 88 01 00
0x00001467ace05e66:   00 01 48 8b f2 66 90 48 b8 ff ff ff ff ff ff ff
0x00001467ace05e76:   ff e8 84 5a 59 07 48 be c0 dc 00 64 67 14 00 00
0x00001467ace05e86:   48 83 86 c0 01 00 00 01 48 be c0 e5 00 64 67 14
0x00001467ace05e96:   00 00 8b be f4 00 00 00 83 c7 02 89 be f4 00 00
0x00001467ace05ea6:   00 81 e7 fe ff 1f 00 83 ff 00 0f 84 f9 14 00 00 


Stack slot to memory mapping:
stack at sp + 0 slots: 0x00001467cb0842e0 is pointing into the stack for thread: 0x00001467c402c9a0
stack at sp + 1 slots: 0x00001467cb927806: <offset 0x00000000008a1806> in /opt/apps/oracle-java/20.0.1/lib/server/libjvm.so at 0x00001467cb086000
stack at sp + 2 slots: 0x00001467b4354d10 is at code_begin+-112 in 
[CodeBlob (0x00001467b4354d10)]
Framesize: 0
BufferBlob (0x00001467b4354d10) used for Interpreter
stack at sp + 3 slots: 0x00000000000003d8 is an unknown value
stack at sp + 4 slots: 0x00001467c402de20 points into unknown readable memory: 0x0000000000000000 | 00 00 00 00 00 00 00 00
stack at sp + 5 slots: 0x00001467c402de30 points into unknown readable memory: 0x6974752e6176616a | 6a 61 76 61 2e 75 74 69
stack at sp + 6 slots: 0x00001467c402e208 points into unknown readable memory: 0x0000000000000045 | 45 00 00 00 00 00 00 00
stack at sp + 7 slots: 0x00001467c402de30 points into unknown readable memory: 0x6974752e6176616a | 6a 61 76 61 2e 75 74 69


Compiled method (c1)      96   20   !   3       java.util.concurrent.ConcurrentHashMap::putVal (432 bytes)
 total in heap  [0x00001467ace05990,0x00001467ace081d8] = 10312
 relocation     [0x00001467ace05ad8,0x00001467ace05cd8] = 512
 main code      [0x00001467ace05ce0,0x00001467ace07780] = 6816
 stub code      [0x00001467ace07780,0x00001467ace07868] = 232
 metadata       [0x00001467ace07868,0x00001467ace07888] = 32
 scopes data    [0x00001467ace07888,0x00001467ace07dd8] = 1360
 scopes pcs     [0x00001467ace07dd8,0x00001467ace08068] = 656
 dependencies   [0x00001467ace08068,0x00001467ace08070] = 8
 handler table  [0x00001467ace08070,0x00001467ace081a8] = 312
 nul chk table  [0x00001467ace081a8,0x00001467ace081d8] = 48

[Constant Pool (empty)]

[MachCode]
[Entry Point]
  # {method} {0x0000000800409650} 'putVal' '(Ljava/lang/Object;Ljava/lang/Object;Z)Ljava/lang/Object;' in 'java/util/concurrent/ConcurrentHashMap'
  # this:     rsi:rsi   = 'java/util/concurrent/ConcurrentHashMap'
  # parm0:    rdx:rdx   = 'java/lang/Object'
  # parm1:    rcx:rcx   = 'java/lang/Object'
  # parm2:    r8        = boolean
  #           [sp+0x100]  (sp of caller)
  0x00001467ace05ce0: 448b 5608 | 49bb 0000 | 0000 0800 | 0000 4d03 | d34c 3bd0 

  0x00001467ace05cf4: ;   {runtime_call ic_miss_stub}
  0x00001467ace05cf4: 0f85 0656 | 5907 660f | 1f44 0000 
[Verified Entry Point]
  0x00001467ace05d00: 8984 2400 | c0fe ff55 | 4881 ecf0 | 0000 0090 | 4181 7f20 | 0100 0000 

  0x00001467ace05d18: ;   {runtime_call StubRoutines (2)}
  0x00001467ace05d18: 7405 e881 | b257 0748 | 8974 2468 | 4889 5424 | 7048 894c | 2478 4489 | 8424 8000 

  0x00001467ace05d34: ;   {metadata(method data for {method} {0x0000000800409650} 'putVal' '(Ljava/lang/Object;Ljava/lang/Object;Z)Ljava/lang/Object;' in 'java/util/concurrent/ConcurrentHashMap')}
  0x00001467ace05d34: 0000 48bf | c0dc 0064 | 6714 0000 | 8b9f f400 | 0000 83c3 | 0289 9ff4 | 0000 0081 | e3fe 0700 
  0x00001467ace05d54: 0083 fb00 | 0f84 2b16 | 0000 4883 

  0x00001467ace05d60: ;   {metadata(method data for {method} {0x0000000800409650} 'putVal' '(Ljava/lang/Object;Ljava/lang/Object;Z)Ljava/lang/Object;' in 'java/util/concurrent/ConcurrentHashMap')}
  0x00001467ace05d60: fa00 48bf | c0dc 0064 | 6714 0000 | 48bb 3801 | 0000 0000 | 0000 0f84 | 0a00 0000 | 48bb 4801 
  0x00001467ace05d80: 0000 0000 | 0000 488b | 041f 488d | 4001 4889 | 041f 0f84 | 0c15 0000 | 4883 f900 

  0x00001467ace05d9c: ;   {metadata(method data for {method} {0x0000000800409650} 'putVal' '(Ljava/lang/Object;Ljava/lang/Object;Z)Ljava/lang/Object;' in 'java/util/concurrent/ConcurrentHashMap')}
  0x00001467ace05d9c: 48bf c0dc | 0064 6714 | 0000 48bb | 6801 0000 | 0000 0000 | 0f84 0a00 | 0000 48bb | 5801 0000 
  0x00001467ace05dbc: 0000 0000 | 488b 041f | 488d 4001 | 4889 041f | 0f84 d214 | 0000 483b | 0248 8bfa 

  0x00001467ace05dd8: ;   {metadata(method data for {method} {0x0000000800409650} 'putVal' '(Ljava/lang/Object;Ljava/lang/Object;Z)Ljava/lang/Object;' in 'java/util/concurrent/ConcurrentHashMap')}
  0x00001467ace05dd8: 48bb c0dc | 0064 6714 | 0000 8b7f | 0849 ba00 | 0000 0008 | 0000 0049 | 03fa 483b | bb98 0100 
  0x00001467ace05df8: 0075 0d48 | 8383 a001 | 0000 01e9 | 6000 0000 | 483b bba8 | 0100 0075 | 0d48 8383 | b001 0000 
  0x00001467ace05e18: 01e9 4a00 | 0000 4883 | bb98 0100 | 0000 7517 | 4889 bb98 | 0100 0048 | c783 a001 | 0000 0100 
  0x00001467ace05e38: 0000 e929 | 0000 0048 | 83bb a801 | 0000 0075 | 1748 89bb | a801 0000 | 48c7 83b0 | 0100 0001 
  0x00001467ace05e58: 0000 00e9 | 0800 0000 | 4883 8388 | 0100 0001 | 488b f266 | 9048 b8ff | ffff ffff 

  0x00001467ace05e74: ;   {virtual_call}
  0x00001467ace05e74: ffff ffe8 

  0x00001467ace05e78: ; ImmutableOopMap {[104]=Oop [112]=Oop [120]=Oop }
                      ;*invokevirtual hashCode {reexecute=0 rethrow=0 return_oop=0}
                      ; - java.util.concurrent.ConcurrentHashMap::putVal@17 (line 1012)
  0x00001467ace05e78: 845a 5907 

  0x00001467ace05e7c: ;   {metadata(method data for {method} {0x0000000800409650} 'putVal' '(Ljava/lang/Object;Ljava/lang/Object;Z)Ljava/lang/Object;' in 'java/util/concurrent/ConcurrentHashMap')}
  0x00001467ace05e7c: 48be c0dc | 0064 6714 | 0000 4883 | 86c0 0100 

  0x00001467ace05e8c: ;   {metadata(method data for {method} {0x0000000800409700} 'spread' '(I)I' in 'java/util/concurrent/ConcurrentHashMap')}
  0x00001467ace05e8c: 0001 48be | c0e5 0064 | 6714 0000 | 8bbe f400 | 0000 83c7 | 0289 bef4 | 0000 0081 | e7fe ff1f 
  0x00001467ace05eac: 0083 ff00 | 0f84 f914 | 0000 488b | f0c1 ee10 | 4833 f081 | e6ff ffff | 7f89 b424 | 8800 0000 
  0x00001467ace05ecc: 488b 7c24 | 688b 5f28 | 48c1 e303 | b800 0000 | 0089 8424 | 8400 0000 | 0f1f 4000 | 4883 fb00 
  0x00001467ace05eec: ;   {metadata(method data for {method} {0x0000000800409650} 'putVal' '(Ljava/lang/Object;Ljava/lang/Object;Z)Ljava/lang/Object;' in 'java/util/concurrent/ConcurrentHashMap')}
  0x00001467ace05eec: 49b9 c0dc | 0064 6714 | 0000 49bb | d001 0000 | 0000 0000 | 0f84 0a00 | 0000 49bb | e001 0000 
  0x00001467ace05f0c: 0000 0000 | 4f8b 2c19 | 4d8d 6d01 | 4f89 2c19 | 0f84 3e00 | 0000 448b | 4b0c 4183 

  0x00001467ace05f28: ;   {metadata(method data for {method} {0x0000000800409650} 'putVal' '(Ljava/lang/Object;Ljava/lang/Object;Z)Ljava/lang/Object;' in 'java/util/concurrent/ConcurrentHashMap')}
  0x00001467ace05f28: f900 49bb | c0dc 0064 | 6714 0000 | 49bd f001 | 0000 0000 | 0000 0f85 | 0a00 0000 | 49bd 0002 
  0x00001467ace05f48: 0000 0000 | 0000 4f8b | 342b 4d8d | 7601 4f89 | 342b 0f85 | 4d00 0000 

  0x00001467ace05f60: ;   {metadata(method data for {method} {0x0000000800409650} 'putVal' '(Ljava/lang/Object;Ljava/lang/Object;Z)Ljava/lang/Object;' in 'java/util/concurrent/ConcurrentHashMap')}
  0x00001467ace05f60: 488b df49 | b9c0 dc00 | 6467 1400 | 0049 8381 | 1002 0000 | 0148 8bf7 | 0f1f 8000 

  0x00001467ace05f7c: ;   {optimized virtual_call}
  0x00001467ace05f7c: 0000 00e8 

  0x00001467ace05f80: ; ImmutableOopMap {[104]=Oop [112]=Oop [120]=Oop }
                      ;*invokevirtual initTable {reexecute=0 rethrow=0 return_oop=0}
                      ; - java.util.concurrent.ConcurrentHashMap::putVal@49 (line 1017)
  0x00001467ace05f80: 7c56 5907 

  0x00001467ace05f84: ;   {metadata(method data for {method} {0x0000000800409650} 'putVal' '(Ljava/lang/Object;Ljava/lang/Object;Z)Ljava/lang/Object;' in 'java/util/concurrent/ConcurrentHashMap')}
  0x00001467ace05f84: 48be c0dc | 0064 6714 | 0000 ff86 | 4802 0000 | 8bb4 2484 | 0000 0044 | 8b84 2480 | 0000 0048 
  0x00001467ace05fa4: 8b4c 2478 | e9cb 1000 | 0041 ffc9 | 4423 8c24 | 8800 0000 

  0x00001467ace05fb8: ;   {metadata(method data for {method} {0x0000000800409650} 'putVal' '(Ljava/lang/Object;Ljava/lang/Object;Z)Ljava/lang/Object;' in 'java/util/concurrent/ConcurrentHashMap')}
  0x00001467ace05fb8: 48be c0dc | 0064 6714 | 0000 4883 | 8660 0200 | 0001 488b | f349 8bd1 | 4489 8c24 | 8c00 0000 
  0x00001467ace05fd8: 4889 9c24 | 9000 0000 | 0f1f 8000 

  0x00001467ace05fe4: ;   {static_call}
  0x00001467ace05fe4: 0000 00e8 

  0x00001467ace05fe8: ; ImmutableOopMap {[104]=Oop [112]=Oop [120]=Oop [144]=Oop }
                      ;*invokestatic tabAt {reexecute=0 rethrow=0 return_oop=0}
                      ; - java.util.concurrent.ConcurrentHashMap::putVal@69 (line 1018)
  0x00001467ace05fe8: 145c 5907 | 4889 8424 | 9800 0000 | 4883 f800 

  0x00001467ace05ff8: ;   {metadata(method data for {method} {0x0000000800409650} 'putVal' '(Ljava/lang/Object;Ljava/lang/Object;Z)Ljava/lang/Object;' in 'java/util/concurrent/ConcurrentHashMap')}
  0x00001467ace05ff8: 48ba c0dc | 0064 6714 | 0000 48be | 7002 0000 | 0000 0000 | 0f85 0a00 | 0000 48be | 8002 0000 
  0x00001467ace06018: 0000 0000 | 488b 3c32 | 488d 7f01 | 4889 3c32 | 0f85 e001 | 0000 8bb4 | 2488 0000 | 0048 8b4c 
  0x00001467ace06038: 2478 488b | 5424 7048 

  0x00001467ace06040: ;   {metadata('java/util/concurrent/ConcurrentHashMap$Node')}
  0x00001467ace06040: 8bda 48ba | 5835 1800 | 0800 0000 | 4c8b d94c | 8bce 498b | 87f8 0000 | 0048 8d78 | 2049 3bbf 
  0x00001467ace06060: 0801 0000 | 0f87 6b13 | 0000 4989 | bff8 0000 | 0048 c700 | 0100 0000 | 488b ca49 | ba00 0000 
  0x00001467ace06080: 0008 0000 | 0049 2bca | 8948 0848 | 33c9 8948 | 0c48 33c9 | 4889 4810 | 4889 4818 

  0x00001467ace0609c: ;   {metadata(method data for {method} {0x0000000800409650} 'putVal' '(Ljava/lang/Object;Ljava/lang/Object;Z)Ljava/lang/Object;' in 'java/util/concurrent/ConcurrentHashMap')}
  0x00001467ace0609c: 488b f048 | bac0 dc00 | 6467 1400 | 0048 8382 | 9002 0000 

  0x00001467ace060b0: ;   {metadata(method data for {method} {0x0000000800183d38} '<init>' '(ILjava/lang/Object;Ljava/lang/Object;)V' in 'java/util/concurrent/ConcurrentHashMap$Node')}
  0x00001467ace060b0: 0148 be18 | e700 6467 | 1400 008b | 96f4 0000 | 0083 c202 | 8996 f400 | 0000 81e2 | feff 1f00 
  0x00001467ace060d0: 83fa 000f | 8409 1300 | 0048 8bf0 

  0x00001467ace060dc: ;   {metadata(method data for {method} {0x0000000800183d38} '<init>' '(ILjava/lang/Object;Ljava/lang/Object;)V' in 'java/util/concurrent/ConcurrentHashMap$Node')}
  0x00001467ace060dc: 48ba 18e7 | 0064 6714 | 0000 4883 | 8238 0100 

  0x00001467ace060ec: ;   {metadata(method data for {method} {0x00000008004745c8} '<init>' '()V' in 'java/lang/Object')}
  0x00001467ace060ec: 0001 48be | 90a7 0064 | 6714 0000 | 8b96 f400 | 0000 83c2 | 0289 96f4 | 0000 0081 | e2fe ff1f 
  0x00001467ace0610c: 0083 fa00 | 0f84 ed12 | 0000 4489 | 480c 410f | be77 4083 | fe00 0f85 | fc12 0000 | 4c8b d349 
  0x00001467ace0612c: c1ea 0344 | 8950 1048 | 8bf0 4833 | f348 c1ee | 1848 83fe | 000f 85fc | 1200 0041 | 0fbe 7740 
  0x00001467ace0614c: 83fe 000f | 8506 1300 | 004d 8bd3 | 49c1 ea03 | 4489 5014 | f083 4424 | c000 488b | f049 33f3 
  0x00001467ace0616c: 48c1 ee18 | 4883 fe00 | 0f85 0013 

  0x00001467ace06178: ;   {metadata(method data for {method} {0x0000000800409650} 'putVal' '(Ljava/lang/Object;Ljava/lang/Object;Z)Ljava/lang/Object;' in 'java/util/concurrent/ConcurrentHashMap')}
  0x00001467ace06178: 0000 48be | c0dc 0064 | 6714 0000 | 4883 86a0 | 0200 0001 | 488b b424 | 9000 0000 | 8b94 248c 
  0x00001467ace06198: ;   {oop(NULL)}
  0x00001467ace06198: 0000 0048 | b900 0000 | 0000 0000 | 004c 8bc0 | 0f1f 8000 

  0x00001467ace061ac: ;   {static_call}
  0x00001467ace061ac: 0000 00e8 

  0x00001467ace061b0: ; ImmutableOopMap {[104]=Oop [112]=Oop [120]=Oop [144]=Oop }
                      ;*invokestatic casTabAt {reexecute=0 rethrow=0 return_oop=0}
                      ; - java.util.concurrent.ConcurrentHashMap::putVal@94 (line 1019)
  0x00001467ace061b0: 4c5a 5907 

  0x00001467ace061b4: ;   {metadata(method data for {method} {0x0000000800409650} 'putVal' '(Ljava/lang/Object;Ljava/lang/Object;Z)Ljava/lang/Object;' in 'java/util/concurrent/ConcurrentHashMap')}
  0x00001467ace061b4: 83f8 0048 | bac0 dc00 | 6467 1400 | 0048 b9c0 | 0200 0000 | 0000 000f | 850a 0000 | 0048 b9b0 
  0x00001467ace061d4: 0200 0000 | 0000 0048 | 8b34 0a48 | 8d76 0148 | 8934 0a0f | 85ef 0f00 | 0048 8b84 | 2490 0000 
  0x00001467ace061f4: 008b b424 | 8400 0000 | 448b 8424 | 8000 0000 | 488b 4c24 | 78e9 6a0e | 0000 8b78 | 0c83 ffff 
  0x00001467ace06214: ;   {metadata(method data for {method} {0x0000000800409650} 'putVal' '(Ljava/lang/Object;Ljava/lang/Object;Z)Ljava/lang/Object;' in 'java/util/concurrent/ConcurrentHashMap')}
  0x00001467ace06214: 48ba c0dc | 0064 6714 | 0000 48b9 | e802 0000 | 0000 0000 | 0f85 0a00 | 0000 48b9 | f802 0000 
  0x00001467ace06234: 0000 0000 | 488b 340a | 488d 7601 | 4889 340a | 0f85 5b00 | 0000 488b 

  0x00001467ace0624c: ;   {metadata(method data for {method} {0x0000000800409650} 'putVal' '(Ljava/lang/Object;Ljava/lang/Object;Z)Ljava/lang/Object;' in 'java/util/concurrent/ConcurrentHashMap')}
  0x00001467ace0624c: 7424 6848 | bac0 dc00 | 6467 1400 | 0048 8382 | 0803 0000 | 0148 8b94 | 2490 0000 | 0048 8bc8 
  0x00001467ace0626c: 488b 7424 | 6866 0f1f 

  0x00001467ace06274: ;   {optimized virtual_call}
  0x00001467ace06274: 4400 00e8 

  0x00001467ace06278: ; ImmutableOopMap {[104]=Oop [112]=Oop [120]=Oop }
                      ;*invokevirtual helpTransfer {reexecute=0 rethrow=0 return_oop=0}
                      ; - java.util.concurrent.ConcurrentHashMap::putVal@120 (line 1023)
  0x00001467ace06278: 8453 5907 

  0x00001467ace0627c: ;   {metadata(method data for {method} {0x0000000800409650} 'putVal' '(Ljava/lang/Object;Ljava/lang/Object;Z)Ljava/lang/Object;' in 'java/util/concurrent/ConcurrentHashMap')}
  0x00001467ace0627c: 48ba c0dc | 0064 6714 | 0000 ff82 | 4003 0000 | 8bb4 2484 | 0000 0044 | 8b84 2480 | 0000 0048 
  0x00001467ace0629c: 8b4c 2478 | e9d3 0d00 | 0044 8b84 | 2480 0000 | 0041 83f8 

  0x00001467ace062b0: ;   {metadata(method data for {method} {0x0000000800409650} 'putVal' '(Ljava/lang/Object;Ljava/lang/Object;Z)Ljava/lang/Object;' in 'java/util/concurrent/ConcurrentHashMap')}
  0x00001467ace062b0: 0048 bac0 | dc00 6467 | 1400 0048 | be68 0300 | 0000 0000 | 000f 850a | 0000 0048 | be58 0300 
  0x00001467ace062d0: 0000 0000 | 0048 8b1c | 3248 8d5b | 0148 891c | 320f 850c | 0000 0089 | bc24 a000 | 0000 e90b 
  0x00001467ace062f0: 0200 003b | bc24 8800 

  0x00001467ace062f8: ;   {metadata(method data for {method} {0x0000000800409650} 'putVal' '(Ljava/lang/Object;Ljava/lang/Object;Z)Ljava/lang/Object;' in 'java/util/concurrent/ConcurrentHashMap')}
  0x00001467ace062f8: 0000 48ba | c0dc 0064 | 6714 0000 | 48be 8803 | 0000 0000 | 0000 0f84 | 0a00 0000 | 48be 7803 
  0x00001467ace06318: 0000 0000 | 0000 488b | 1c32 488d | 5b01 4889 | 1c32 0f84 | 0c00 0000 | 89bc 24a0 | 0000 00e9 
  0x00001467ace06338: c201 0000 | 488b 5424 | 708b 7010 | 48c1 e603 

  0x00001467ace06348: ;   {metadata(method data for {method} {0x0000000800409650} 'putVal' '(Ljava/lang/Object;Ljava/lang/Object;Z)Ljava/lang/Object;' in 'java/util/concurrent/ConcurrentHashMap')}
  0x00001467ace06348: 483b f248 | bbc0 dc00 | 6467 1400 | 0048 b9a8 | 0300 0000 | 0000 000f | 850a 0000 | 0048 b998 
  0x00001467ace06368: 0300 0000 | 0000 004c | 8b0c 0b4d | 8d49 014c | 890c 0b0f | 850c 0000 | 0089 bc24 | a000 0000 
  0x00001467ace06388: e930 0100 | 0048 83fe 

  0x00001467ace06390: ;   {metadata(method data for {method} {0x0000000800409650} 'putVal' '(Ljava/lang/Object;Ljava/lang/Object;Z)Ljava/lang/Object;' in 'java/util/concurrent/ConcurrentHashMap')}
  0x00001467ace06390: 0048 bbc0 | dc00 6467 | 1400 0048 | b9b8 0300 | 0000 0000 | 000f 840a | 0000 0048 | b9c8 0300 
  0x00001467ace063b0: 0000 0000 | 004c 8b0c | 0b4d 8d49 | 014c 890c | 0b89 bc24 | a000 0000 | 0f84 3001 | 0000 488b 
  0x00001467ace063d0: ;   {metadata(method data for {method} {0x0000000800409650} 'putVal' '(Ljava/lang/Object;Ljava/lang/Object;Z)Ljava/lang/Object;' in 'java/util/concurrent/ConcurrentHashMap')}
  0x00001467ace063d0: da48 b9c0 | dc00 6467 | 1400 008b | 5b08 49ba | 0000 0000 | 0800 0000 | 4903 da48 | 3b99 e803 
  0x00001467ace063f0: 0000 750d | 4883 81f0 | 0300 0001 | e960 0000 | 0048 3b99 | f803 0000 | 750d 4883 | 8100 0400 
  0x00001467ace06410: 0001 e94a | 0000 0048 | 83b9 e803 | 0000 0075 | 1748 8999 | e803 0000 | 48c7 81f0 | 0300 0001 
  0x00001467ace06430: 0000 00e9 | 2900 0000 | 4883 b9f8 | 0300 0000 | 7517 4889 | 99f8 0300 | 0048 c781 | 0004 0000 
  0x00001467ace06450: 0100 0000 | e908 0000 | 0048 8381 | d803 0000 | 0148 8bda | 488b d648 | 8bf3 6666 | 9048 b8ff 
  0x00001467ace06470: ffff ffff 

  0x00001467ace06474: ;   {virtual_call}
  0x00001467ace06474: ffff ffe8 

  0x00001467ace06478: ; ImmutableOopMap {[104]=Oop [112]=Oop [120]=Oop [144]=Oop [152]=Oop }
                      ;*invokevirtual equals {reexecute=0 rethrow=0 return_oop=0}
                      ; - java.util.concurrent.ConcurrentHashMap::putVal@159 (line 1026)
  0x00001467ace06478: 8454 5907 

  0x00001467ace0647c: ;   {metadata(method data for {method} {0x0000000800409650} 'putVal' '(Ljava/lang/Object;Ljava/lang/Object;Z)Ljava/lang/Object;' in 'java/util/concurrent/ConcurrentHashMap')}
  0x00001467ace0647c: 83f8 0048 | b8c0 dc00 | 6467 1400 | 0048 be10 | 0400 0000 | 0000 000f | 840a 0000 | 0048 be20 
  0x00001467ace0649c: 0400 0000 | 0000 0048 | 8b14 3048 | 8d52 0148 | 8914 3048 | 8b84 2498 | 0000 000f | 8441 0000 
  0x00001467ace064bc: 008b 7014 | 48c1 e603 | 4883 fe00 

  0x00001467ace064c8: ;   {metadata(method data for {method} {0x0000000800409650} 'putVal' '(Ljava/lang/Object;Ljava/lang/Object;Z)Ljava/lang/Object;' in 'java/util/concurrent/ConcurrentHashMap')}
  0x00001467ace064c8: 48ba c0dc | 0064 6714 | 0000 48bf | 4004 0000 | 0000 0000 | 0f85 0a00 | 0000 48bf | 3004 0000 
  0x00001467ace064e8: 0000 0000 | 488b 1c3a | 488d 5b01 | 4889 1c3a | 0f85 c50c | 0000 488d | b424 d000 | 0000 488b 
  0x00001467ace06508: f848 897e | 0848 8b07 | 4883 c801 | 4889 06f0 | 480f b137 | 0f84 1200 | 0000 482b | c448 2507 
  0x00001467ace06528: f0ff ff48 | 8906 0f85 | 630f 0000 | 49ff 8778 

  0x00001467ace06538: ;   {metadata(method data for {method} {0x0000000800409650} 'putVal' '(Ljava/lang/Object;Ljava/lang/Object;Z)Ljava/lang/Object;' in 'java/util/concurrent/ConcurrentHashMap')}
  0x00001467ace06538: 0400 0048 | bec0 dc00 | 6467 1400 | 0048 8386 | 5004 0000 | 0148 8bb4 | 2490 0000 | 008b 9424 
  0x00001467ace06558: 8c00 0000 

  0x00001467ace0655c: ;   {static_call}
  0x00001467ace0655c: 6666 90e8 

  0x00001467ace06560: ; ImmutableOopMap {[104]=Oop [112]=Oop [120]=Oop [144]=Oop [152]=Oop [216]=Oop }
                      ;*invokestatic tabAt {reexecute=0 rethrow=0 return_oop=0}
                      ; - java.util.concurrent.ConcurrentHashMap::putVal@192 (line 1032)
  0x00001467ace06560: 9c56 5907 | 488b bc24 | 9800 0000 

  0x00001467ace0656c: ;   {metadata(method data for {method} {0x0000000800409650} 'putVal' '(Ljava/lang/Object;Ljava/lang/Object;Z)Ljava/lang/Object;' in 'java/util/concurrent/ConcurrentHashMap')}
  0x00001467ace0656c: 483b c748 | bac0 dc00 | 6467 1400 | 0048 be70 | 0400 0000 | 0000 000f | 840a 0000 | 0048 be60 
  0x00001467ace0658c: 0400 0000 | 0000 0048 | 8b1c 3248 | 8d5b 0148 | 891c 320f | 8423 0000 | 008b 8424 | 8400 0000 
  0x00001467ace065ac: ;   {oop(NULL)}
  0x00001467ace065ac: 48bf 0000 | 0000 0000 | 0000 448b | 8424 8000 | 0000 488b | 4c24 78e9 | 2f0a 0000 | 8b94 24a0 
  0x00001467ace065cc: 0000 0083 

  0x00001467ace065d0: ;   {metadata(method data for {method} {0x0000000800409650} 'putVal' '(Ljava/lang/Object;Ljava/lang/Object;Z)Ljava/lang/Object;' in 'java/util/concurrent/ConcurrentHashMap')}
  0x00001467ace065d0: fa00 48ba | c0dc 0064 | 6714 0000 | 48be 8004 | 0000 0000 | 0000 0f8c | 0a00 0000 | 48be 9004 
  0x00001467ace065f0: 0000 0000 | 0000 488b | 1c32 488d | 5b01 4889 | 1c32 488b | c70f 8cf4 | 0400 00bb | 0100 0000 
  0x00001467ace06610: 899c 24a4 | 0000 008b | b424 8800 | 0000 488b | 5424 708b | 480c 3bce 

  0x00001467ace06628: ;   {metadata(method data for {method} {0x0000000800409650} 'putVal' '(Ljava/lang/Object;Ljava/lang/Object;Z)Ljava/lang/Object;' in 'java/util/concurrent/ConcurrentHashMap')}
  0x00001467ace06628: 48b9 c0dc | 0064 6714 | 0000 49b8 | b004 0000 | 0000 0000 | 0f84 0a00 | 0000 49b8 | a004 0000 
  0x00001467ace06648: 0000 0000 | 4e8b 0c01 | 4d8d 4901 | 4e89 0c01 | 0f84 0800 | 0000 4c8b | c0e9 7701 | 0000 8b48 
  0x00001467ace06668: 1048 c1e1 | 0348 3bca 

  0x00001467ace06670: ;   {metadata(method data for {method} {0x0000000800409650} 'putVal' '(Ljava/lang/Object;Ljava/lang/Object;Z)Ljava/lang/Object;' in 'java/util/concurrent/ConcurrentHashMap')}
  0x00001467ace06670: 49b8 c0dc | 0064 6714 | 0000 49b9 | c004 0000 | 0000 0000 | 0f84 0a00 | 0000 49b9 | d004 0000 
  0x00001467ace06690: 0000 0000 | 4f8b 1c08 | 4d8d 5b01 | 4f89 1c08 | 0f84 cf01 | 0000 4883 

  0x00001467ace066a8: ;   {metadata(method data for {method} {0x0000000800409650} 'putVal' '(Ljava/lang/Object;Ljava/lang/Object;Z)Ljava/lang/Object;' in 'java/util/concurrent/ConcurrentHashMap')}
  0x00001467ace066a8: f900 49b8 | c0dc 0064 | 6714 0000 | 49b9 f004 | 0000 0000 | 0000 0f85 | 0a00 0000 | 49b9 e004 
  0x00001467ace066c8: 0000 0000 | 0000 4f8b | 1c08 4d8d | 5b01 4f89 | 1c08 0f85 | 0800 0000 | 4c8b c0e9 | f500 0000 
  0x00001467ace066e8: 4889 8424 | a800 0000 

  0x00001467ace066f0: ;   {metadata(method data for {method} {0x0000000800409650} 'putVal' '(Ljava/lang/Object;Ljava/lang/Object;Z)Ljava/lang/Object;' in 'java/util/concurrent/ConcurrentHashMap')}
  0x00001467ace066f0: 4c8b c249 | b9c0 dc00 | 6467 1400 | 0045 8b40 | 0849 ba00 | 0000 0008 | 0000 004d | 03c2 4d3b 
  0x00001467ace06710: 8110 0500 | 0075 0d49 | 8381 1805 | 0000 01e9 | 6000 0000 | 4d3b 8120 | 0500 0075 | 0d49 8381 
  0x00001467ace06730: 2805 0000 | 01e9 4a00 | 0000 4983 | b910 0500 | 0000 7517 | 4d89 8110 | 0500 0049 | c781 1805 
  0x00001467ace06750: 0000 0100 | 0000 e929 | 0000 0049 | 83b9 2005 | 0000 0075 | 174d 8981 | 2005 0000 | 49c7 8128 
  0x00001467ace06770: 0500 0001 | 0000 00e9 | 0800 0000 | 4983 8100 | 0500 0001 | 4c8b c248 | 8bd1 498b | f048 b8ff 
  0x00001467ace06790: ffff ffff 

  0x00001467ace06794: ;   {virtual_call}
  0x00001467ace06794: ffff ffe8 

  0x00001467ace06798: ; ImmutableOopMap {[104]=Oop [112]=Oop [120]=Oop [144]=Oop [152]=Oop [168]=Oop [216]=Oop }
                      ;*invokevirtual equals {reexecute=0 rethrow=0 return_oop=0}
                      ; - java.util.concurrent.ConcurrentHashMap::putVal@242 (line 1039)
  0x00001467ace06798: 6451 5907 

  0x00001467ace0679c: ;   {metadata(method data for {method} {0x0000000800409650} 'putVal' '(Ljava/lang/Object;Ljava/lang/Object;Z)Ljava/lang/Object;' in 'java/util/concurrent/ConcurrentHashMap')}
  0x00001467ace0679c: 83f8 0048 | bac0 dc00 | 6467 1400 | 0048 be48 | 0500 0000 | 0000 000f | 850a 0000 | 0048 be38 
  0x00001467ace067bc: 0500 0000 | 0000 0048 | 8b3c 3248 | 8d7f 0148 | 893c 324c | 8b84 24a8 | 0000 000f | 859b 0000 
  0x00001467ace067dc: 0041 8b50 | 1848 c1e2 | 0348 83fa 

  0x00001467ace067e8: ;   {metadata(method data for {method} {0x0000000800409650} 'putVal' '(Ljava/lang/Object;Ljava/lang/Object;Z)Ljava/lang/Object;' in 'java/util/concurrent/ConcurrentHashMap')}
  0x00001467ace067e8: 0048 bec0 | dc00 6467 | 1400 0048 | bfa0 0500 | 0000 0000 | 000f 840a | 0000 0048 | bf90 0500 
  0x00001467ace06808: 0000 0000 | 0048 8b04 | 3e48 8d40 | 0148 8904 | 3e8b 9c24 | a400 0000 | 0f84 1701 | 0000 ffc3 
  0x00001467ace06828: ;   {metadata(method data for {method} {0x0000000800409650} 'putVal' '(Ljava/lang/Object;Ljava/lang/Object;Z)Ljava/lang/Object;' in 'java/util/concurrent/ConcurrentHashMap')}
  0x00001467ace06828: 48be c0dc | 0064 6714 | 0000 8bbe | f800 0000 | 83c7 0289 | bef8 0000 | 0081 e7fe | 3f00 0083 
  0x00001467ace06848: ff00 0f84 | 5f0c 0000 | 4d8b 9780 

  0x00001467ace06854: ; ImmutableOopMap {rdx=Oop [104]=Oop [112]=Oop [120]=Oop [144]=Oop [152]=Oop [216]=Oop }
                      ;*goto {reexecute=1 rethrow=0 return_oop=0}
                      ; - (reexecute) java.util.concurrent.ConcurrentHashMap::putVal@305 (line 1035)
                      ;   {poll}
  0x00001467ace06854: 0300 0041 

  0x00001467ace06858: ;   {metadata(method data for {method} {0x0000000800409650} 'putVal' '(Ljava/lang/Object;Ljava/lang/Object;Z)Ljava/lang/Object;' in 'java/util/concurrent/ConcurrentHashMap')}
  0x00001467ace06858: 8502 48be | c0dc 0064 | 6714 0000 | ff86 d805 | 0000 4c8b | c249 8bc0 | e99b fdff | ff4c 8bc0 
  0x00001467ace06878: 8b9c 24a4 | 0000 0044 | 8b8c 2480 | 0000 0041 | 8b50 1448 | c1e2 0341 

  0x00001467ace06890: ;   {metadata(method data for {method} {0x0000000800409650} 'putVal' '(Ljava/lang/Object;Ljava/lang/Object;Z)Ljava/lang/Object;' in 'java/util/concurrent/ConcurrentHashMap')}
  0x00001467ace06890: 83f9 0048 | bec0 dc00 | 6467 1400 | 0048 bf68 | 0500 0000 | 0000 000f | 840a 0000 | 0048 bf58 
  0x00001467ace068b0: 0500 0000 | 0000 0048 | 8b04 3e48 | 8d40 0148 | 8904 3e0f | 8417 0000 | 0044 8bac | 2488 0000 
  0x00001467ace068d0: 004c 8b74 | 2478 4c8b | 5c24 70e9 | fe01 0000 | 488b 4c24 | 7841 0fbe | 7740 83fe | 000f 85dd 
  0x00001467ace068f0: 0b00 004c | 8bd1 49c1 | ea03 4589 | 5014 f083 | 4424 c000 | 498b c048 | 33c1 48c1 | e818 4883 
  0x00001467ace06910: f800 0f85 | d80b 0000 

  0x00001467ace06918: ;   {metadata(method data for {method} {0x0000000800409650} 'putVal' '(Ljava/lang/Object;Ljava/lang/Object;Z)Ljava/lang/Object;' in 'java/util/concurrent/ConcurrentHashMap')}
  0x00001467ace06918: 48be c0dc | 0064 6714 | 0000 ff86 | 7805 0000 | 448b ac24 | 8800 0000 | 4c8b f14c | 8b5c 2470 
  0x00001467ace06938: e9a1 0100 | 008b b424 | 8800 0000 | 448b 8c24 | 8000 0000 | 488b 4c24 | 7848 8b54 | 2470 4c8b 
  0x00001467ace06958: ;   {metadata('java/util/concurrent/ConcurrentHashMap$Node')}
  0x00001467ace06958: da48 ba58 | 3518 0008 | 0000 004c | 8bf1 4c8b | ee49 8b87 | f800 0000 | 488d 7820 | 493b bf08 
  0x00001467ace06978: 0100 000f | 8787 0b00 | 0049 89bf | f800 0000 | 48c7 0001 | 0000 0048 | 8bca 49ba | 0000 0000 
  0x00001467ace06998: 0800 0000 | 492b ca89 | 4808 4833 | c989 480c | 4833 c948 | 8948 1048 | 8948 1848 

  0x00001467ace069b4: ;   {metadata(method data for {method} {0x0000000800409650} 'putVal' '(Ljava/lang/Object;Ljava/lang/Object;Z)Ljava/lang/Object;' in 'java/util/concurrent/ConcurrentHashMap')}
  0x00001467ace069b4: 8bd0 48b9 | c0dc 0064 | 6714 0000 | 4883 81b0 | 0500 0001 

  0x00001467ace069c8: ;   {metadata(method data for {method} {0x0000000800183d38} '<init>' '(ILjava/lang/Object;Ljava/lang/Object;)V' in 'java/util/concurrent/ConcurrentHashMap$Node')}
  0x00001467ace069c8: 48ba 18e7 | 0064 6714 | 0000 8b8a | f400 0000 | 83c1 0289 | 8af4 0000 | 0081 e1fe | ff1f 0083 
  0x00001467ace069e8: f900 0f84 | 250b 0000 

  0x00001467ace069f0: ;   {metadata(method data for {method} {0x0000000800183d38} '<init>' '(ILjava/lang/Object;Ljava/lang/Object;)V' in 'java/util/concurrent/ConcurrentHashMap$Node')}
  0x00001467ace069f0: 488b d048 | b918 e700 | 6467 1400 | 0048 8381 | 3801 0000 

  0x00001467ace06a04: ;   {metadata(method data for {method} {0x00000008004745c8} '<init>' '()V' in 'java/lang/Object')}
  0x00001467ace06a04: 0148 ba90 | a700 6467 | 1400 008b | 8af4 0000 | 0083 c102 | 898a f400 | 0000 81e1 | feff 1f00 
  0x00001467ace06a24: 83f9 000f | 8409 0b00 | 0044 8968 | 0c41 0fbe | 5740 83fa | 000f 8518 | 0b00 004d | 8bd3 49c1 
  0x00001467ace06a44: ea03 4489 | 5010 488b | d049 33d3 | 48c1 ea18 | 4883 fa00 | 0f85 180b | 0000 410f | be57 4083 
  0x00001467ace06a64: fa00 0f85 | 220b 0000 | 4d8b d649 | c1ea 0344 | 8950 14f0 | 8344 24c0 | 0048 8bd0 | 4933 d648 
  0x00001467ace06a84: c1ea 1848 | 83fa 000f | 851c 0b00 | 0041 0fbe | 5740 83fa | 000f 8526 | 0b00 004c | 8bd0 49c1 
  0x00001467ace06aa4: ea03 4589 | 5018 f083 | 4424 c000 | 498b d048 | 33d0 48c1 | ea18 4883 | fa00 0f85 | 210b 0000 
  0x00001467ace06ac4: ;   {metadata(method data for {method} {0x0000000800409650} 'putVal' '(Ljava/lang/Object;Ljava/lang/Object;Z)Ljava/lang/Object;' in 'java/util/concurrent/ConcurrentHashMap')}
  0x00001467ace06ac4: 48ba c0dc | 0064 6714 | 0000 ff82 | c005 0000 

  0x00001467ace06ad4: ;   {oop(NULL)}
  0x00001467ace06ad4: 48ba 0000 | 0000 0000 

  0x00001467ace06adc: ;   {metadata(method data for {method} {0x0000000800409650} 'putVal' '(Ljava/lang/Object;Ljava/lang/Object;Z)Ljava/lang/Object;' in 'java/util/concurrent/ConcurrentHashMap')}
  0x00001467ace06adc: 0000 48b9 | c0dc 0064 | 6714 0000 | ff81 f005 | 0000 488b | fa48 8bc3 | 4d8b c149 | 8bce e9f8 
  0x00001467ace06afc: 0400 0044 | 8bac 2488 | 0000 0044 | 8b8c 2480 | 0000 004c | 8b74 2478 | 4c8b 5c24 | 7048 83f8 
  0x00001467ace06b1c: ;   {metadata(method data for {method} {0x0000000800409650} 'putVal' '(Ljava/lang/Object;Ljava/lang/Object;Z)Ljava/lang/Object;' in 'java/util/concurrent/ConcurrentHashMap')}
  0x00001467ace06b1c: 0075 1749 | b8c0 dc00 | 6467 1400 | 0041 8088 | 0106 0000 | 01e9 f900 | 0000 6690 

  0x00001467ace06b38: ;   {no_reloc}
  0x00001467ace06b38: e9cf 0a00 | 0000 0000 | 0000 448b | 4008 49ba | 0000 0000 | 0800 0000 | 4d03 c24c | 3bc6 0f84 
  0x00001467ace06b58: 2a00 0000 | 8b4e 1449 | 3b34 080f | 841d 0000 | 0083 f920 | 0f85 a100 | 0000 4150 

  0x00001467ace06b74: ;   {runtime_call slow_subtype_check Runtime1 stub}
  0x00001467ace06b74: 56e8 06b1 | 5c07 4158 | 5e83 fe00 | 0f84 8d00 

  0x00001467ace06b84: ;   {metadata(method data for {method} {0x0000000800409650} 'putVal' '(Ljava/lang/Object;Ljava/lang/Object;Z)Ljava/lang/Object;' in 'java/util/concurrent/ConcurrentHashMap')}
  0x00001467ace06b84: 0000 49b8 | c0dc 0064 | 6714 0000 | 8b70 0849 | ba00 0000 | 0008 0000 | 0049 03f2 | 493b b018 
  0x00001467ace06ba4: 0600 0075 | 0d49 8380 | 2006 0000 | 01e9 7e00 | 0000 493b | b028 0600 | 0075 0d49 | 8380 3006 
  0x00001467ace06bc4: 0000 01e9 | 6800 0000 | 4983 b818 | 0600 0000 | 7517 4989 | b018 0600 | 0049 c780 | 2006 0000 
  0x00001467ace06be4: 0100 0000 | e947 0000 | 0049 83b8 | 2806 0000 | 0075 1749 | 89b0 2806 | 0000 49c7 | 8030 0600 
  0x00001467ace06c04: 0001 0000 | 00e9 2600 | 0000 e921 

  0x00001467ace06c10: ;   {metadata(method data for {method} {0x0000000800409650} 'putVal' '(Ljava/lang/Object;Ljava/lang/Object;Z)Ljava/lang/Object;' in 'java/util/concurrent/ConcurrentHashMap')}
  0x00001467ace06c10: 0000 0049 | b8c0 dc00 | 6467 1400 | 0049 83a8 | 0806 0000 | 01e9 0500 | 0000 e905 | 0000 0048 
  0x00001467ace06c30: 33d2 eb0a | 48ba 0100 | 0000 0000 | 0000 83fa 

  0x00001467ace06c40: ;   {metadata(method data for {method} {0x0000000800409650} 'putVal' '(Ljava/lang/Object;Ljava/lang/Object;Z)Ljava/lang/Object;' in 'java/util/concurrent/ConcurrentHashMap')}
  0x00001467ace06c40: 0048 bac0 | dc00 6467 | 1400 0048 | b940 0600 | 0000 0000 | 000f 840a | 0000 0048 | b950 0600 
  0x00001467ace06c60: 0000 0000 | 004c 8b04 | 0a4d 8d40 | 014c 8904 | 0a0f 8439 | 0200 0048 | 83f8 0075 

  0x00001467ace06c7c: ;   {metadata(method data for {method} {0x0000000800409650} 'putVal' '(Ljava/lang/Object;Ljava/lang/Object;Z)Ljava/lang/Object;' in 'java/util/concurrent/ConcurrentHashMap')}
  0x00001467ace06c7c: 1648 b9c0 | dc00 6467 | 1400 0080 | 8959 0600 | 0001 e9f9 | 0000 000f | 1f44 0000 

  0x00001467ace06c98: ;   {no_reloc}
  0x00001467ace06c98: e988 0900 | 0000 0000 | 0000 8b48 | 0849 ba00 | 0000 0008 | 0000 0049 | 03ca 483b | cf0f 8428 
  0x00001467ace06cb8: 0000 008b | 5714 483b | 3c11 0f84 | 1b00 0000 | 83fa 200f | 859f 0000 

  0x00001467ace06cd0: ;   {runtime_call slow_subtype_check Runtime1 stub}
  0x00001467ace06cd0: 0051 57e8 | a8af 5c07 | 595f 83ff | 000f 848d 

  0x00001467ace06ce0: ;   {metadata(method data for {method} {0x0000000800409650} 'putVal' '(Ljava/lang/Object;Ljava/lang/Object;Z)Ljava/lang/Object;' in 'java/util/concurrent/ConcurrentHashMap')}
  0x00001467ace06ce0: 0000 0048 | b9c0 dc00 | 6467 1400 | 008b 7808 | 49ba 0000 | 0000 0800 | 0000 4903 | fa48 3bb9 
  0x00001467ace06d00: 7006 0000 | 750d 4883 | 8178 0600 | 0001 e979 | 0000 0048 | 3bb9 8006 | 0000 750d | 4883 8188 
  0x00001467ace06d20: 0600 0001 | e963 0000 | 0048 83b9 | 7006 0000 | 0075 1748 | 89b9 7006 | 0000 48c7 | 8178 0600 
  0x00001467ace06d40: 0001 0000 | 00e9 4200 | 0000 4883 | b980 0600 | 0000 7517 | 4889 b980 | 0600 0048 | c781 8806 
  0x00001467ace06d60: 0000 0100 | 0000 e921 | 0000 00e9 | 1c00 0000 

  0x00001467ace06d70: ;   {metadata(method data for {method} {0x0000000800409650} 'putVal' '(Ljava/lang/Object;Ljava/lang/Object;Z)Ljava/lang/Object;' in 'java/util/concurrent/ConcurrentHashMap')}
  0x00001467ace06d70: 48b9 c0dc | 0064 6714 | 0000 4883 | a960 0600 | 0001 e9a8 | 0800 00e9 | 0000 0000 | 488b f049 
  0x00001467ace06d90: 8bd5 498b | cb4d 8bc6 | 0f1f 4400 | 0048 b8ff | ffff ffff 

  0x00001467ace06da4: ;   {virtual_call}
  0x00001467ace06da4: ffff ffe8 

  0x00001467ace06da8: ; ImmutableOopMap {[104]=Oop [112]=Oop [120]=Oop [144]=Oop [152]=Oop [216]=Oop }
                      ;*invokevirtual putTreeVal {reexecute=0 rethrow=0 return_oop=0}
                      ; - java.util.concurrent.ConcurrentHashMap::putVal@331 (line 1055)
  0x00001467ace06da8: 544b 5907 | 4883 f800 

  0x00001467ace06db0: ;   {metadata(method data for {method} {0x0000000800409650} 'putVal' '(Ljava/lang/Object;Ljava/lang/Object;Z)Ljava/lang/Object;' in 'java/util/concurrent/ConcurrentHashMap')}
  0x00001467ace06db0: 48ba c0dc | 0064 6714 | 0000 48b9 | e006 0000 | 0000 0000 | 0f85 0a00 | 0000 48b9 | d006 0000 
  0x00001467ace06dd0: 0000 0000 | 488b 340a | 488d 7601 | 4889 340a | 0f85 1c00 

  0x00001467ace06de4: ;   {oop(NULL)}
  0x00001467ace06de4: 0000 48b8 | 0000 0000 | 0000 0000 | 448b 8424 | 8000 0000 | 488b 4c24 | 78e9 9100 | 0000 448b 
  0x00001467ace06e04: 8424 8000 | 0000 8b50 | 1448 c1e2 | 0341 83f8 

  0x00001467ace06e14: ;   {metadata(method data for {method} {0x0000000800409650} 'putVal' '(Ljava/lang/Object;Ljava/lang/Object;Z)Ljava/lang/Object;' in 'java/util/concurrent/ConcurrentHashMap')}
  0x00001467ace06e14: 0048 b9c0 | dc00 6467 | 1400 0048 | be00 0700 | 0000 0000 | 000f 840a | 0000 0048 | bef0 0600 
  0x00001467ace06e34: 0000 0000 | 0048 8b3c | 3148 8d7f | 0148 893c | 310f 840d | 0000 0048 | 8bc2 488b | 4c24 78e9 
  0x00001467ace06e54: 3b00 0000 | 488b 4c24 | 7841 0fbe | 7740 83fe | 000f 85d2 | 0700 004c | 8bd1 49c1 | ea03 4489 
  0x00001467ace06e74: 5014 f083 | 4424 c000 | 488b f048 | 33f1 48c1 | ee18 4883 | fe00 0f85 | cc07 0000 

  0x00001467ace06e90: ;   {metadata(method data for {method} {0x0000000800409650} 'putVal' '(Ljava/lang/Object;Ljava/lang/Object;Z)Ljava/lang/Object;' in 'java/util/concurrent/ConcurrentHashMap')}
  0x00001467ace06e90: 488b c248 | bac0 dc00 | 6467 1400 | 00ff 8210 | 0700 0048 | 8bf8 b802 | 0000 00e9 | 4701 0000 
  0x00001467ace06eb0: 4d8b c149 | 8bce 4883 | f800 7516 

  0x00001467ace06ebc: ;   {metadata(method data for {method} {0x0000000800409650} 'putVal' '(Ljava/lang/Object;Ljava/lang/Object;Z)Ljava/lang/Object;' in 'java/util/concurrent/ConcurrentHashMap')}
  0x00001467ace06ebc: 48bf c0dc | 0064 6714 | 0000 808f | 2107 0000 | 01e9 cc00 

  0x00001467ace06ed0: ;   {metadata('java/util/concurrent/ConcurrentHashMap$ReservationNode')}
  0x00001467ace06ed0: 0000 48bb | b046 1800 | 0800 0000 | 8b70 0849 | ba00 0000 | 0008 0000 | 0049 03f2 | 483b de0f 
  0x00001467ace06ef0: 858d 0000 

  0x00001467ace06ef4: ;   {metadata(method data for {method} {0x0000000800409650} 'putVal' '(Ljava/lang/Object;Ljava/lang/Object;Z)Ljava/lang/Object;' in 'java/util/concurrent/ConcurrentHashMap')}
  0x00001467ace06ef4: 0048 bfc0 | dc00 6467 | 1400 008b | 5808 49ba | 0000 0000 | 0800 0000 | 4903 da48 | 3b9f 3807 
  0x00001467ace06f14: 0000 750d | 4883 8740 | 0700 0001 | e97e 0000 | 0048 3b9f | 4807 0000 | 750d 4883 | 8750 0700 
  0x00001467ace06f34: 0001 e968 | 0000 0048 | 83bf 3807 | 0000 0075 | 1748 899f | 3807 0000 | 48c7 8740 | 0700 0001 
  0x00001467ace06f54: 0000 00e9 | 4700 0000 | 4883 bf48 | 0700 0000 | 7517 4889 | 9f48 0700 | 0048 c787 | 5007 0000 
  0x00001467ace06f74: 0100 0000 | e926 0000 | 00e9 2100 

  0x00001467ace06f80: ;   {metadata(method data for {method} {0x0000000800409650} 'putVal' '(Ljava/lang/Object;Ljava/lang/Object;Z)Ljava/lang/Object;' in 'java/util/concurrent/ConcurrentHashMap')}
  0x00001467ace06f80: 0000 48bf | c0dc 0064 | 6714 0000 | 4883 af28 | 0700 0001 | e905 0000 | 00e9 0500 | 0000 4833 
  0x00001467ace06fa0: d2eb 0a48 | ba01 0000 | 0000 0000 | 0083 fa00 

  0x00001467ace06fb0: ;   {metadata(method data for {method} {0x0000000800409650} 'putVal' '(Ljava/lang/Object;Ljava/lang/Object;Z)Ljava/lang/Object;' in 'java/util/concurrent/ConcurrentHashMap')}
  0x00001467ace06fb0: 48ba c0dc | 0064 6714 | 0000 48be | 7007 0000 | 0000 0000 | 0f85 0a00 | 0000 48be | 6007 0000 
  0x00001467ace06fd0: 0000 0000 | 488b 3c32 | 488d 7f01 | 4889 3c32 | 0f85 5e02 | 0000 8b84 | 2484 0000 

  0x00001467ace06fec: ;   {oop(NULL)}
  0x00001467ace06fec: 0048 bf00 | 0000 0000 | 0000 0048 | 8bd8 488d | 8424 d000 | 0000 488b | 1048 85d2 | 0f84 0f00 
  0x00001467ace0700c: 0000 488b | 7008 f048 | 0fb1 160f | 8557 0600 | 0049 ff8f | 7804 0000 

  0x00001467ace07024: ;   {metadata(method data for {method} {0x0000000800409650} 'putVal' '(Ljava/lang/Object;Ljava/lang/Object;Z)Ljava/lang/Object;' in 'java/util/concurrent/ConcurrentHashMap')}
  0x00001467ace07024: 48ba c0dc | 0064 6714 | 0000 ff82 | 9007 0000 

  0x00001467ace07034: ;   {metadata(method data for {method} {0x0000000800409650} 'putVal' '(Ljava/lang/Object;Ljava/lang/Object;Z)Ljava/lang/Object;' in 'java/util/concurrent/ConcurrentHashMap')}
  0x00001467ace07034: 83fb 0048 | bac0 dc00 | 6467 1400 | 0048 beb8 | 0700 0000 | 0000 000f | 850a 0000 | 0048 bea8 
  0x00001467ace07054: 0700 0000 | 0000 0048 | 8b04 3248 | 8d40 0148 | 8904 320f | 8567 0000 | 0048 8b84 | 2490 0000 
  0x00001467ace07074: 0048 8bf3 

  0x00001467ace07078: ;   {metadata(method data for {method} {0x0000000800409650} 'putVal' '(Ljava/lang/Object;Ljava/lang/Object;Z)Ljava/lang/Object;' in 'java/util/concurrent/ConcurrentHashMap')}
  0x00001467ace07078: 48ba c0dc | 0064 6714 | 0000 8bba | f800 0000 | 83c7 0289 | baf8 0000 | 0081 e7fe | 3f00 0083 
  0x00001467ace07098: ff00 0f84 | ea05 0000 | 4d8b 9780 

  0x00001467ace070a4: ; ImmutableOopMap {rcx=Oop rax=Oop [104]=Oop [112]=Oop [120]=Oop }
                      ;*goto {reexecute=1 rethrow=0 return_oop=0}
                      ; - (reexecute) java.util.concurrent.ConcurrentHashMap::putVal@420 (line 1074)
                      ;   {poll}
  0x00001467ace070a4: 0300 0041 

  0x00001467ace070a8: ;   {metadata(method data for {method} {0x0000000800409650} 'putVal' '(Ljava/lang/Object;Ljava/lang/Object;Z)Ljava/lang/Object;' in 'java/util/concurrent/ConcurrentHashMap')}
  0x00001467ace070a8: 8502 48ba | c0dc 0064 | 6714 0000 | ff82 4008 | 0000 488b | d048 8bc6 | 488b da89 | 8424 8400 
  0x00001467ace070c8: 0000 488b | 7c24 68e9 | 14ee ffff | 488b 9424 | 9000 0000 

  0x00001467ace070dc: ;   {metadata(method data for {method} {0x0000000800409650} 'putVal' '(Ljava/lang/Object;Ljava/lang/Object;Z)Ljava/lang/Object;' in 'java/util/concurrent/ConcurrentHashMap')}
  0x00001467ace070dc: 83fb 0848 | b9c0 dc00 | 6467 1400 | 0048 bed8 | 0700 0000 | 0000 000f | 8d0a 0000 | 0048 bec8 
  0x00001467ace070fc: 0700 0000 | 0000 0048 | 8b04 3148 | 8d40 0148 | 8904 310f | 8d0c 0000 | 0089 9c24 | b800 0000 
  0x00001467ace0711c: e943 0000 | 0048 89bc | 24b0 0000 | 0089 9c24 | b800 0000 | 448b 8c24 | 8c00 0000 | 488b 7424 
  0x00001467ace0713c: ;   {metadata(method data for {method} {0x0000000800409650} 'putVal' '(Ljava/lang/Object;Ljava/lang/Object;Z)Ljava/lang/Object;' in 'java/util/concurrent/ConcurrentHashMap')}
  0x00001467ace0713c: 6848 b9c0 | dc00 6467 | 1400 0048 | 8381 e807 | 0000 0149 | 8bc9 488b 

  0x00001467ace07154: ;   {optimized virtual_call}
  0x00001467ace07154: 7424 68e8 

  0x00001467ace07158: ; ImmutableOopMap {[104]=Oop [176]=Oop }
                      ;*invokevirtual treeifyBin {reexecute=0 rethrow=0 return_oop=0}
                      ; - java.util.concurrent.ConcurrentHashMap::putVal@409 (line 1068)
  0x00001467ace07158: a444 5907 | 488b bc24 | b000 0000 | 4883 ff00 

  0x00001467ace07168: ;   {metadata(method data for {method} {0x0000000800409650} 'putVal' '(Ljava/lang/Object;Ljava/lang/Object;Z)Ljava/lang/Object;' in 'java/util/concurrent/ConcurrentHashMap')}
  0x00001467ace07168: 48b8 c0dc | 0064 6714 | 0000 48ba | 3008 0000 | 0000 0000 | 0f85 0a00 | 0000 48ba | 2008 0000 
  0x00001467ace07188: 0000 0000 | 488b 0c10 | 488d 4901 | 4889 0c10 | 0f85 0c00 | 0000 8b84 | 24b8 0000 | 00e9 4900 
  0x00001467ace071a8: 0000 488b | c748 81c4 | f000 0000 

  0x00001467ace071b4: ;   {poll_return}
  0x00001467ace071b4: 5d49 3ba7 | 7803 0000 | 0f87 e904 | 0000 c348 | 8bc6 4881 | c4f0 0000 

  0x00001467ace071cc: ;   {poll_return}
  0x00001467ace071cc: 005d 493b | a778 0300 | 000f 87e6 | 0400 00c3 | 8b84 2484 

  0x00001467ace071e0: ;   {metadata(method data for {method} {0x0000000800409650} 'putVal' '(Ljava/lang/Object;Ljava/lang/Object;Z)Ljava/lang/Object;' in 'java/util/concurrent/ConcurrentHashMap')}
  0x00001467ace071e0: 0000 0048 | bac0 dc00 | 6467 1400 | 00ff 82d0 | 0200 0048 | 8b74 2468 

  0x00001467ace071f8: ;   {metadata(method data for {method} {0x0000000800409650} 'putVal' '(Ljava/lang/Object;Ljava/lang/Object;Z)Ljava/lang/Object;' in 'java/util/concurrent/ConcurrentHashMap')}
  0x00001467ace071f8: 488b d648 | b9c0 dc00 | 6467 1400 | 0048 8381 | 5808 0000 | 0148 ba01 | 0000 0000 | 0000 0048 
  0x00001467ace07218: 8bc8 0f1f 

  0x00001467ace0721c: ;   {optimized virtual_call}
  0x00001467ace0721c: 4400 00e8 

  0x00001467ace07220: ; ImmutableOopMap {}
                      ;*invokevirtual addCount {reexecute=0 rethrow=0 return_oop=0}
                      ; - java.util.concurrent.ConcurrentHashMap::putVal@427 (line 1075)
  0x00001467ace07220: dc43 5907 

  0x00001467ace07224: ;   {oop(NULL)}
  0x00001467ace07224: 48b8 0000 | 0000 0000 | 0000 4881 | c4f0 0000 

  0x00001467ace07234: ;   {poll_return}
  0x00001467ace07234: 005d 493b | a778 0300 | 000f 8794 | 0400 00c3 | 0f1f 4000 

  0x00001467ace07248: ;   {no_reloc}
  0x00001467ace07248: e9af 0400 | 0000 0000 | 0000 e9af | 0400 0048 

  0x00001467ace07258: ;   {metadata(method data for {method} {0x0000000800409650} 'putVal' '(Ljava/lang/Object;Ljava/lang/Object;Z)Ljava/lang/Object;' in 'java/util/concurrent/ConcurrentHashMap')}
  0x00001467ace07258: 8bd0 48be | c0dc 0064 | 6714 0000 | 4883 8680 | 0700 0001 

  0x00001467ace0726c: ;   {oop("Recursive update"{0x00000007ff03a5c0})}
  0x00001467ace0726c: 48ba c0a5 | 03ff 0700 | 0000 488b | f048 8984 | 24c0 0000 | 0066 0f1f 

  0x00001467ace07284: ;   {optimized virtual_call}
  0x00001467ace07284: 4400 00e8 

  0x00001467ace07288: ; ImmutableOopMap {[152]=Oop [192]=Oop [216]=Oop }
                      ;*invokespecial <init> {reexecute=0 rethrow=0 return_oop=0}
                      ; - java.util.concurrent.ConcurrentHashMap::putVal@374 (line 1063)
  0x00001467ace07288: 7443 5907 | 488b 8424 

  0x00001467ace07290: ; ImmutableOopMap {rax=Oop [152]=Oop [216]=Oop }
                      ;*athrow {reexecute=1 rethrow=0 return_oop=0}
                      ; - (reexecute) java.util.concurrent.ConcurrentHashMap::putVal@377 (line 1063)
  0x00001467ace07290: c000 0000 

  0x00001467ace07294: ;   {section_word}
  0x00001467ace07294: 48ba 9472 | e0ac 6714 

  0x00001467ace0729c: ;   {runtime_call handle_exception_nofpu Runtime1 stub}
  0x00001467ace0729c: 0000 e85d | bc5c 0790 | 0f1f 4000 

  0x00001467ace072a8: ;   {no_reloc}
  0x00001467ace072a8: e975 0400 | 0000 0000 | 0000 498b | 87f8 0000 | 0048 8d78 | 3049 3bbf | 0801 0000 | 0f87 6204 
  0x00001467ace072c8: 0000 4989 | bff8 0000 | 0048 c700 | 0100 0000 | 488b ca49 | ba00 0000 | 0008 0000 | 0049 2bca 
  0x00001467ace072e8: 8948 0848 | 33c9 8948 | 0c48 33c9 | 4889 4810 | 4889 4818 | 4889 4820 | 4889 4828 

  0x00001467ace07304: ;   {metadata(method data for {method} {0x0000000800409650} 'putVal' '(Ljava/lang/Object;Ljava/lang/Object;Z)Ljava/lang/Object;' in 'java/util/concurrent/ConcurrentHashMap')}
  0x00001467ace07304: 488b f048 | bfc0 dc00 | 6467 1400 | 0048 8387 | 7801 0000 | 0148 8bf0 | 4889 8424 | c800 0000 
  0x00001467ace07324: ;   {optimized virtual_call}
  0x00001467ace07324: 6666 90e8 

  0x00001467ace07328: ; ImmutableOopMap {[200]=Oop }
                      ;*invokespecial <init> {reexecute=0 rethrow=0 return_oop=0}
                      ; - java.util.concurrent.ConcurrentHashMap::putVal@12 (line 1011)
  0x00001467ace07328: d442 5907 | 488b 8424 | c800 0000 | e933 0400 | 0049 8b87 | 2804 0000 | 4d33 d24d | 8997 2804 
  0x00001467ace07348: 0000 4d33 | d24d 8997 | 3004 0000 | 488b f048 | 8d84 24d0 | 0000 0048 | 8b38 4885 | ff0f 840f 
  0x00001467ace07368: 0000 0048 | 8b58 08f0 | 480f b13b | 0f85 bf03 | 0000 49ff | 8f78 0400 | 0048 8bc6 | e9e3 0300 
  0x00001467ace07388: ;   {metadata({method} {0x0000000800409650} 'putVal' '(Ljava/lang/Object;Ljava/lang/Object;Z)Ljava/lang/Object;' in 'java/util/concurrent/ConcurrentHashMap')}
  0x00001467ace07388: 0049 ba50 | 9640 0008 | 0000 004c | 8954 2408 | 48c7 0424 | ffff ffff 

  0x00001467ace073a0: ;   {runtime_call counter_overflow Runtime1 stub}
  0x00001467ace073a0: e85b b465 

  0x00001467ace073a4: ; ImmutableOopMap {rsi=Oop rdx=Oop rcx=Oop [104]=Oop [112]=Oop [120]=Oop }
                      ;*synchronization entry
                      ; - java.util.concurrent.ConcurrentHashMap::putVal@-1 (line 1011)
  0x00001467ace073a4: 07e9 b4e9 

  0x00001467ace073a8: ;   {runtime_call throw_null_pointer_exception Runtime1 stub}
  0x00001467ace073a8: ffff e8d1 

  0x00001467ace073ac: ; ImmutableOopMap {rdx=Oop [104]=Oop [112]=Oop [120]=Oop }
                      ;*invokevirtual hashCode {reexecute=0 rethrow=0 return_oop=0}
                      ; - java.util.concurrent.ConcurrentHashMap::putVal@17 (line 1012)
                      ;   {metadata({method} {0x0000000800409700} 'spread' '(I)I' in 'java/util/concurrent/ConcurrentHashMap')}
  0x00001467ace073ac: 765c 0749 | ba00 9740 | 0008 0000 | 004c 8954 | 2408 48c7 | 0424 ffff 

  0x00001467ace073c4: ;   {runtime_call counter_overflow Runtime1 stub}
  0x00001467ace073c4: ffff e835 

  0x00001467ace073c8: ; ImmutableOopMap {[104]=Oop [112]=Oop [120]=Oop }
                      ;*synchronization entry
                      ; - java.util.concurrent.ConcurrentHashMap::spread@-1 (line 697)
                      ; - java.util.concurrent.ConcurrentHashMap::putVal@20 (line 1012)
  0x00001467ace073c8: b465 07e9 | e6ea ffff 

  0x00001467ace073d0: ;   {runtime_call throw_null_pointer_exception Runtime1 stub}
  0x00001467ace073d0: e8ab 765c 

  0x00001467ace073d4: ; ImmutableOopMap {rdi=Oop rbx=Oop [104]=Oop [112]=Oop [120]=Oop }
                      ;*arraylength {reexecute=0 rethrow=0 return_oop=0}
                      ; - java.util.concurrent.ConcurrentHashMap::putVal@41 (line 1016)
  0x00001467ace073d4: 0748 8bd2 

  0x00001467ace073d8: ;   {runtime_call fast_new_instance Runtime1 stub}
  0x00001467ace073d8: e8a3 6d5c 

  0x00001467ace073dc: ; ImmutableOopMap {rbx=Oop r11=Oop [104]=Oop [112]=Oop [120]=Oop [144]=Oop }
                      ;*new {reexecute=0 rethrow=0 return_oop=0}
                      ; - java.util.concurrent.ConcurrentHashMap::putVal@83 (line 1019)
  0x00001467ace073dc: 07e9 baec 

  0x00001467ace073e0: ;   {metadata({method} {0x0000000800183d38} '<init>' '(ILjava/lang/Object;Ljava/lang/Object;)V' in 'java/util/concurrent/ConcurrentHashMap$Node')}
  0x00001467ace073e0: ffff 49ba | 383d 1800 | 0800 0000 | 4c89 5424 | 0848 c704 | 24ff ffff 

  0x00001467ace073f8: ;   {runtime_call counter_overflow Runtime1 stub}
  0x00001467ace073f8: ffe8 02b4 

  0x00001467ace073fc: ; ImmutableOopMap {rbx=Oop r11=Oop rax=Oop [104]=Oop [112]=Oop [120]=Oop [144]=Oop }
                      ;*synchronization entry
                      ; - java.util.concurrent.ConcurrentHashMap$Node::<init>@-1 (line 631)
                      ; - java.util.concurrent.ConcurrentHashMap::putVal@91 (line 1019)
  0x00001467ace073fc: 6507 e9d6 

  0x00001467ace07400: ;   {metadata({method} {0x00000008004745c8} '<init>' '()V' in 'java/lang/Object')}
  0x00001467ace07400: ecff ff49 | bac8 4547 | 0008 0000 | 004c 8954 | 2408 48c7 | 0424 ffff 

  0x00001467ace07418: ;   {runtime_call counter_overflow Runtime1 stub}
  0x00001467ace07418: ffff e8e1 

  0x00001467ace0741c: ; ImmutableOopMap {rbx=Oop r11=Oop rax=Oop [104]=Oop [112]=Oop [120]=Oop [144]=Oop }
                      ;*synchronization entry
                      ; - java.lang.Object::<init>@-1 (line 45)
                      ; - java.util.concurrent.ConcurrentHashMap$Node::<init>@1 (line 631)
                      ; - java.util.concurrent.ConcurrentHashMap::putVal@91 (line 1019)
  0x00001467ace0741c: b365 07e9 | f2ec ffff | 8b70 1048 | c1e6 0348 | 83fe 000f | 84f3 ecff | ff48 8934 

  0x00001467ace07438: ;   {runtime_call g1_pre_barrier_slow}
  0x00001467ace07438: 24e8 c2b9 | 6507 e9e5 | ecff ff48 | 83fb 000f | 84fa ecff | ff48 8904 

  0x00001467ace07450: ;   {runtime_call g1_post_barrier_slow}
  0x00001467ace07450: 24e8 2ad7 | 6507 e9ec | ecff ff8b | 7014 48c1 | e603 4883 | fe00 0f84 | e9ec ffff | 4889 3424 
  0x00001467ace07470: ;   {runtime_call g1_pre_barrier_slow}
  0x00001467ace07470: e88b b965 | 07e9 dbec | ffff 4983 | fb00 0f84 | f6ec ffff | 4889 0424 

  0x00001467ace07488: ;   {runtime_call g1_post_barrier_slow}
  0x00001467ace07488: e8f3 d665 | 07e9 e8ec 

  0x00001467ace07490: ;   {runtime_call throw_null_pointer_exception Runtime1 stub}
  0x00001467ace07490: ffff e8e9 

  0x00001467ace07494: ; ImmutableOopMap {rax=Oop [104]=Oop [112]=Oop [120]=Oop [144]=Oop [152]=Oop }
                      ;*getfield hash {reexecute=1 rethrow=0 return_oop=0}
                      ; - (reexecute) java.util.concurrent.ConcurrentHashMap::putVal@105 (line 1022)
  0x00001467ace07494: 755c 0748 | 897c 2408 | 4889 3424 

  0x00001467ace074a0: ;   {runtime_call monitorenter_nofpu Runtime1 stub}
  0x00001467ace074a0: e85b a665 

  0x00001467ace074a4: ; ImmutableOopMap {rdi=Oop [104]=Oop [112]=Oop [120]=Oop [144]=Oop [152]=Oop [216]=Oop }
                      ;*monitorenter {reexecute=0 rethrow=0 return_oop=0}
                      ; - java.util.concurrent.ConcurrentHashMap::putVal@187 (line 1031)
  0x00001467ace074a4: 07e9 91f0 

  0x00001467ace074a8: ;   {runtime_call throw_null_pointer_exception Runtime1 stub}
  0x00001467ace074a8: ffff e8d1 

  0x00001467ace074ac: ; ImmutableOopMap {rax=Oop rdx=Oop [104]=Oop [112]=Oop [120]=Oop [144]=Oop [152]=Oop [216]=Oop }
                      ;*getfield hash {reexecute=1 rethrow=0 return_oop=0}
                      ; - (reexecute) java.util.concurrent.ConcurrentHashMap::putVal@214 (line 1037)
                      ;   {metadata({method} {0x0000000800409650} 'putVal' '(Ljava/lang/Object;Ljava/lang/Object;Z)Ljava/lang/Object;' in 'java/util/concurrent/ConcurrentHashMap')}
  0x00001467ace074ac: 755c 0749 | ba50 9640 | 0008 0000 | 004c 8954 | 2408 48c7 | 0424 3101 

  0x00001467ace074c4: ;   {runtime_call counter_overflow Runtime1 stub}
  0x00001467ace074c4: 0000 e835 

  0x00001467ace074c8: ; ImmutableOopMap {rdx=Oop [104]=Oop [112]=Oop [120]=Oop [144]=Oop [152]=Oop [216]=Oop }
                      ;*goto {reexecute=1 rethrow=0 return_oop=0}
                      ; - (reexecute) java.util.concurrent.ConcurrentHashMap::putVal@305 (line 1035)
  0x00001467ace074c8: b365 07e9 | 80f3 ffff | 418b 7014 | 48c1 e603 | 4883 fe00 | 0f84 11f4 | ffff 4889 

  0x00001467ace074e4: ;   {runtime_call g1_pre_barrier_slow}
  0x00001467ace074e4: 3424 e815 | b965 07e9 | 03f4 ffff | 4883 f900 | 0f84 1ef4 | ffff 4c89 

  0x00001467ace074fc: ;   {runtime_call g1_post_barrier_slow}
  0x00001467ace074fc: 0424 e87d | d665 07e9 | 10f4 ffff 

  0x00001467ace07508: ;   {runtime_call fast_new_instance Runtime1 stub}
  0x00001467ace07508: 488b d2e8 

  0x00001467ace0750c: ; ImmutableOopMap {r8=Oop r11=Oop r14=Oop [104]=Oop [112]=Oop [120]=Oop [144]=Oop [152]=Oop [216]=Oop }
                      ;*new {reexecute=0 rethrow=0 return_oop=0}
                      ; - java.util.concurrent.ConcurrentHashMap::putVal@285 (line 1047)
  0x00001467ace0750c: 706c 5c07 | e99e f4ff 

  0x00001467ace07514: ;   {metadata({method} {0x0000000800183d38} '<init>' '(ILjava/lang/Object;Ljava/lang/Object;)V' in 'java/util/concurrent/ConcurrentHashMap$Node')}
  0x00001467ace07514: ff49 ba38 | 3d18 0008 | 0000 004c | 8954 2408 | 48c7 0424 | ffff ffff 

  0x00001467ace0752c: ;   {runtime_call counter_overflow Runtime1 stub}
  0x00001467ace0752c: e8cf b265 

  0x00001467ace07530: ; ImmutableOopMap {r8=Oop r11=Oop r14=Oop rax=Oop [104]=Oop [112]=Oop [120]=Oop [144]=Oop [152]=Oop [216]=Oop }
                      ;*synchronization entry
                      ; - java.util.concurrent.ConcurrentHashMap$Node::<init>@-1 (line 631)
                      ; - java.util.concurrent.ConcurrentHashMap::putVal@293 (line 1047)
  0x00001467ace07530: 07e9 baf4 

  0x00001467ace07534: ;   {metadata({method} {0x00000008004745c8} '<init>' '()V' in 'java/lang/Object')}
  0x00001467ace07534: ffff 49ba | c845 4700 | 0800 0000 | 4c89 5424 | 0848 c704 | 24ff ffff 

  0x00001467ace0754c: ;   {runtime_call counter_overflow Runtime1 stub}
  0x00001467ace0754c: ffe8 aeb2 

  0x00001467ace07550: ; ImmutableOopMap {r8=Oop r11=Oop r14=Oop rax=Oop [104]=Oop [112]=Oop [120]=Oop [144]=Oop [152]=Oop [216]=Oop }
                      ;*synchronization entry
                      ; - java.lang.Object::<init>@-1 (line 45)
                      ; - java.util.concurrent.ConcurrentHashMap$Node::<init>@1 (line 631)
                      ; - java.util.concurrent.ConcurrentHashMap::putVal@293 (line 1047)
  0x00001467ace07550: 6507 e9d6 | f4ff ff8b | 5010 48c1 | e203 4883 | fa00 0f84 | d7f4 ffff | 4889 1424 

  0x00001467ace0756c: ;   {runtime_call g1_pre_barrier_slow}
  0x00001467ace0756c: e88f b865 | 07e9 c9f4 | ffff 4983 | fb00 0f84 | def4 ffff | 4889 0424 

  0x00001467ace07584: ;   {runtime_call g1_post_barrier_slow}
  0x00001467ace07584: e8f7 d565 | 07e9 d0f4 | ffff 8b50 | 1448 c1e2 | 0348 83fa | 000f 84cd | f4ff ff48 

  0x00001467ace075a0: ;   {runtime_call g1_pre_barrier_slow}
  0x00001467ace075a0: 8914 24e8 | 58b8 6507 | e9bf f4ff | ff49 83fe | 000f 84da | f4ff ff48 

  0x00001467ace075b8: ;   {runtime_call g1_post_barrier_slow}
  0x00001467ace075b8: 8904 24e8 | c0d5 6507 | e9cc f4ff | ff41 8b50 | 1848 c1e2 | 0348 83fa | 000f 84c8 | f4ff ff48 
  0x00001467ace075d8: ;   {runtime_call g1_pre_barrier_slow}
  0x00001467ace075d8: 8914 24e8 | 20b8 6507 | e9ba f4ff | ff48 83f8 | 000f 84d5 | f4ff ff4c 

  0x00001467ace075f0: ;   {runtime_call g1_post_barrier_slow}
  0x00001467ace075f0: 8904 24e8 | 88d5 6507 | e9c7 f4ff 

  0x00001467ace075fc: ;   {metadata(NULL)}
  0x00001467ace075fc: ff48 be00 | 0000 0000 | 0000 00b8 | 000f 050a 

  0x00001467ace0760c: ;   {runtime_call load_klass_patching Runtime1 stub}
  0x00001467ace0760c: e8ef 9365 

  0x00001467ace07610: ; ImmutableOopMap {r11=Oop r14=Oop rax=Oop [104]=Oop [112]=Oop [120]=Oop [144]=Oop [152]=Oop [216]=Oop }
                      ;*instanceof {reexecute=1 rethrow=0 return_oop=0}
                      ; - (reexecute) java.util.concurrent.ConcurrentHashMap::putVal@313 (line 1052)
  0x00001467ace07610: 07e9 22f5 

  0x00001467ace07614: ;   {metadata(NULL)}
  0x00001467ace07614: ffff 48bf | 0000 0000 | 0000 0000 | b800 0f05 

  0x00001467ace07624: ;   {runtime_call load_klass_patching Runtime1 stub}
  0x00001467ace07624: 0ae8 d693 

  0x00001467ace07628: ; ImmutableOopMap {r11=Oop r14=Oop rax=Oop [104]=Oop [112]=Oop [120]=Oop [144]=Oop [152]=Oop [216]=Oop }
                      ;*checkcast {reexecute=1 rethrow=0 return_oop=0}
                      ; - (reexecute) java.util.concurrent.ConcurrentHashMap::putVal@324 (line 1055)
  0x00001467ace07628: 6507 e969 | f6ff ff48 

  0x00001467ace07630: ;   {runtime_call throw_class_cast_exception Runtime1 stub}
  0x00001467ace07630: 8904 24e8 

  0x00001467ace07634: ; ImmutableOopMap {r11=Oop r14=Oop rax=Oop [104]=Oop [112]=Oop [120]=Oop [144]=Oop [152]=Oop [216]=Oop }
                      ;*checkcast {reexecute=0 rethrow=0 return_oop=0}
                      ; - java.util.concurrent.ConcurrentHashMap::putVal@324 (line 1055)
  0x00001467ace07634: c8ac 5c07 

  0x00001467ace07638: ;   {runtime_call throw_null_pointer_exception Runtime1 stub}
  0x00001467ace07638: e843 745c 

  0x00001467ace0763c: ; ImmutableOopMap {rax=Oop [104]=Oop [112]=Oop [120]=Oop [144]=Oop [152]=Oop [216]=Oop }
                      ;*getfield val {reexecute=1 rethrow=0 return_oop=0}
                      ; - (reexecute) java.util.concurrent.ConcurrentHashMap::putVal@342 (line 1057)
  0x00001467ace0763c: 078b 7014 | 48c1 e603 | 4883 fe00 | 0f84 1df8 | ffff 4889 

  0x00001467ace07650: ;   {runtime_call g1_pre_barrier_slow}
  0x00001467ace07650: 3424 e8a9 | b765 07e9 | 0ff8 ffff | 4883 f900 | 0f84 2af8 | ffff 4889 

  0x00001467ace07668: ;   {runtime_call g1_post_barrier_slow}
  0x00001467ace07668: 0424 e811 | d565 07e9 | 1cf8 ffff | 488d 8424 | d000 0000 | 4889 0424 

  0x00001467ace07680: ;   {runtime_call monitorexit_nofpu Runtime1 stub}
  0x00001467ace07680: e87b 9e65 | 07e9 9af9 

  0x00001467ace07688: ;   {metadata({method} {0x0000000800409650} 'putVal' '(Ljava/lang/Object;Ljava/lang/Object;Z)Ljava/lang/Object;' in 'java/util/concurrent/ConcurrentHashMap')}
  0x00001467ace07688: ffff 49ba | 5096 4000 | 0800 0000 | 4c89 5424 | 0848 c704 | 24a4 0100 

  0x00001467ace076a0: ;   {runtime_call counter_overflow Runtime1 stub}
  0x00001467ace076a0: 00e8 5ab1 

  0x00001467ace076a4: ; ImmutableOopMap {rcx=Oop rax=Oop [104]=Oop [112]=Oop [120]=Oop }
                      ;*goto {reexecute=1 rethrow=0 return_oop=0}
                      ; - (reexecute) java.util.concurrent.ConcurrentHashMap::putVal@420 (line 1074)
  0x00001467ace076a4: 6507 e9f5 

  0x00001467ace076a8: ;   {internal_word}
  0x00001467ace076a8: f9ff ff49 | bab5 71e0 | ac67 1400 | 004d 8997 | 9003 0000 

  0x00001467ace076bc: ;   {runtime_call SafepointBlob}
  0x00001467ace076bc: e9bf ab59 

  0x00001467ace076c0: ;   {internal_word}
  0x00001467ace076c0: 0749 bace | 71e0 ac67 | 1400 004d | 8997 9003 

  0x00001467ace076d0: ;   {runtime_call SafepointBlob}
  0x00001467ace076d0: 0000 e9a9 

  0x00001467ace076d4: ;   {internal_word}
  0x00001467ace076d4: ab59 0749 | ba36 72e0 | ac67 1400 | 004d 8997 | 9003 0000 

  0x00001467ace076e8: ;   {runtime_call SafepointBlob}
  0x00001467ace076e8: e993 ab59 

  0x00001467ace076ec: ;   {metadata(NULL)}
  0x00001467ace076ec: 0748 ba00 | 0000 0000 | 0000 00b8 | 000f 050a 

  0x00001467ace076fc: ;   {runtime_call load_klass_patching Runtime1 stub}
  0x00001467ace076fc: e8ff 9265 

  0x00001467ace07700: ; ImmutableOopMap {[152]=Oop [216]=Oop }
                      ;*new {reexecute=1 rethrow=0 return_oop=0}
                      ; - (reexecute) java.util.concurrent.ConcurrentHashMap::putVal@368 (line 1063)
  0x00001467ace07700: 07e9 42fb | ffff 488b 

  0x00001467ace07708: ;   {runtime_call new_instance Runtime1 stub}
  0x00001467ace07708: d2e8 726d 

  0x00001467ace0770c: ; ImmutableOopMap {[152]=Oop [216]=Oop }
                      ;*new {reexecute=0 rethrow=0 return_oop=0}
                      ; - java.util.concurrent.ConcurrentHashMap::putVal@368 (line 1063)
  0x00001467ace0770c: 5c07 e944 

  0x00001467ace07710: ;   {metadata(NULL)}
  0x00001467ace07710: fbff ff48 | ba00 0000 | 0000 0000 | 00b8 000f 

  0x00001467ace07720: ;   {runtime_call load_klass_patching Runtime1 stub}
  0x00001467ace07720: 050a e8d9 

  0x00001467ace07724: ; ImmutableOopMap {}
                      ;*new {reexecute=1 rethrow=0 return_oop=0}
                      ; - (reexecute) java.util.concurrent.ConcurrentHashMap::putVal@8 (line 1011)
  0x00001467ace07724: 9265 07e9 | 7cfb ffff 

  0x00001467ace0772c: ;   {runtime_call fast_new_instance Runtime1 stub}
  0x00001467ace0772c: 488b d2e8 

  0x00001467ace07730: ; ImmutableOopMap {}
                      ;*new {reexecute=0 rethrow=0 return_oop=0}
                      ; - java.util.concurrent.ConcurrentHashMap::putVal@8 (line 1011)
  0x00001467ace07730: 4c6a 5c07 | e9cb fbff | ff48 8d84 | 24d0 0000 | 0048 8904 

  0x00001467ace07744: ;   {runtime_call monitorexit_nofpu Runtime1 stub}
  0x00001467ace07744: 24e8 b69d | 6507 e932 | fcff ff49 | 8b87 2804 | 0000 49c7 | 8728 0400 | 0000 0000 | 0049 c787 
  0x00001467ace07764: 3004 0000 | 0000 0000 | 4881 c4f0 | 0000 005d 

  0x00001467ace07774: ;   {runtime_call unwind_exception Runtime1 stub}
  0x00001467ace07774: e987 8f5c | 07f4 f4f4 | f4f4 f4f4 
[Stub Code]
  0x00001467ace07780: ;   {no_reloc}
  0x00001467ace07780: 0f1f 4400 

  0x00001467ace07784: ;   {static_stub}
  0x00001467ace07784: 0048 bb00 | 0000 0000 

  0x00001467ace0778c: ;   {runtime_call}
  0x00001467ace0778c: 0000 00e9 | fbff ffff 

  0x00001467ace07794: ;   {static_stub}
  0x00001467ace07794: 9048 bb00 | 0000 0000 

  0x00001467ace0779c: ;   {runtime_call}
  0x00001467ace0779c: 0000 00e9 | fbff ffff 

  0x00001467ace077a4: ;   {static_stub}
  0x00001467ace077a4: 9048 bb00 | 0000 0000 

  0x00001467ace077ac: ;   {runtime_call}
  0x00001467ace077ac: 0000 00e9 | fbff ffff 

  0x00001467ace077b4: ;   {static_stub}
  0x00001467ace077b4: 9048 bb00 | 0000 0000 

  0x00001467ace077bc: ;   {runtime_call}
  0x00001467ace077bc: 0000 00e9 | fbff ffff 

  0x00001467ace077c4: ;   {static_stub}
  0x00001467ace077c4: 9048 bb00 | 0000 0000 

  0x00001467ace077cc: ;   {runtime_call}
  0x00001467ace077cc: 0000 00e9 | fbff ffff 
[Exception Handler]
  0x00001467ace077d4: ;   {runtime_call handle_exception_from_callee Runtime1 stub}
  0x00001467ace077d4: e827 b15c 

  0x00001467ace077d8: ;   {external_word}
  0x00001467ace077d8: 0748 bf90 | d2ff cb67 | 1400 0048 

  0x00001467ace077e4: ;   {runtime_call MacroAssembler::debug64(char*, long, long*)}
  0x00001467ace077e4: 83e4 f0e8 | a46e e01e 

  0x00001467ace077ec: ;   {section_word}
  0x00001467ace077ec: f449 baed | 77e0 ac67 | 1400 0041 

  0x00001467ace077f8: ;   {runtime_call DeoptimizationBlob}
  0x00001467ace077f8: 52e9 229d 

  0x00001467ace077fc: ;   {static_stub}
  0x00001467ace077fc: 5907 48bb | 0000 0000 | 0000 0000 

  0x00001467ace07808: ;   {runtime_call}
  0x00001467ace07808: e9fb ffff 

  0x00001467ace0780c: ;   {static_stub}
  0x00001467ace0780c: ff48 bb00 | 0000 0000 

  0x00001467ace07814: ;   {runtime_call}
  0x00001467ace07814: 0000 00e9 | fbff ffff 

  0x00001467ace0781c: ;   {static_stub}
  0x00001467ace0781c: 48bb 0000 | 0000 0000 

  0x00001467ace07824: ;   {runtime_call}
  0x00001467ace07824: 0000 e9fb 

  0x00001467ace07828: ;   {static_stub}
  0x00001467ace07828: ffff ff48 | bb00 0000 | 0000 0000 

  0x00001467ace07834: ;   {runtime_call}
  0x00001467ace07834: 00e9 fbff 

  0x00001467ace07838: ;   {static_stub}
  0x00001467ace07838: ffff 48bb | 0000 0000 | 0000 0000 

  0x00001467ace07844: ;   {runtime_call}
  0x00001467ace07844: e9fb ffff 

  0x00001467ace07848: ;   {static_stub}
  0x00001467ace07848: ff48 bb00 | 0000 0000 

  0x00001467ace07850: ;   {runtime_call}
  0x00001467ace07850: 0000 00e9 | fbff ffff 

  0x00001467ace07858: ;   {static_stub}
  0x00001467ace07858: 48bb 0000 | 0000 0000 

  0x00001467ace07860: ;   {runtime_call}
  0x00001467ace07860: 0000 e9fb | ffff fff4 
[/MachCode]


---------------  P R O C E S S  ---------------

Threads class SMR info:
_java_thread_list=0x00001467c4128490, length=8, elements={
0x00001467c402c9a0, 0x00001467c411e860, 0x00001467c411fda0, 0x00001467c4121770,
0x00001467c4122c10, 0x00001467c41240a0, 0x00001467c4125ad0, 0x00001467c4127080
}

Java Threads: ( => current thread )
=>0x00001467c402c9a0 JavaThread "main" [_thread_in_Java, id=1135209, stack(0x00001467caf86000,0x00001467cb086000)]
  0x00001467c411e860 JavaThread "Reference Handler" daemon [_thread_blocked, id=1135216, stack(0x00001467c95c9000,0x00001467c96c9000)]
  0x00001467c411fda0 JavaThread "Finalizer" daemon [_thread_blocked, id=1135217, stack(0x00001467c94c9000,0x00001467c95c9000)]
  0x00001467c4121770 JavaThread "Signal Dispatcher" daemon [_thread_blocked, id=1135218, stack(0x00001467c93c9000,0x00001467c94c9000)]
  0x00001467c4122c10 JavaThread "Service Thread" daemon [_thread_blocked, id=1135219, stack(0x00001467c92c9000,0x00001467c93c9000)]
  0x00001467c41240a0 JavaThread "Monitor Deflation Thread" daemon [_thread_blocked, id=1135220, stack(0x00001467c91c9000,0x00001467c92c9000)]
  0x00001467c4125ad0 JavaThread "C2 CompilerThread0" daemon [_thread_blocked, id=1135221, stack(0x00001467c90c9000,0x00001467c91c9000)]
  0x00001467c4127080 JavaThread "C1 CompilerThread0" daemon [_thread_blocked, id=1135222, stack(0x00001467c8fc9000,0x00001467c90c9000)]

Other Threads:
  0x00001467c410f2e0 VMThread "VM Thread" [stack: 0x00001467c96cb000,0x00001467c97cb000] [id=1135215]
  0x00001467c405f550 WorkerThread "GC Thread#0" [stack: 0x00001467c9fc4000,0x00001467ca0c4000] [id=1135210]
  0x00001467c406f710 ConcurrentGCThread "G1 Main Marker" [stack: 0x00001467c9ec2000,0x00001467c9fc2000] [id=1135211]
  0x00001467c4070640 WorkerThread "G1 Conc#0" [stack: 0x00001467c9dc0000,0x00001467c9ec0000] [id=1135212]
  0x00001467c40e5630 ConcurrentGCThread "G1 Refine#0" [stack: 0x00001467c9abc000,0x00001467c9bbc000] [id=1135213]
  0x00001467c40e6580 ConcurrentGCThread "G1 Service" [stack: 0x00001467c99ba000,0x00001467c9aba000] [id=1135214]

Threads with active compile tasks:

VM state: not at safepoint (normal execution)

VM Mutex/Monitor currently owned by a thread: None

Heap address: 0x00000000a0000000, size: 30208 MB, Compressed Oops mode: Zero based, Oop shift amount: 3

CDS archive(s) mapped at: [0x0000000800000000-0x0000000800c75000-0x0000000800c75000), size 13062144, SharedBaseAddress: 0x0000000800000000, ArchiveRelocationMode: 0.
Compressed class space mapped at: 0x0000000801000000-0x0000000841000000, reserved size: 1073741824
Narrow klass base: 0x0000000800000000, Narrow klass shift: 0, Narrow klass range: 0x100000000

GC Precious Log:
 CardTable entry size: 512
 Card Set container configuration: InlinePtr #cards 3 size 8 Array Of Cards #cards 128 size 272 Howl #buckets 8 coarsen threshold 29491 Howl Bitmap #cards 4096 size 528 coarsen threshold 3686 Card regions per heap region 1 cards per card region 32768
 CPUs: 28 total, 2 available
 Memory: 251G
 Large Page Support: Disabled
 NUMA Support: Disabled
 Compressed Oops: Enabled (Zero based)
 Heap Region Size: 16M
 Heap Min Capacity: 16M
 Heap Initial Capacity: 2G
 Heap Max Capacity: 30208M
 Pre-touch: Disabled
 Parallel Workers: 2
 Concurrent Workers: 1
 Concurrent Refinement Workers: 2
 Periodic GC: Disabled

Heap:
 garbage-first heap   total 2129920K, used 16364K [0x00000000a0000000, 0x0000000800000000)
  region size 16384K, 1 young (16384K), 0 survivors (0K)
 Metaspace       used 83K, committed 192K, reserved 1114112K
  class space    used 2K, committed 64K, reserved 1048576K

Heap Regions: E=young(eden), S=young(survivor), O=old, HS=humongous(starts), HC=humongous(continues), CS=collection set, F=free, OA=open archive, CA=closed archive, TAMS=top-at-mark-start, PB=parsable bottom
|   0|0x00000000a0000000, 0x00000000a0000000, 0x00000000a1000000|  0%| F|  |TAMS 0x00000000a0000000| PB 0x00000000a0000000| Untracked 
|   1|0x00000000a1000000, 0x00000000a1000000, 0x00000000a2000000|  0%| F|  |TAMS 0x00000000a1000000| PB 0x00000000a1000000| Untracked 
|   2|0x00000000a2000000, 0x00000000a2000000, 0x00000000a3000000|  0%| F|  |TAMS 0x00000000a2000000| PB 0x00000000a2000000| Untracked 
|   3|0x00000000a3000000, 0x00000000a3000000, 0x00000000a4000000|  0%| F|  |TAMS 0x00000000a3000000| PB 0x00000000a3000000| Untracked 
|   4|0x00000000a4000000, 0x00000000a4000000, 0x00000000a5000000|  0%| F|  |TAMS 0x00000000a4000000| PB 0x00000000a4000000| Untracked 
|   5|0x00000000a5000000, 0x00000000a5000000, 0x00000000a6000000|  0%| F|  |TAMS 0x00000000a5000000| PB 0x00000000a5000000| Untracked 
|   6|0x00000000a6000000, 0x00000000a6000000, 0x00000000a7000000|  0%| F|  |TAMS 0x00000000a6000000| PB 0x00000000a6000000| Untracked 
|   7|0x00000000a7000000, 0x00000000a7000000, 0x00000000a8000000|  0%| F|  |TAMS 0x00000000a7000000| PB 0x00000000a7000000| Untracked 
|   8|0x00000000a8000000, 0x00000000a8000000, 0x00000000a9000000|  0%| F|  |TAMS 0x00000000a8000000| PB 0x00000000a8000000| Untracked 
|   9|0x00000000a9000000, 0x00000000a9000000, 0x00000000aa000000|  0%| F|  |TAMS 0x00000000a9000000| PB 0x00000000a9000000| Untracked 
|  10|0x00000000aa000000, 0x00000000aa000000, 0x00000000ab000000|  0%| F|  |TAMS 0x00000000aa000000| PB 0x00000000aa000000| Untracked 
|  11|0x00000000ab000000, 0x00000000ab000000, 0x00000000ac000000|  0%| F|  |TAMS 0x00000000ab000000| PB 0x00000000ab000000| Untracked 
|  12|0x00000000ac000000, 0x00000000ac000000, 0x00000000ad000000|  0%| F|  |TAMS 0x00000000ac000000| PB 0x00000000ac000000| Untracked 
|  13|0x00000000ad000000, 0x00000000ad000000, 0x00000000ae000000|  0%| F|  |TAMS 0x00000000ad000000| PB 0x00000000ad000000| Untracked 
|  14|0x00000000ae000000, 0x00000000ae000000, 0x00000000af000000|  0%| F|  |TAMS 0x00000000ae000000| PB 0x00000000ae000000| Untracked 
|  15|0x00000000af000000, 0x00000000af000000, 0x00000000b0000000|  0%| F|  |TAMS 0x00000000af000000| PB 0x00000000af000000| Untracked 
|  16|0x00000000b0000000, 0x00000000b0000000, 0x00000000b1000000|  0%| F|  |TAMS 0x00000000b0000000| PB 0x00000000b0000000| Untracked 
|  17|0x00000000b1000000, 0x00000000b1000000, 0x00000000b2000000|  0%| F|  |TAMS 0x00000000b1000000| PB 0x00000000b1000000| Untracked 
|  18|0x00000000b2000000, 0x00000000b2000000, 0x00000000b3000000|  0%| F|  |TAMS 0x00000000b2000000| PB 0x00000000b2000000| Untracked 
|  19|0x00000000b3000000, 0x00000000b3000000, 0x00000000b4000000|  0%| F|  |TAMS 0x00000000b3000000| PB 0x00000000b3000000| Untracked 
|  20|0x00000000b4000000, 0x00000000b4000000, 0x00000000b5000000|  0%| F|  |TAMS 0x00000000b4000000| PB 0x00000000b4000000| Untracked 
|  21|0x00000000b5000000, 0x00000000b5000000, 0x00000000b6000000|  0%| F|  |TAMS 0x00000000b5000000| PB 0x00000000b5000000| Untracked 
|  22|0x00000000b6000000, 0x00000000b6000000, 0x00000000b7000000|  0%| F|  |TAMS 0x00000000b6000000| PB 0x00000000b6000000| Untracked 
|  23|0x00000000b7000000, 0x00000000b7000000, 0x00000000b8000000|  0%| F|  |TAMS 0x00000000b7000000| PB 0x00000000b7000000| Untracked 
|  24|0x00000000b8000000, 0x00000000b8000000, 0x00000000b9000000|  0%| F|  |TAMS 0x00000000b8000000| PB 0x00000000b8000000| Untracked 
|  25|0x00000000b9000000, 0x00000000b9000000, 0x00000000ba000000|  0%| F|  |TAMS 0x00000000b9000000| PB 0x00000000b9000000| Untracked 
|  26|0x00000000ba000000, 0x00000000ba000000, 0x00000000bb000000|  0%| F|  |TAMS 0x00000000ba000000| PB 0x00000000ba000000| Untracked 
|  27|0x00000000bb000000, 0x00000000bb000000, 0x00000000bc000000|  0%| F|  |TAMS 0x00000000bb000000| PB 0x00000000bb000000| Untracked 
|  28|0x00000000bc000000, 0x00000000bc000000, 0x00000000bd000000|  0%| F|  |TAMS 0x00000000bc000000| PB 0x00000000bc000000| Untracked 
|  29|0x00000000bd000000, 0x00000000bd000000, 0x00000000be000000|  0%| F|  |TAMS 0x00000000bd000000| PB 0x00000000bd000000| Untracked 
|  30|0x00000000be000000, 0x00000000be000000, 0x00000000bf000000|  0%| F|  |TAMS 0x00000000be000000| PB 0x00000000be000000| Untracked 
|  31|0x00000000bf000000, 0x00000000bf000000, 0x00000000c0000000|  0%| F|  |TAMS 0x00000000bf000000| PB 0x00000000bf000000| Untracked 
|  32|0x00000000c0000000, 0x00000000c0000000, 0x00000000c1000000|  0%| F|  |TAMS 0x00000000c0000000| PB 0x00000000c0000000| Untracked 
|  33|0x00000000c1000000, 0x00000000c1000000, 0x00000000c2000000|  0%| F|  |TAMS 0x00000000c1000000| PB 0x00000000c1000000| Untracked 
|  34|0x00000000c2000000, 0x00000000c2000000, 0x00000000c3000000|  0%| F|  |TAMS 0x00000000c2000000| PB 0x00000000c2000000| Untracked 
|  35|0x00000000c3000000, 0x00000000c3000000, 0x00000000c4000000|  0%| F|  |TAMS 0x00000000c3000000| PB 0x00000000c3000000| Untracked 
|  36|0x00000000c4000000, 0x00000000c4000000, 0x00000000c5000000|  0%| F|  |TAMS 0x00000000c4000000| PB 0x00000000c4000000| Untracked 
|  37|0x00000000c5000000, 0x00000000c5000000, 0x00000000c6000000|  0%| F|  |TAMS 0x00000000c5000000| PB 0x00000000c5000000| Untracked 
|  38|0x00000000c6000000, 0x00000000c6000000, 0x00000000c7000000|  0%| F|  |TAMS 0x00000000c6000000| PB 0x00000000c6000000| Untracked 
|  39|0x00000000c7000000, 0x00000000c7000000, 0x00000000c8000000|  0%| F|  |TAMS 0x00000000c7000000| PB 0x00000000c7000000| Untracked 
|  40|0x00000000c8000000, 0x00000000c8000000, 0x00000000c9000000|  0%| F|  |TAMS 0x00000000c8000000| PB 0x00000000c8000000| Untracked 
|  41|0x00000000c9000000, 0x00000000c9000000, 0x00000000ca000000|  0%| F|  |TAMS 0x00000000c9000000| PB 0x00000000c9000000| Untracked 
|  42|0x00000000ca000000, 0x00000000ca000000, 0x00000000cb000000|  0%| F|  |TAMS 0x00000000ca000000| PB 0x00000000ca000000| Untracked 
|  43|0x00000000cb000000, 0x00000000cb000000, 0x00000000cc000000|  0%| F|  |TAMS 0x00000000cb000000| PB 0x00000000cb000000| Untracked 
|  44|0x00000000cc000000, 0x00000000cc000000, 0x00000000cd000000|  0%| F|  |TAMS 0x00000000cc000000| PB 0x00000000cc000000| Untracked 
|  45|0x00000000cd000000, 0x00000000cd000000, 0x00000000ce000000|  0%| F|  |TAMS 0x00000000cd000000| PB 0x00000000cd000000| Untracked 
|  46|0x00000000ce000000, 0x00000000ce000000, 0x00000000cf000000|  0%| F|  |TAMS 0x00000000ce000000| PB 0x00000000ce000000| Untracked 
|  47|0x00000000cf000000, 0x00000000cf000000, 0x00000000d0000000|  0%| F|  |TAMS 0x00000000cf000000| PB 0x00000000cf000000| Untracked 
|  48|0x00000000d0000000, 0x00000000d0000000, 0x00000000d1000000|  0%| F|  |TAMS 0x00000000d0000000| PB 0x00000000d0000000| Untracked 
|  49|0x00000000d1000000, 0x00000000d1000000, 0x00000000d2000000|  0%| F|  |TAMS 0x00000000d1000000| PB 0x00000000d1000000| Untracked 
|  50|0x00000000d2000000, 0x00000000d2000000, 0x00000000d3000000|  0%| F|  |TAMS 0x00000000d2000000| PB 0x00000000d2000000| Untracked 
|  51|0x00000000d3000000, 0x00000000d3000000, 0x00000000d4000000|  0%| F|  |TAMS 0x00000000d3000000| PB 0x00000000d3000000| Untracked 
|  52|0x00000000d4000000, 0x00000000d4000000, 0x00000000d5000000|  0%| F|  |TAMS 0x00000000d4000000| PB 0x00000000d4000000| Untracked 
|  53|0x00000000d5000000, 0x00000000d5000000, 0x00000000d6000000|  0%| F|  |TAMS 0x00000000d5000000| PB 0x00000000d5000000| Untracked 
|  54|0x00000000d6000000, 0x00000000d6000000, 0x00000000d7000000|  0%| F|  |TAMS 0x00000000d6000000| PB 0x00000000d6000000| Untracked 
|  55|0x00000000d7000000, 0x00000000d7000000, 0x00000000d8000000|  0%| F|  |TAMS 0x00000000d7000000| PB 0x00000000d7000000| Untracked 
|  56|0x00000000d8000000, 0x00000000d8000000, 0x00000000d9000000|  0%| F|  |TAMS 0x00000000d8000000| PB 0x00000000d8000000| Untracked 
|  57|0x00000000d9000000, 0x00000000d9000000, 0x00000000da000000|  0%| F|  |TAMS 0x00000000d9000000| PB 0x00000000d9000000| Untracked 
|  58|0x00000000da000000, 0x00000000da000000, 0x00000000db000000|  0%| F|  |TAMS 0x00000000da000000| PB 0x00000000da000000| Untracked 
|  59|0x00000000db000000, 0x00000000db000000, 0x00000000dc000000|  0%| F|  |TAMS 0x00000000db000000| PB 0x00000000db000000| Untracked 
|  60|0x00000000dc000000, 0x00000000dc000000, 0x00000000dd000000|  0%| F|  |TAMS 0x00000000dc000000| PB 0x00000000dc000000| Untracked 
|  61|0x00000000dd000000, 0x00000000dd000000, 0x00000000de000000|  0%| F|  |TAMS 0x00000000dd000000| PB 0x00000000dd000000| Untracked 
|  62|0x00000000de000000, 0x00000000de000000, 0x00000000df000000|  0%| F|  |TAMS 0x00000000de000000| PB 0x00000000de000000| Untracked 
|  63|0x00000000df000000, 0x00000000df000000, 0x00000000e0000000|  0%| F|  |TAMS 0x00000000df000000| PB 0x00000000df000000| Untracked 
|  64|0x00000000e0000000, 0x00000000e0000000, 0x00000000e1000000|  0%| F|  |TAMS 0x00000000e0000000| PB 0x00000000e0000000| Untracked 
|  65|0x00000000e1000000, 0x00000000e1000000, 0x00000000e2000000|  0%| F|  |TAMS 0x00000000e1000000| PB 0x00000000e1000000| Untracked 
|  66|0x00000000e2000000, 0x00000000e2000000, 0x00000000e3000000|  0%| F|  |TAMS 0x00000000e2000000| PB 0x00000000e2000000| Untracked 
|  67|0x00000000e3000000, 0x00000000e3000000, 0x00000000e4000000|  0%| F|  |TAMS 0x00000000e3000000| PB 0x00000000e3000000| Untracked 
|  68|0x00000000e4000000, 0x00000000e4000000, 0x00000000e5000000|  0%| F|  |TAMS 0x00000000e4000000| PB 0x00000000e4000000| Untracked 
|  69|0x00000000e5000000, 0x00000000e5000000, 0x00000000e6000000|  0%| F|  |TAMS 0x00000000e5000000| PB 0x00000000e5000000| Untracked 
|  70|0x00000000e6000000, 0x00000000e6000000, 0x00000000e7000000|  0%| F|  |TAMS 0x00000000e6000000| PB 0x00000000e6000000| Untracked 
|  71|0x00000000e7000000, 0x00000000e7000000, 0x00000000e8000000|  0%| F|  |TAMS 0x00000000e7000000| PB 0x00000000e7000000| Untracked 
|  72|0x00000000e8000000, 0x00000000e8000000, 0x00000000e9000000|  0%| F|  |TAMS 0x00000000e8000000| PB 0x00000000e8000000| Untracked 
|  73|0x00000000e9000000, 0x00000000e9000000, 0x00000000ea000000|  0%| F|  |TAMS 0x00000000e9000000| PB 0x00000000e9000000| Untracked 
|  74|0x00000000ea000000, 0x00000000ea000000, 0x00000000eb000000|  0%| F|  |TAMS 0x00000000ea000000| PB 0x00000000ea000000| Untracked 
|  75|0x00000000eb000000, 0x00000000eb000000, 0x00000000ec000000|  0%| F|  |TAMS 0x00000000eb000000| PB 0x00000000eb000000| Untracked 
|  76|0x00000000ec000000, 0x00000000ec000000, 0x00000000ed000000|  0%| F|  |TAMS 0x00000000ec000000| PB 0x00000000ec000000| Untracked 
|  77|0x00000000ed000000, 0x00000000ed000000, 0x00000000ee000000|  0%| F|  |TAMS 0x00000000ed000000| PB 0x00000000ed000000| Untracked 
|  78|0x00000000ee000000, 0x00000000ee000000, 0x00000000ef000000|  0%| F|  |TAMS 0x00000000ee000000| PB 0x00000000ee000000| Untracked 
|  79|0x00000000ef000000, 0x00000000ef000000, 0x00000000f0000000|  0%| F|  |TAMS 0x00000000ef000000| PB 0x00000000ef000000| Untracked 
|  80|0x00000000f0000000, 0x00000000f0000000, 0x00000000f1000000|  0%| F|  |TAMS 0x00000000f0000000| PB 0x00000000f0000000| Untracked 
|  81|0x00000000f1000000, 0x00000000f1000000, 0x00000000f2000000|  0%| F|  |TAMS 0x00000000f1000000| PB 0x00000000f1000000| Untracked 
|  82|0x00000000f2000000, 0x00000000f2000000, 0x00000000f3000000|  0%| F|  |TAMS 0x00000000f2000000| PB 0x00000000f2000000| Untracked 
|  83|0x00000000f3000000, 0x00000000f3000000, 0x00000000f4000000|  0%| F|  |TAMS 0x00000000f3000000| PB 0x00000000f3000000| Untracked 
|  84|0x00000000f4000000, 0x00000000f4000000, 0x00000000f5000000|  0%| F|  |TAMS 0x00000000f4000000| PB 0x00000000f4000000| Untracked 
|  85|0x00000000f5000000, 0x00000000f5000000, 0x00000000f6000000|  0%| F|  |TAMS 0x00000000f5000000| PB 0x00000000f5000000| Untracked 
|  86|0x00000000f6000000, 0x00000000f6000000, 0x00000000f7000000|  0%| F|  |TAMS 0x00000000f6000000| PB 0x00000000f6000000| Untracked 
|  87|0x00000000f7000000, 0x00000000f7000000, 0x00000000f8000000|  0%| F|  |TAMS 0x00000000f7000000| PB 0x00000000f7000000| Untracked 
|  88|0x00000000f8000000, 0x00000000f8000000, 0x00000000f9000000|  0%| F|  |TAMS 0x00000000f8000000| PB 0x00000000f8000000| Untracked 
|  89|0x00000000f9000000, 0x00000000f9000000, 0x00000000fa000000|  0%| F|  |TAMS 0x00000000f9000000| PB 0x00000000f9000000| Untracked 
|  90|0x00000000fa000000, 0x00000000fa000000, 0x00000000fb000000|  0%| F|  |TAMS 0x00000000fa000000| PB 0x00000000fa000000| Untracked 
|  91|0x00000000fb000000, 0x00000000fb000000, 0x00000000fc000000|  0%| F|  |TAMS 0x00000000fb000000| PB 0x00000000fb000000| Untracked 
|  92|0x00000000fc000000, 0x00000000fc000000, 0x00000000fd000000|  0%| F|  |TAMS 0x00000000fc000000| PB 0x00000000fc000000| Untracked 
|  93|0x00000000fd000000, 0x00000000fd000000, 0x00000000fe000000|  0%| F|  |TAMS 0x00000000fd000000| PB 0x00000000fd000000| Untracked 
|  94|0x00000000fe000000, 0x00000000fe000000, 0x00000000ff000000|  0%| F|  |TAMS 0x00000000fe000000| PB 0x00000000fe000000| Untracked 
|  95|0x00000000ff000000, 0x00000000ff000000, 0x0000000100000000|  0%| F|  |TAMS 0x00000000ff000000| PB 0x00000000ff000000| Untracked 
|  96|0x0000000100000000, 0x0000000100000000, 0x0000000101000000|  0%| F|  |TAMS 0x0000000100000000| PB 0x0000000100000000| Untracked 
|  97|0x0000000101000000, 0x0000000101000000, 0x0000000102000000|  0%| F|  |TAMS 0x0000000101000000| PB 0x0000000101000000| Untracked 
|  98|0x0000000102000000, 0x0000000102000000, 0x0000000103000000|  0%| F|  |TAMS 0x0000000102000000| PB 0x0000000102000000| Untracked 
|  99|0x0000000103000000, 0x0000000103000000, 0x0000000104000000|  0%| F|  |TAMS 0x0000000103000000| PB 0x0000000103000000| Untracked 
| 100|0x0000000104000000, 0x0000000104000000, 0x0000000105000000|  0%| F|  |TAMS 0x0000000104000000| PB 0x0000000104000000| Untracked 
| 101|0x0000000105000000, 0x0000000105000000, 0x0000000106000000|  0%| F|  |TAMS 0x0000000105000000| PB 0x0000000105000000| Untracked 
| 102|0x0000000106000000, 0x0000000106000000, 0x0000000107000000|  0%| F|  |TAMS 0x0000000106000000| PB 0x0000000106000000| Untracked 
| 103|0x0000000107000000, 0x0000000107000000, 0x0000000108000000|  0%| F|  |TAMS 0x0000000107000000| PB 0x0000000107000000| Untracked 
| 104|0x0000000108000000, 0x0000000108000000, 0x0000000109000000|  0%| F|  |TAMS 0x0000000108000000| PB 0x0000000108000000| Untracked 
| 105|0x0000000109000000, 0x0000000109000000, 0x000000010a000000|  0%| F|  |TAMS 0x0000000109000000| PB 0x0000000109000000| Untracked 
| 106|0x000000010a000000, 0x000000010a000000, 0x000000010b000000|  0%| F|  |TAMS 0x000000010a000000| PB 0x000000010a000000| Untracked 
| 107|0x000000010b000000, 0x000000010b000000, 0x000000010c000000|  0%| F|  |TAMS 0x000000010b000000| PB 0x000000010b000000| Untracked 
| 108|0x000000010c000000, 0x000000010c000000, 0x000000010d000000|  0%| F|  |TAMS 0x000000010c000000| PB 0x000000010c000000| Untracked 
| 109|0x000000010d000000, 0x000000010d000000, 0x000000010e000000|  0%| F|  |TAMS 0x000000010d000000| PB 0x000000010d000000| Untracked 
| 110|0x000000010e000000, 0x000000010e000000, 0x000000010f000000|  0%| F|  |TAMS 0x000000010e000000| PB 0x000000010e000000| Untracked 
| 111|0x000000010f000000, 0x000000010f000000, 0x0000000110000000|  0%| F|  |TAMS 0x000000010f000000| PB 0x000000010f000000| Untracked 
| 112|0x0000000110000000, 0x0000000110000000, 0x0000000111000000|  0%| F|  |TAMS 0x0000000110000000| PB 0x0000000110000000| Untracked 
| 113|0x0000000111000000, 0x0000000111000000, 0x0000000112000000|  0%| F|  |TAMS 0x0000000111000000| PB 0x0000000111000000| Untracked 
| 114|0x0000000112000000, 0x0000000112000000, 0x0000000113000000|  0%| F|  |TAMS 0x0000000112000000| PB 0x0000000112000000| Untracked 
| 115|0x0000000113000000, 0x0000000113000000, 0x0000000114000000|  0%| F|  |TAMS 0x0000000113000000| PB 0x0000000113000000| Untracked 
| 116|0x0000000114000000, 0x0000000114000000, 0x0000000115000000|  0%| F|  |TAMS 0x0000000114000000| PB 0x0000000114000000| Untracked 
| 117|0x0000000115000000, 0x0000000115000000, 0x0000000116000000|  0%| F|  |TAMS 0x0000000115000000| PB 0x0000000115000000| Untracked 
| 118|0x0000000116000000, 0x0000000116000000, 0x0000000117000000|  0%| F|  |TAMS 0x0000000116000000| PB 0x0000000116000000| Untracked 
| 119|0x0000000117000000, 0x0000000117000000, 0x0000000118000000|  0%| F|  |TAMS 0x0000000117000000| PB 0x0000000117000000| Untracked 
| 120|0x0000000118000000, 0x0000000118000000, 0x0000000119000000|  0%| F|  |TAMS 0x0000000118000000| PB 0x0000000118000000| Untracked 
| 121|0x0000000119000000, 0x0000000119000000, 0x000000011a000000|  0%| F|  |TAMS 0x0000000119000000| PB 0x0000000119000000| Untracked 
| 122|0x000000011a000000, 0x000000011a000000, 0x000000011b000000|  0%| F|  |TAMS 0x000000011a000000| PB 0x000000011a000000| Untracked 
| 123|0x000000011b000000, 0x000000011b000000, 0x000000011c000000|  0%| F|  |TAMS 0x000000011b000000| PB 0x000000011b000000| Untracked 
| 124|0x000000011c000000, 0x000000011c000000, 0x000000011d000000|  0%| F|  |TAMS 0x000000011c000000| PB 0x000000011c000000| Untracked 
| 125|0x000000011d000000, 0x000000011d000000, 0x000000011e000000|  0%| F|  |TAMS 0x000000011d000000| PB 0x000000011d000000| Untracked 
| 126|0x000000011e000000, 0x000000011e000000, 0x000000011f000000|  0%| F|  |TAMS 0x000000011e000000| PB 0x000000011e000000| Untracked 
| 127|0x000000011f000000, 0x000000011f5c2998, 0x0000000120000000| 36%| E|  |TAMS 0x000000011f000000| PB 0x000000011f000000| Complete 
|1886|0x00000007fe000000, 0x00000007fef79000, 0x00000007ff000000| 96%|OA|  |TAMS 0x00000007fe000000| PB 0x00000007fe000000| Untracked 
|1887|0x00000007ff000000, 0x00000007ff082000, 0x0000000800000000|  3%|CA|  |TAMS 0x00000007ff000000| PB 0x00000007ff000000| Untracked 

Card table byte_map: [0x00001467a5800000,0x00001467a9300000] _byte_map_base: 0x00001467a5300000

Marking Bits: (CMBitMap*) 0x00001467c405fff0
 Bits: [0x0000146784400000, 0x00001467a1c00000)

Polling page: 0x00001467cc7a0000

Metaspace:

Usage:
  Non-class:     81.74 KB used.
      Class:      2.02 KB used.
       Both:     83.76 KB used.

Virtual space:
  Non-class space:       64.00 MB reserved,     128.00 KB ( <1%) committed,  1 nodes.
      Class space:        1.00 GB reserved,      64.00 KB ( <1%) committed,  1 nodes.
             Both:        1.06 GB reserved,     192.00 KB ( <1%) committed. 

Chunk freelists:
   Non-Class:  0 bytes
       Class:  3.75 MB
        Both:  3.75 MB

MaxMetaspaceSize: unlimited
CompressedClassSpaceSize: 1.00 GB
Initial GC threshold: 21.00 MB
Current GC threshold: 21.00 MB
CDS: on
MetaspaceReclaimPolicy: balanced
 - commit_granule_bytes: 65536.
 - commit_granule_words: 8192.
 - virtual_space_node_default_size: 8388608.
 - enlarge_chunks_in_place: 1.
 - new_chunks_are_fully_committed: 0.
 - uncommit_free_chunks: 1.
 - use_allocation_guard: 0.


Internal statistics:

num_allocs_failed_limit: 0.
num_arena_births: 2.
num_arena_deaths: 0.
num_vsnodes_births: 2.
num_vsnodes_deaths: 0.
num_space_committed: 3.
num_space_uncommitted: 0.
num_chunks_returned_to_freelist: 0.
num_chunks_taken_from_freelist: 3.
num_chunk_merges: 0.
num_chunk_splits: 1.
num_chunks_enlarged: 0.
num_inconsistent_stats: 0.

CodeHeap 'non-profiled nmethods': size=120036Kb used=8Kb max_used=8Kb free=120027Kb
 bounds [0x00001467b48c7000, 0x00001467b4b37000, 0x00001467bbe00000]
CodeHeap 'profiled nmethods': size=120032Kb used=52Kb max_used=52Kb free=119979Kb
 bounds [0x00001467ace00000, 0x00001467ad070000, 0x00001467b4338000]
CodeHeap 'non-nmethods': size=5692Kb used=1203Kb max_used=1217Kb free=4488Kb
 bounds [0x00001467b4338000, 0x00001467b45a8000, 0x00001467b48c7000]
 total_blobs=326 nmethods=41 adapters=197
 compilation: enabled
              stopped_count=0, restarted_count=0
 full_count=0

Compilation events (20 events):
Event: 0.073 Thread 0x00001467c4127080 nmethod 15 0x00001467ace04110 code [0x00001467ace042e0, 0x00001467ace047e0]
Event: 0.075 Thread 0x00001467c4127080   16       3       java.util.concurrent.ConcurrentHashMap::tabAt (22 bytes)
Event: 0.075 Thread 0x00001467c4127080 nmethod 16 0x00001467ace04a10 code [0x00001467ace04ba0, 0x00001467ace04e68]
Event: 0.075 Thread 0x00001467c4127080   19       3       java.util.ImmutableCollections$SetN$SetNIterator::next (90 bytes)
Event: 0.076 Thread 0x00001467c4127080 nmethod 19 0x00001467ace04f90 code [0x00001467ace05140, 0x00001467ace05460]
Event: 0.076 Thread 0x00001467c4127080   17       3       jdk.internal.misc.Unsafe::getReferenceAcquire (7 bytes)
Event: 0.076 Thread 0x00001467c4127080 nmethod 17 0x00001467ace05610 code [0x00001467ace057a0, 0x00001467ace05908]
Event: 0.076 Thread 0x00001467c4127080   20   !   3       java.util.concurrent.ConcurrentHashMap::putVal (432 bytes)
Event: 0.079 Thread 0x00001467c4127080 nmethod 20 0x00001467ace05990 code [0x00001467ace05ce0, 0x00001467ace07868]
Event: 0.079 Thread 0x00001467c4127080   21       3       java.util.concurrent.ConcurrentHashMap$Node::<init> (20 bytes)
Event: 0.079 Thread 0x00001467c4127080 nmethod 21 0x00001467ace08210 code [0x00001467ace083a0, 0x00001467ace085d8]
Event: 0.079 Thread 0x00001467c4127080   24       3       java.util.concurrent.ConcurrentHashMap::spread (10 bytes)
Event: 0.079 Thread 0x00001467c4127080 nmethod 24 0x00001467ace08690 code [0x00001467ace08820, 0x00001467ace08910]
Event: 0.079 Thread 0x00001467c4127080   25       3       java.util.concurrent.ConcurrentHashMap::addCount (280 bytes)
Event: 0.082 Thread 0x00001467c4127080 nmethod 25 0x00001467ace08990 code [0x00001467ace08bc0, 0x00001467ace09520]
Event: 0.082 Thread 0x00001467c4127080   32       3       java.util.HashMap::hash (20 bytes)
Event: 0.082 Thread 0x00001467c4127080 nmethod 32 0x00001467ace09810 code [0x00001467ace099a0, 0x00001467ace09ba0]
Event: 0.082 Thread 0x00001467c4127080   26       3       java.util.ImmutableCollections$SetN$SetNIterator::hasNext (13 bytes)
Event: 0.082 Thread 0x00001467c4127080 nmethod 26 0x00001467ace09c90 code [0x00001467ace09e20, 0x00001467ace09f88]
Event: 0.082 Thread 0x00001467c4127080   36       3       java.util.HashMap::putVal (300 bytes)

GC Heap History (0 events):
No events

Dll operation events (2 events):
Event: 0.004 Loaded shared library /opt/apps/oracle-java/20.0.1/lib/libjava.so
Event: 0.024 Loaded shared library /opt/apps/oracle-java/20.0.1/lib/libjsvml.so

Deoptimization events (0 events):
No events

Classes loaded (2 events):
Event: 0.032 Loading class sun/nio/cs/UTF_8$Encoder
Event: 0.033 Loading class sun/nio/cs/UTF_8$Encoder done

Classes unloaded (0 events):
No events

Classes redefined (0 events):
No events

Internal exceptions (0 events):
No events

VM Operations (0 events):
No events

Events (16 events):
Event: 0.003 Protecting memory [0x00001467caf86000,0x00001467caf8a000] with protection modes 0
Event: 0.024 Thread 0x00001467c402c9a0 Thread added: 0x00001467c402c9a0
Event: 0.035 Thread 0x00001467c411e860 Thread added: 0x00001467c411e860
Event: 0.035 Protecting memory [0x00001467c95c9000,0x00001467c95cd000] with protection modes 0
Event: 0.035 Thread 0x00001467c411fda0 Thread added: 0x00001467c411fda0
Event: 0.036 Protecting memory [0x00001467c94c9000,0x00001467c94cd000] with protection modes 0
Event: 0.036 Thread 0x00001467c4121770 Thread added: 0x00001467c4121770
Event: 0.036 Protecting memory [0x00001467c93c9000,0x00001467c93cd000] with protection modes 0
Event: 0.036 Thread 0x00001467c4122c10 Thread added: 0x00001467c4122c10
Event: 0.036 Protecting memory [0x00001467c92c9000,0x00001467c92cd000] with protection modes 0
Event: 0.036 Thread 0x00001467c41240a0 Thread added: 0x00001467c41240a0
Event: 0.036 Protecting memory [0x00001467c91c9000,0x00001467c91cd000] with protection modes 0
Event: 0.036 Thread 0x00001467c4125ad0 Thread added: 0x00001467c4125ad0
Event: 0.036 Protecting memory [0x00001467c90c9000,0x00001467c90cd000] with protection modes 0
Event: 0.036 Thread 0x00001467c4127080 Thread added: 0x00001467c4127080
Event: 0.041 Protecting memory [0x00001467c8fc9000,0x00001467c8fcd000] with protection modes 0


Dynamic libraries:
a0000000-120000000 rw-p 00000000 00:00 0 
120000000-7fe000000 ---p 00000000 00:00 0 
7fe000000-7fef00000 rw-p 00000000 00:00 0 
7fef00000-7fef79000 rw-p 00d34000 00:32 2690282609                       /opt/apps/oracle-java/20.0.1/lib/server/classes.jsa
7fef79000-7ff000000 rw-p 00000000 00:00 0 
7ff000000-7ff082000 rw-p 00cb2000 00:32 2690282609                       /opt/apps/oracle-java/20.0.1/lib/server/classes.jsa
7ff082000-800000000 rw-p 00000000 00:00 0 
800000000-800481000 rw-p 00001000 00:32 2690282609                       /opt/apps/oracle-java/20.0.1/lib/server/classes.jsa
800481000-800c75000 r--p 00482000 00:32 2690282609                       /opt/apps/oracle-java/20.0.1/lib/server/classes.jsa
800c75000-801040000 ---p 00000000 00:00 0 
801040000-801050000 rw-p 00000000 00:00 0 
801050000-841000000 ---p 00000000 00:00 0 
146734000000-146734046000 rw-p 00000000 00:00 0 
146734046000-146738000000 ---p 00000000 00:00 0 
146738000000-14673807e000 rw-p 00000000 00:00 0 
14673807e000-14673c000000 ---p 00000000 00:00 0 
146740000000-146740021000 rw-p 00000000 00:00 0 
146740021000-146744000000 ---p 00000000 00:00 0 
146744000000-146744021000 rw-p 00000000 00:00 0 
146744021000-146748000000 ---p 00000000 00:00 0 
14674c000000-14674c021000 rw-p 00000000 00:00 0 
14674c021000-146750000000 ---p 00000000 00:00 0 
146750000000-146750021000 rw-p 00000000 00:00 0 
146750021000-146754000000 ---p 00000000 00:00 0 
146758000000-146758021000 rw-p 00000000 00:00 0 
146758021000-14675c000000 ---p 00000000 00:00 0 
14675c000000-14675c021000 rw-p 00000000 00:00 0 
14675c021000-146760000000 ---p 00000000 00:00 0 
146764000000-146764020000 rw-p 00000000 00:00 0 
146764020000-146768000000 ---p 00000000 00:00 0 
146768000000-146768021000 rw-p 00000000 00:00 0 
146768021000-14676c000000 ---p 00000000 00:00 0 
14676c000000-14676c021000 rw-p 00000000 00:00 0 
14676c021000-146770000000 ---p 00000000 00:00 0 
146774000000-146774021000 rw-p 00000000 00:00 0 
146774021000-146778000000 ---p 00000000 00:00 0 
146778000000-146778021000 rw-p 00000000 00:00 0 
146778021000-14677c000000 ---p 00000000 00:00 0 
14677e000000-146780021000 rw-p 00000000 00:00 0 
146780021000-146784000000 ---p 00000000 00:00 0 
146784400000-146786400000 rw-p 00000000 00:00 0 
146786400000-1467a1b80000 ---p 00000000 00:00 0 
1467a1b80000-1467a1c00000 rw-p 00000000 00:00 0 
1467a1d00000-1467a2100000 rw-p 00000000 00:00 0 
1467a2100000-1467a57f0000 ---p 00000000 00:00 0 
1467a57f0000-1467a5c00000 rw-p 00000000 00:00 0 
1467a5c00000-1467a92f0000 ---p 00000000 00:00 0 
1467a92f0000-1467a9700000 rw-p 00000000 00:00 0 
1467a9700000-1467acdf0000 ---p 00000000 00:00 0 
1467acdf0000-1467ace00000 rw-p 00000000 00:00 0 
1467ace00000-1467ad070000 rwxp 00000000 00:00 0 
1467ad070000-1467b4338000 ---p 00000000 00:00 0 
1467b4338000-1467b45a8000 rwxp 00000000 00:00 0 
1467b45a8000-1467b48c7000 ---p 00000000 00:00 0 
1467b48c7000-1467b4b37000 rwxp 00000000 00:00 0 
1467b4b37000-1467bbe00000 ---p 00000000 00:00 0 
1467bbede000-1467c4000000 r--s 00000000 00:32 1075234354                 /opt/apps/oracle-java/20.0.1/lib/modules
1467c4000000-1467c417a000 rw-p 00000000 00:00 0 
1467c417a000-1467c8000000 ---p 00000000 00:00 0 
1467c8bdd000-1467c8fc9000 rw-p 00000000 00:00 0 
1467c8fc9000-1467c8fcd000 ---p 00000000 00:00 0 
1467c8fcd000-1467c90c9000 rw-p 00000000 00:00 0 
1467c90c9000-1467c90cd000 ---p 00000000 00:00 0 
1467c90cd000-1467c91c9000 rw-p 00000000 00:00 0 
1467c91c9000-1467c91cd000 ---p 00000000 00:00 0 
1467c91cd000-1467c92c9000 rw-p 00000000 00:00 0 
1467c92c9000-1467c92cd000 ---p 00000000 00:00 0 
1467c92cd000-1467c93c9000 rw-p 00000000 00:00 0 
1467c93c9000-1467c93cd000 ---p 00000000 00:00 0 
1467c93cd000-1467c94c9000 rw-p 00000000 00:00 0 
1467c94c9000-1467c94cd000 ---p 00000000 00:00 0 
1467c94cd000-1467c95c9000 rw-p 00000000 00:00 0 
1467c95c9000-1467c95cd000 ---p 00000000 00:00 0 
1467c95cd000-1467c96c9000 rw-p 00000000 00:00 0 
1467c96c9000-1467c96ca000 ---p 00000000 00:00 0 
1467c96ca000-1467c97cb000 rw-p 00000000 00:00 0 
1467c97cb000-1467c9899000 r-xp 00000000 00:32 1075234338                 /opt/apps/oracle-java/20.0.1/lib/libjsvml.so
1467c9899000-1467c989a000 r--p 000cd000 00:32 1075234338                 /opt/apps/oracle-java/20.0.1/lib/libjsvml.so
1467c989a000-1467c989b000 rw-p 000ce000 00:32 1075234338                 /opt/apps/oracle-java/20.0.1/lib/libjsvml.so
1467c989b000-1467c99b8000 rw-p 00000000 00:00 0 
1467c99b8000-1467c99b9000 ---p 00000000 00:00 0 
1467c99b9000-1467c9aba000 rw-p 00000000 00:00 0 
1467c9aba000-1467c9abb000 ---p 00000000 00:00 0 
1467c9abb000-1467c9bbc000 rw-p 00000000 00:00 0 
1467c9bbc000-1467c9dbe000 rw-p 00000000 00:00 0 
1467c9dbe000-1467c9dbf000 ---p 00000000 00:00 0 
1467c9dbf000-1467c9ec0000 rw-p 00000000 00:00 0 
1467c9ec0000-1467c9ec1000 ---p 00000000 00:00 0 
1467c9ec1000-1467c9fc2000 rw-p 00000000 00:00 0 
1467c9fc2000-1467c9fc3000 ---p 00000000 00:00 0 
1467c9fc3000-1467ca0c4000 rw-p 00000000 00:00 0 
1467ca0c4000-1467ca42f000 rw-p 00000000 00:00 0 
1467ca42f000-1467ca515000 ---p 00000000 00:00 0 
1467ca515000-1467ca51a000 rw-p 00000000 00:00 0 
1467ca51a000-1467ca600000 ---p 00000000 00:00 0 
1467ca600000-1467caed4000 r--s 00000000 fd:00 1611280658                 /var/lib/sss/mc/passwd
1467caef2000-1467caf47000 r--p 00000000 fd:00 1610677145                 /usr/lib/locale/C.utf8/LC_CTYPE
1467caf47000-1467caf86000 rw-p 00000000 00:00 0 
1467caf86000-1467caf8a000 ---p 00000000 00:00 0 
1467caf8a000-1467cb086000 rw-p 00000000 00:00 0 
1467cb086000-1467cc2a2000 r-xp 00000000 00:32 2690282612                 /opt/apps/oracle-java/20.0.1/lib/server/libjvm.so
1467cc2a2000-1467cc36c000 r--p 0121b000 00:32 2690282612                 /opt/apps/oracle-java/20.0.1/lib/server/libjvm.so
1467cc36c000-1467cc3a1000 rw-p 012e5000 00:32 2690282612                 /opt/apps/oracle-java/20.0.1/lib/server/libjvm.so
1467cc3a1000-1467cc400000 rw-p 00000000 00:00 0 
1467cc400000-1467cc429000 r--p 00000000 fd:00 169478                     /usr/lib64/libc.so.6
1467cc429000-1467cc59e000 r-xp 00029000 fd:00 169478                     /usr/lib64/libc.so.6
1467cc59e000-1467cc5f6000 r--p 0019e000 fd:00 169478                     /usr/lib64/libc.so.6
1467cc5f6000-1467cc5fa000 r--p 001f6000 fd:00 169478                     /usr/lib64/libc.so.6
1467cc5fa000-1467cc5fc000 rw-p 001fa000 fd:00 169478                     /usr/lib64/libc.so.6
1467cc5fc000-1467cc609000 rw-p 00000000 00:00 0 
1467cc609000-1467cc60a000 r--p 00000000 fd:00 1610677150                 /usr/lib/locale/C.utf8/LC_NUMERIC
1467cc60a000-1467cc60b000 r--p 00000000 fd:00 1610677153                 /usr/lib/locale/C.utf8/LC_TIME
1467cc60b000-1467cc612000 r--s 00000000 fd:00 1075287776                 /usr/lib64/gconv/gconv-modules.cache
1467cc612000-1467cc638000 r-xp 00000000 00:32 1075234330                 /opt/apps/oracle-java/20.0.1/lib/libjava.so
1467cc638000-1467cc639000 ---p 00026000 00:32 1075234330                 /opt/apps/oracle-java/20.0.1/lib/libjava.so
1467cc639000-1467cc63a000 r--p 00026000 00:32 1075234330                 /opt/apps/oracle-java/20.0.1/lib/libjava.so
1467cc63a000-1467cc63b000 rw-p 00027000 00:32 1075234330                 /opt/apps/oracle-java/20.0.1/lib/libjava.so
1467cc63b000-1467cc63c000 rw-p 00000000 00:00 0 
1467cc63c000-1467cc63e000 r--p 00000000 fd:00 169914                     /usr/lib64/libnss_sss.so.2
1467cc63e000-1467cc646000 r-xp 00002000 fd:00 169914                     /usr/lib64/libnss_sss.so.2
1467cc646000-1467cc648000 r--p 0000a000 fd:00 169914                     /usr/lib64/libnss_sss.so.2
1467cc648000-1467cc649000 r--p 0000b000 fd:00 169914                     /usr/lib64/libnss_sss.so.2
1467cc649000-1467cc64a000 rw-p 0000c000 fd:00 169914                     /usr/lib64/libnss_sss.so.2
1467cc64a000-1467cc64b000 r--p 00000000 fd:00 1610677144                 /usr/lib/locale/C.utf8/LC_COLLATE
1467cc64b000-1467cc64c000 r--p 00000000 fd:00 1610677148                 /usr/lib/locale/C.utf8/LC_MONETARY
1467cc64c000-1467cc64d000 r--p 00000000 fd:00 28652                      /usr/lib/locale/C.utf8/LC_MESSAGES/SYS_LC_MESSAGES
1467cc64d000-1467cc64e000 r--p 00000000 fd:00 1610677151                 /usr/lib/locale/C.utf8/LC_PAPER
1467cc64e000-1467cc653000 rw-p 00000000 00:00 0 
1467cc653000-1467cc65a000 ---p 00000000 00:00 0 
1467cc65a000-1467cc675000 r-xp 00000000 00:32 1075234334                 /opt/apps/oracle-java/20.0.1/lib/libjimage.so
1467cc675000-1467cc676000 ---p 0001b000 00:32 1075234334                 /opt/apps/oracle-java/20.0.1/lib/libjimage.so
1467cc676000-1467cc678000 r--p 0001b000 00:32 1075234334                 /opt/apps/oracle-java/20.0.1/lib/libjimage.so
1467cc678000-1467cc679000 rw-p 0001d000 00:32 1075234334                 /opt/apps/oracle-java/20.0.1/lib/libjimage.so
1467cc679000-1467cc686000 r--p 00000000 fd:00 169835                     /usr/lib64/libm.so.6
1467cc686000-1467cc6f6000 r-xp 0000d000 fd:00 169835                     /usr/lib64/libm.so.6
1467cc6f6000-1467cc752000 r--p 0007d000 fd:00 169835                     /usr/lib64/libm.so.6
1467cc752000-1467cc753000 r--p 000d8000 fd:00 169835                     /usr/lib64/libm.so.6
1467cc753000-1467cc754000 rw-p 000d9000 fd:00 169835                     /usr/lib64/libm.so.6
1467cc754000-1467cc755000 r--p 00000000 fd:00 170046                     /usr/lib64/librt.so.1
1467cc755000-1467cc756000 r-xp 00001000 fd:00 170046                     /usr/lib64/librt.so.1
1467cc756000-1467cc757000 r--p 00002000 fd:00 170046                     /usr/lib64/librt.so.1
1467cc757000-1467cc758000 r--p 00002000 fd:00 170046                     /usr/lib64/librt.so.1
1467cc758000-1467cc759000 rw-p 00003000 fd:00 170046                     /usr/lib64/librt.so.1
1467cc759000-1467cc75e000 rw-p 00000000 00:00 0 
1467cc75e000-1467cc75f000 r--p 00000000 fd:00 169553                     /usr/lib64/libdl.so.2
1467cc75f000-1467cc760000 r-xp 00001000 fd:00 169553                     /usr/lib64/libdl.so.2
1467cc760000-1467cc761000 r--p 00002000 fd:00 169553                     /usr/lib64/libdl.so.2
1467cc761000-1467cc762000 r--p 00002000 fd:00 169553                     /usr/lib64/libdl.so.2
1467cc762000-1467cc763000 rw-p 00003000 fd:00 169553                     /usr/lib64/libdl.so.2
1467cc763000-1467cc764000 r--p 00000000 fd:00 170015                     /usr/lib64/libpthread.so.0
1467cc764000-1467cc765000 r-xp 00001000 fd:00 170015                     /usr/lib64/libpthread.so.0
1467cc765000-1467cc766000 r--p 00002000 fd:00 170015                     /usr/lib64/libpthread.so.0
1467cc766000-1467cc767000 r--p 00002000 fd:00 170015                     /usr/lib64/libpthread.so.0
1467cc767000-1467cc768000 rw-p 00003000 fd:00 170015                     /usr/lib64/libpthread.so.0
1467cc768000-1467cc776000 r-xp 00000000 00:32 1075234335                 /opt/apps/oracle-java/20.0.1/lib/libjli.so
1467cc776000-1467cc777000 ---p 0000e000 00:32 1075234335                 /opt/apps/oracle-java/20.0.1/lib/libjli.so
1467cc777000-1467cc778000 r--p 0000e000 00:32 1075234335                 /opt/apps/oracle-java/20.0.1/lib/libjli.so
1467cc778000-1467cc779000 rw-p 0000f000 00:32 1075234335                 /opt/apps/oracle-java/20.0.1/lib/libjli.so
1467cc779000-1467cc77c000 r--p 00000000 fd:00 170262                     /usr/lib64/libz.so.1.2.11
1467cc77c000-1467cc78a000 r-xp 00003000 fd:00 170262                     /usr/lib64/libz.so.1.2.11
1467cc78a000-1467cc790000 r--p 00011000 fd:00 170262                     /usr/lib64/libz.so.1.2.11
1467cc790000-1467cc791000 ---p 00017000 fd:00 170262                     /usr/lib64/libz.so.1.2.11
1467cc791000-1467cc792000 r--p 00017000 fd:00 170262                     /usr/lib64/libz.so.1.2.11
1467cc792000-1467cc793000 rw-p 00000000 00:00 0 
1467cc793000-1467cc794000 r--p 00000000 fd:00 1610677149                 /usr/lib/locale/C.utf8/LC_NAME
1467cc794000-1467cc795000 r--p 00000000 fd:00 1610677143                 /usr/lib/locale/C.utf8/LC_ADDRESS
1467cc795000-1467cc796000 r--p 00000000 fd:00 1610677152                 /usr/lib/locale/C.utf8/LC_TELEPHONE
1467cc796000-1467cc797000 r--p 00000000 fd:00 1610677147                 /usr/lib/locale/C.utf8/LC_MEASUREMENT
1467cc797000-1467cc798000 r--p 00000000 fd:00 1610677146                 /usr/lib/locale/C.utf8/LC_IDENTIFICATION
1467cc798000-1467cc7a0000 rw-s 00000000 fd:00 4177728                    /tmp/hsperfdata_mmontante/1135158
1467cc7a0000-1467cc7a1000 ---p 00000000 00:00 0 
1467cc7a1000-1467cc7a2000 r--p 00000000 00:00 0 
1467cc7a2000-1467cc7a3000 ---p 00000000 00:00 0 
1467cc7a3000-1467cc7a5000 rw-p 00000000 00:00 0 
1467cc7a5000-1467cc7a7000 r--p 00000000 fd:00 144996                     /usr/lib64/ld-linux-x86-64.so.2
1467cc7a7000-1467cc7cf000 r-xp 00002000 fd:00 144996                     /usr/lib64/ld-linux-x86-64.so.2
1467cc7cf000-1467cc7db000 r--p 0002a000 fd:00 144996                     /usr/lib64/ld-linux-x86-64.so.2
1467cc7db000-1467cc7dd000 r--p 00036000 fd:00 144996                     /usr/lib64/ld-linux-x86-64.so.2
1467cc7dd000-1467cc7df000 rw-p 00038000 fd:00 144996                     /usr/lib64/ld-linux-x86-64.so.2
564d8f3ec000-564d8f3ed000 r-xp 00000000 00:32 8601814240                 /opt/apps/oracle-java/20.0.1/bin/java
564d8f3ee000-564d8f3ef000 r--p 00001000 00:32 8601814240                 /opt/apps/oracle-java/20.0.1/bin/java
564d8f3ef000-564d8f3f0000 rw-p 00002000 00:32 8601814240                 /opt/apps/oracle-java/20.0.1/bin/java
564d90f76000-564d90fbd000 rw-p 00000000 00:00 0                          [heap]
7fff57103000-7fff57127000 rw-p 00000000 00:00 0                          [stack]
7fff571e4000-7fff571e8000 r--p 00000000 00:00 0                          [vvar]
7fff571e8000-7fff571ea000 r-xp 00000000 00:00 0                          [vdso]
ffffffffff600000-ffffffffff601000 --xp 00000000 00:00 0                  [vsyscall]


VM Arguments:
jvm_args: --add-opens=java.base/java.lang=ALL-UNNAMED --add-opens=java.base/java.io=ALL-UNNAMED --add-opens=java.base/java.nio=ALL-UNNAMED --add-opens=java.base/java.net=ALL-UNNAMED --add-opens=java.base/java.util=ALL-UNNAMED --add-opens=java.base/java.util.concurrent.locks=ALL-UNNAMED --add-opens=java.base/java.util.concurrent.atomic=ALL-UNNAMED --add-opens=java.base/java.nio.file.spi=ALL-UNNAMED --add-opens=java.base/sun.nio.ch=ALL-UNNAMED --add-opens=java.base/sun.nio.fs=ALL-UNNAMED --add-opens=java.base/sun.net.www.protocol.http=ALL-UNNAMED --add-opens=java.base/sun.net.www.protocol.https=ALL-UNNAMED --add-opens=java.base/sun.net.www.protocol.ftp=ALL-UNNAMED --add-opens=java.base/sun.net.www.protocol.file=ALL-UNNAMED --add-opens=java.base/jdk.internal.misc=ALL-UNNAMED --add-opens=java.base/jdk.internal.vm=ALL-UNNAMED --add-opens=java.base/java.util.regex=ALL-UNNAMED -Djava.io.tmpdir=/tmp -Djava.library.path=/opt/apps/oracle-java/20.0.1/lib:/opt/apps/nextflow/24.04.1/lib:/mnt/data/sur/modules/pkgs/gurobi/13.0.0/lib:/usr/java/packages/lib:/usr/lib64:/lib64:/lib:/usr/lib -Dfile.encoding=UTF-8 -Dcapsule.app=nextflow_24.04.1 -Djava.awt.headless=true -Dcapsule.jar=/home/mmontante/.nextflow/framework/24.04.1/nextflow-24.04.1-one.jar -Dcom.sun.security.enableAIAcaIssuers=true 
java_command: nextflow.cli.Launcher run main.nf -entry COMETS -profile comets -resume
java_class_path (initial): /home/mmontante/.nextflow/framework/24.04.1/nextflow-24.04.1-one.jar:/home/mmontante/.nextflow/capsule/deps/io/nextflow/nextflow/24.04.1/nextflow-24.04.1.jar:/home/mmontante/.nextflow/capsule/deps/org/apache/ivy/ivy/2.5.2/ivy-2.5.2.jar:/home/mmontante/.nextflow/capsule/deps/io/nextflow/nf-httpfs/24.04.1/nf-httpfs-24.04.1.jar:/home/mmontante/.nextflow/capsule/deps/io/nextflow/nf-commons/24.04.1/nf-commons-24.04.1.jar:/home/mmontante/.nextflow/capsule/deps/org/apache/groovy/groovy-templates/4.0.21/groovy-templates-4.0.21.jar:/home/mmontante/.nextflow/capsule/deps/org/apache/groovy/groovy-xml/4.0.21/groovy-xml-4.0.21.jar:/home/mmontante/.nextflow/capsule/deps/org/apache/groovy/groovy-yaml/4.0.21/groovy-yaml-4.0.21.jar:/home/mmontante/.nextflow/capsule/deps/org/apache/groovy/groovy-json/4.0.21/groovy-json-4.0.21.jar:/home/mmontante/.nextflow/capsule/deps/org/apache/groovy/groovy-nio/4.0.21/groovy-nio-4.0.21.jar:/home/mmontante/.nextflow/capsule/deps/org/apache/groovy/groovy/4.0.21/groovy-4.0.21.jar:/home/mmontante/.nextflow/capsule/deps/org/slf4j/jcl-over-slf4j/2.0.7/jcl-over-slf4j-2.0.7.jar:/home/mmontante/.nextflow/capsule/deps/org/slf4j/jul-to-slf4j/2.0.7/jul-to-slf4j-2.0.7.jar:/home/mmontante/.nextflow/capsule/deps/org/slf4j/log4j-over-slf4j/2.0.7/log4j-over-slf4j-2.0.7.jar:/home/mmontante/.nextflow/capsule/deps/ch/qos/logback/logback-classic/1.4.14/logback-classic-1.4.14.jar:/home/mmontante/.nextflow/capsule/deps/ch/qos/logback/logback-core/1.4.14/logback-core-1.4.14.jar:/home/mmontante/.nextflow/capsule/deps/org/codehaus/gpars/gpars/1.2.1/gpars-1.2.1.jar:/home/mmontante/.nextflow/capsule/deps/ch/artecat/grengine/grengine/3.0.2/grengine-3.0.2.jar:/home/mmontante/.nextflow/capsule/deps/commons-lang/commons-lang/2.6/commons-lang-2.6.jar:/home/mmontante/.nextflow/capsule/deps/org/pf4j/pf4j-update/2.3.0/pf4j-update-2.3.0.jar:/home/mmontante/.nextflow/capsule/deps/commons-codec/commons-codec/1.15/commons-codec-1.15.jar:/home/mmontante/.nextflow/capsule/deps/commons-io/commons-io/2.11.0/commons-io-2.11.0.jar:/home/mmontante/.nextflow/capsule/deps/com/beust/jcommander/1.35/jcommander-1.35.jar:/home/mmontante/.nextflow/capsule/deps/com/esotericsoftware/kryo/kryo/2.24.0/kryo-2.24.0.jar:/home/mmontante/.nextflow/capsule/deps/org/iq80/leveldb/leveldb/0.12/leveldb-0.12.jar:/home/mmontante/.nextflow/capsule/deps/org/eclipse/jgit/org.eclipse.jgit/6.6.1.202309021850-r/org.eclipse.jgit-6.6.1.202309021850-r.jar:/home/mmontante/.nextflow/capsule/deps/javax/mail/mail/1.4.7/mail-1.4.7.jar:/home/mmontante/.nextflow/capsule/deps/javax/activation/activation/1.1.1/activation-1.1.1.jar:/home/mmontante/.nextflow/capsule/deps/com/fasterxml/jackson/core/jackson-databind/2.17.0/jackson-databind-2.17.0.jar:/home/mmontante/.nextflow/capsule/deps/com/fasterxml/jackson/core/jackson-core/2.17.0/jackson-core-2.17.0.jar:/home/mmontante/.nextflow/capsule/deps/com/fasterxml/jackson/core/jackson-annotations/2.17.0/jackson-annotations-2.17.0.jar:/home/mmontante/.nextflow/capsule/deps/com/fasterxml/jackson/dataformat/jackson-dataformat-yaml/2.17.0/jackson-dataformat-yaml-2.17.0.jar:/home/mmontante/.nextflow/capsule/deps/org/yaml/snakeyaml/2.2/snakeyaml-2.2.jar:/home/mmontante/.nextflow/capsule/deps/org/jsoup/jsoup/1.15.4/jsoup-1.15.4.jar:/home/mmontante/.nextflow/capsule/deps/jline/jline/2.9/jline-2.9.jar:/home/mmontante/.nextflow/capsule/deps/org/pf4j/pf4j/3.10.0/pf4j-3.10.0.jar:/home/mmontante/.nextflow/capsule/deps/dev/failsafe/failsafe/3.1.0/failsafe-3.1.0.jar:/home/mmontante/.nextflow/capsule/deps/com/google/guava/guava/33.0.0-jre/guava-33.0.0-jre.jar:/home/mmontante/.nextflow/capsule/deps/com/google/code/gson/gson/2.10.1/gson-2.10.1.jar:/home/mmontante/.nextflow/capsule/deps/org/slf4j/slf4j-api/2.0.7/slf4j-api-2.0.7.jar:/home/mmontante/.nextflow/capsule/deps/org/multiverse/multiverse-core/0.7.0/multiverse-core-0.7.0.jar:/home/mmontante/.nextflow/capsule/deps/org/codehaus/jsr166-mirror/jsr166y/1.7.0/jsr166y-1.7.0.jar:/home/mmontante/.nextflow/capsule/deps/org/objenesis/objenesis/2.1/objenesis-2.1.jar:/home/mmontante/.nextflow/capsule/deps/org/iq80/leveldb/leveldb-api/0.12/leveldb-api-0.12.jar:/home/mmontante/.nextflow/capsule/deps/com/googlecode/javaewah/JavaEWAH/1.2.3/JavaEWAH-1.2.3.jar:/home/mmontante/.nextflow/capsule/deps/com/github/zafarkhaja/java-semver/0.9.0/java-semver-0.9.0.jar:/home/mmontante/.nextflow/capsule/deps/com/google/guava/failureaccess/1.0.2/failureaccess-1.0.2.jar:/home/mmontante/.nextflow/capsule/deps/com/google/guava/listenablefuture/9999.0-empty-to-avoid-conflict-with-guava/listenablefuture-9999.0-empty-to-avoid-conflict-with-guava.jar:/home/mmontante/.nextflow/capsule/deps/com/google/code/findbugs/jsr305/3.0.2/jsr305-3.0.2.jar:/home/mmontante/.nextflow/capsule/deps/org/checkerframework/checker-qual/3.41.0/checker-qual-3.41.0.jar:/home/mmontante/.nextflow/capsule/deps/com/google/errorprone/error_prone_annotations/2.23.0/error_prone_annotations-2.23.0.jar:/home/mmontante/.nextflow/capsule/deps/net/bytebuddy/byte-buddy/1.14.9/byte-buddy-1.14.9.jar
Launcher Type: SUN_STANDARD

[Global flags]
     intx CICompilerCount                          = 2                                         {product} {ergonomic}
     uint ConcGCThreads                            = 1                                         {product} {ergonomic}
     uint G1ConcRefinementThreads                  = 2                                         {product} {ergonomic}
   size_t G1HeapRegionSize                         = 16777216                                  {product} {ergonomic}
    uintx GCDrainStackTargetSize                   = 64                                        {product} {ergonomic}
   size_t InitialHeapSize                          = 2147483648                                {product} {ergonomic}
   size_t MarkStackSize                            = 4194304                                   {product} {ergonomic}
   size_t MaxHeapSize                              = 31675383808                               {product} {ergonomic}
   size_t MaxNewSize                               = 18991808512                               {product} {ergonomic}
   size_t MinHeapDeltaBytes                        = 16777216                                  {product} {ergonomic}
   size_t MinHeapSize                              = 16777216                                  {product} {ergonomic}
    uintx NonNMethodCodeHeapSize                   = 5826188                                {pd product} {ergonomic}
    uintx NonProfiledCodeHeapSize                  = 122916026                              {pd product} {ergonomic}
    uintx ProfiledCodeHeapSize                     = 122916026                              {pd product} {ergonomic}
    uintx ReservedCodeCacheSize                    = 251658240                              {pd product} {ergonomic}
     bool SegmentedCodeCache                       = true                                      {product} {ergonomic}
   size_t SoftMaxHeapSize                          = 31675383808                            {manageable} {ergonomic}
     bool UseCompressedClassPointers               = true                           {product lp64_product} {ergonomic}
     bool UseCompressedOops                        = true                           {product lp64_product} {ergonomic}
     bool UseG1GC                                  = true                                      {product} {ergonomic}

Logging:
Log output configuration:
 #0: stdout all=warning uptime,level,tags foldmultilines=false
 #1: stderr all=off uptime,level,tags foldmultilines=false

Environment Variables:
JAVA_HOME=/opt/apps/oracle-java/20.0.1
PATH=/opt/apps/oracle-java/20.0.1/bin:/opt/apps/nextflow/24.04.1:/mnt/data/sur/modules/pkgs/mamba/main/condabin:/home/mmontante/.local/bin:/home/mmontante/bin:/usr/local/bin:/usr/bin:/usr/local/sbin:/usr/sbin
LD_LIBRARY_PATH=/opt/apps/oracle-java/20.0.1/lib:/opt/apps/nextflow/24.04.1/lib
SHELL=/bin/bash
LANG=C.UTF-8
TERM=xterm-256color
TMPDIR=/tmp

Active Locale:
LC_ALL=C.UTF-8
LC_COLLATE=C.UTF-8
LC_CTYPE=C.UTF-8
LC_MESSAGES=C.UTF-8
LC_MONETARY=C.UTF-8
LC_NUMERIC=C.UTF-8
LC_TIME=C.UTF-8

Signal Handlers:
   SIGSEGV: crash_handler in libjvm.so, mask=11100100010111111101111111111110, flags=SA_RESTART|SA_SIGINFO, unblocked
    SIGBUS: crash_handler in libjvm.so, mask=11100100010111111101111111111110, flags=SA_RESTART|SA_SIGINFO, unblocked
    SIGFPE: crash_handler in libjvm.so, mask=11100100010111111101111111111110, flags=SA_RESTART|SA_SIGINFO, unblocked
   SIGPIPE: javaSignalHandler in libjvm.so, mask=11100100010111111101111111111110, flags=SA_RESTART|SA_SIGINFO, blocked
   SIGXFSZ: javaSignalHandler in libjvm.so, mask=11100100010111111101111111111110, flags=SA_RESTART|SA_SIGINFO, blocked
    SIGILL: crash_handler in libjvm.so, mask=11100100010111111101111111111110, flags=SA_RESTART|SA_SIGINFO, unblocked
   SIGUSR2: SR_handler in libjvm.so, mask=00000000000000000000000000000000, flags=SA_RESTART|SA_SIGINFO, blocked
    SIGHUP: UserHandler in libjvm.so, mask=11100100010111111101111111111110, flags=SA_RESTART|SA_SIGINFO, blocked
    SIGINT: UserHandler in libjvm.so, mask=11100100010111111101111111111110, flags=SA_RESTART|SA_SIGINFO, blocked
   SIGTERM: UserHandler in libjvm.so, mask=11100100010111111101111111111110, flags=SA_RESTART|SA_SIGINFO, blocked
   SIGQUIT: UserHandler in libjvm.so, mask=11100100010111111101111111111110, flags=SA_RESTART|SA_SIGINFO, blocked
   SIGTRAP: crash_handler in libjvm.so, mask=11100100010111111101111111111110, flags=SA_RESTART|SA_SIGINFO, unblocked


---------------  S Y S T E M  ---------------

OS:
Rocky Linux release 9.7 (Blue Onyx)
uname: Linux 5.14.0-611.54.1.el9_7.x86_64 #1 SMP PREEMPT_DYNAMIC Tue May 5 16:52:47 UTC 2026 x86_64
OS uptime: 59 days 3:05 hours
libc: glibc 2.34 NPTL 2.34 
rlimit (soft/hard): STACK infinity/infinity , CORE infinity/infinity , NPROC 61493/1029539 , NOFILE 131072/131072 , AS infinity/infinity , CPU infinity/infinity , DATA infinity/infinity , FSIZE infinity/infinity , MEMLOCK infinity/infinity
load average: 21.21 21.47 21.86

/proc/meminfo:
MemTotal:       263886960 kB
MemFree:        18918736 kB
MemAvailable:   226622036 kB
Buffers:             664 kB
Cached:         205943780 kB
SwapCached:            0 kB
Active:         45244432 kB
Inactive:       191766496 kB
Active(anon):   31363176 kB
Inactive(anon):   255676 kB
Active(file):   13881256 kB
Inactive(file): 191510820 kB
Unevictable:           0 kB
Mlocked:               0 kB
SwapTotal:             0 kB
SwapFree:              0 kB
Zswap:                 0 kB
Zswapped:              0 kB
Dirty:               200 kB
Writeback:             4 kB
AnonPages:      28679700 kB
Mapped:           978376 kB
Shmem:            552360 kB
KReclaimable:    4159268 kB
Slab:            4969524 kB
SReclaimable:    4159268 kB
SUnreclaim:       810256 kB
KernelStack:       28704 kB
PageTables:        90464 kB
SecPageTables:      2056 kB
NFS_Unstable:          0 kB
Bounce:                0 kB
WritebackTmp:          0 kB
CommitLimit:    131943480 kB
Committed_AS:   43773984 kB
VmallocTotal:   34359738367 kB
VmallocUsed:      480536 kB
VmallocChunk:          0 kB
Percpu:            82944 kB
HardwareCorrupted:     0 kB
AnonHugePages:   8099840 kB
ShmemHugePages:        0 kB
ShmemPmdMapped:        0 kB
FileHugePages:         0 kB
FilePmdMapped:         0 kB
CmaTotal:              0 kB
CmaFree:               0 kB
Unaccepted:            0 kB
HugePages_Total:       0
HugePages_Free:        0
HugePages_Rsvd:        0
HugePages_Surp:        0
Hugepagesize:       2048 kB
Hugetlb:               0 kB
DirectMap4k:     1174232 kB
DirectMap2M:    57317376 kB
DirectMap1G:    211812352 kB

/sys/kernel/mm/transparent_hugepage/enabled: [always] madvise never
/sys/kernel/mm/transparent_hugepage/defrag (defrag/compaction efforts parameter): always defer defer+madvise [madvise] never

Process Memory:
Virtual Size: 34118120K (peak: 34118184K)
Resident Set Size: 52508K (peak: 52508K) (anon: 28160K, file: 24348K, shmem: 0K)
Swapped out: 0K
C-Heap outstanding allocations: 13185K, retained: 1558K
glibc malloc tunables: (default)

/proc/sys/kernel/threads-max (system-wide limit on the number of threads): 2059079
/proc/sys/vm/max_map_count (maximum number of memory map areas a process may have): 65530
/proc/sys/kernel/pid_max (system-wide limit on number of process identifiers): 4194304

container (cgroup) information:
container_type: cgroupv2
cpu_cpuset_cpus: not supported
cpu_memory_nodes: not supported
active_processor_count: 2
cpu_quota: no quota
cpu_period: 100000
cpu_shares: no shares
memory_limit_in_bytes: unlimited
memory_and_swap_limit_in_bytes: unlimited
memory_soft_limit_in_bytes: unlimited
memory_usage_in_bytes: 30168 k
memory_max_usage_in_bytes: not supported
memory_swap_current_in_bytes: unlimited
memory_swap_max_limit_in_bytes: unlimited
maximum number of tasks: not supported
current number of tasks: not supported

Steal ticks since vm start: 0
Steal ticks percentage since vm start:  0.000

CPU: total 28 (initial active 2) (14 cores per cpu, 2 threads per core) family 6 model 79 stepping 1 microcode 0xb000040, cx8, cmov, fxsr, ht, mmx, 3dnowpref, sse, sse2, sse3, ssse3, sse4.1, sse4.2, popcnt, lzcnt, tsc, tscinvbit, avx, avx2, aes, erms, clmul, bmi1, bmi2, rtm, adx, fma, vzeroupper, clflush, rdtscp, f16c
CPU Model and flags from /proc/cpuinfo:
model name	: Intel(R) Xeon(R) CPU E5-2690 v4 @ 2.60GHz
flags		: fpu vme de pse tsc msr pae mce cx8 apic sep mtrr pge mca cmov pat pse36 clflush dts acpi mmx fxsr sse sse2 ss ht tm pbe syscall nx pdpe1gb rdtscp lm constant_tsc arch_perfmon pebs bts rep_good nopl xtopology nonstop_tsc cpuid aperfmperf pni pclmulqdq dtes64 monitor ds_cpl vmx smx est tm2 ssse3 sdbg fma cx16 xtpr pdcm pcid dca sse4_1 sse4_2 x2apic movbe popcnt tsc_deadline_timer aes xsave avx f16c rdrand lahf_lm abm 3dnowprefetch cpuid_fault epb cat_l3 cdp_l3 pti ssbd ibrs ibpb stibp tpr_shadow flexpriority ept vpid ept_ad fsgsbase tsc_adjust bmi1 hle avx2 smep bmi2 erms invpcid rtm cqm rdt_a rdseed adx smap intel_pt xsaveopt cqm_llc cqm_occup_llc cqm_mbm_total cqm_mbm_local dtherm ida arat pln pts vnmi md_clear flush_l1d

Online cpus: 0-27
Offline cpus: 
BIOS frequency limitation: <Not Available>
Frequency switch latency (ns): 20000
Available cpu frequencies: <Not Available>
Current governor: performance
Core performance/turbo boost: <Not Available>

Memory: 4k page, physical 263886960k(18918736k free), swap 0k(0k free)
Page Sizes: 4k

vm_info: Java HotSpot(TM) 64-Bit Server VM (20.0.1+9-29) for linux-amd64 JRE (20.0.1+9-29), built on 2023-03-07T13:56:11Z by "mach5one" with gcc 11.2.0

END.
