#
# A fatal error has been detected by the Java Runtime Environment:
#
#  SIGSEGV (0xb) at pc=0x000014da5ce00a36, pid=1150753, tid=1150803
#
# JRE version: Java(TM) SE Runtime Environment (20.0.1+9) (build 20.0.1+9-29)
# Java VM: Java HotSpot(TM) 64-Bit Server VM (20.0.1+9-29, mixed mode, sharing, tiered, compressed oops, compressed class ptrs, g1 gc, linux-amd64)
# Problematic frame:
# J 9 c1 java.util.concurrent.ConcurrentHashMap.putVal(Ljava/lang/Object;Ljava/lang/Object;Z)Ljava/lang/Object; java.base@20.0.1 (432 bytes) @ 0x000014da5ce00a36 [0x000014da5ce00960+0x00000000000000d6]
#
# Core dump will be written. Default location: Core dumps may be processed with "/usr/lib/systemd/systemd-coredump %P %u %g %s %t %c %h %d %F" (or dumping to /mnt/data/sur/users/mmontante/SimulacionesMetabolicas/core.1150753)
#
# If you would like to submit a bug report, please visit:
#   https://bugreport.java.com/bugreport/crash.jsp
#

---------------  S U M M A R Y ------------

Command Line: --add-opens=java.base/java.lang=ALL-UNNAMED --add-opens=java.base/java.io=ALL-UNNAMED --add-opens=java.base/java.nio=ALL-UNNAMED --add-opens=java.base/java.net=ALL-UNNAMED --add-opens=java.base/java.util=ALL-UNNAMED --add-opens=java.base/java.util.concurrent.locks=ALL-UNNAMED --add-opens=java.base/java.util.concurrent.atomic=ALL-UNNAMED --add-opens=java.base/java.nio.file.spi=ALL-UNNAMED --add-opens=java.base/sun.nio.ch=ALL-UNNAMED --add-opens=java.base/sun.nio.fs=ALL-UNNAMED --add-opens=java.base/sun.net.www.protocol.http=ALL-UNNAMED --add-opens=java.base/sun.net.www.protocol.https=ALL-UNNAMED --add-opens=java.base/sun.net.www.protocol.ftp=ALL-UNNAMED --add-opens=java.base/sun.net.www.protocol.file=ALL-UNNAMED --add-opens=java.base/jdk.internal.misc=ALL-UNNAMED --add-opens=java.base/jdk.internal.vm=ALL-UNNAMED --add-opens=java.base/java.util.regex=ALL-UNNAMED -Dfile.encoding=UTF-8 -Dcapsule.trampoline -Dcapsule.java.cmd=/opt/apps/oracle-java/20.0.1/bin/java -Dcom.sun.security.enableAIAcaIssuers=true -Djava.awt.headless=true -Djava.io.tmpdir=/tmp /home/mmontante/.nextflow/framework/25.10.4/nextflow-25.10.4-one.jar run main.nf -entry COMETS -profile comets -resume

Host: Intel(R) Xeon(R) CPU E5-2690 v4 @ 2.60GHz, 28 cores, 251G, Rocky Linux release 9.7 (Blue Onyx)
Time: Mon Jul 20 17:53:47 2026 CST elapsed time: 0.046405 seconds (0d 0h 0m 0s)

---------------  T H R E A D  ---------------

Current thread (0x000014da7402b470):  JavaThread "main" [_thread_in_Java, id=1150803, stack(0x000014da79786000,0x000014da79886000)]

Stack: [0x000014da79786000,0x000014da79886000],  sp=0x000014da798841a0,  free space=1016k
Native frames: (J=compiled Java code, j=interpreted, Vv=VM code, C=native code)
J 9 c1 java.util.concurrent.ConcurrentHashMap.putVal(Ljava/lang/Object;Ljava/lang/Object;Z)Ljava/lang/Object; java.base@20.0.1 (432 bytes) @ 0x000014da5ce00a36 [0x000014da5ce00960+0x00000000000000d6]
j  java.util.concurrent.ConcurrentHashMap.putIfAbsent(Ljava/lang/Object;Ljava/lang/Object;)Ljava/lang/Object;+4 java.base@20.0.1
j  jdk.internal.module.ServicesCatalog.addProviders(Ljava/lang/String;[Ljdk/internal/module/ServicesCatalog$ServiceProvider;)V+33 java.base@20.0.1
j  jdk.internal.module.ServicesCatalog.register(Ljava/lang/Module;)V+111 java.base@20.0.1
j  java.lang.Module.defineModules(Ljava/lang/module/Configuration;Ljava/util/function/Function;Ljava/lang/ModuleLayer;)Ljava/util/Map;+730 java.base@20.0.1
j  java.lang.ModuleLayer.<init>(Ljava/lang/module/Configuration;Ljava/util/List;Ljava/util/function/Function;)V+34 java.base@20.0.1
j  java.lang.ModuleLayer.defineModules(Ljava/lang/module/Configuration;Ljava/util/List;Ljava/util/function/Function;)Ljava/lang/ModuleLayer$Controller;+36 java.base@20.0.1
j  java.lang.ModuleLayer.defineModules(Ljava/lang/module/Configuration;Ljava/util/function/Function;)Ljava/lang/ModuleLayer;+6 java.base@20.0.1
j  jdk.internal.module.ModuleBootstrap.boot2()Ljava/lang/ModuleLayer;+1207 java.base@20.0.1
j  jdk.internal.module.ModuleBootstrap.boot()Ljava/lang/ModuleLayer;+64 java.base@20.0.1
j  java.lang.System.initPhase2(ZZ)I+0 java.base@20.0.1
v  ~StubRoutines::call_stub 0x000014da64338cc6
V  [libjvm.so+0x8a84c5]  JavaCalls::call_helper(JavaValue*, methodHandle const&, JavaCallArguments*, JavaThread*)+0x315
V  [libjvm.so+0x8a8883]  JavaCalls::call_static(JavaValue*, Klass*, Symbol*, Symbol*, JavaCallArguments*, JavaThread*)+0x113
V  [libjvm.so+0xe672e8]  Threads::create_vm(JavaVMInitArgs*, bool*)+0x758
V  [libjvm.so+0x959281]  JNI_CreateJavaVM+0x51
C  [libjli.so+0x39eb]  JavaMain+0x8b
C  [libjli.so+0x7c59]  ThreadJavaMain+0x9

siginfo: si_signo: 11 (SIGSEGV), si_code: 128 (SI_KERNEL), si_addr: 0x0000000000000000

Registers:
RAX=0x0000000000000175, RBX=0x0084000000000168, RCX=0x000000011f0315e8, RDX=0x00000007ff003ae8
RSP=0x000014da798841a0, RBP=0x000014da79884310, RSI=0x000000011f012928, RDI=0x000014da1400c210
R8 =0x0000000000000001, R9 =0x0000000000000000, R10=0x000014da7abf1480, R11=0x000014da5ce00980
R12=0x0000000000000000, R13=0x000014da798842a8, R14=0x000014da79884330, R15=0x000014da7402b470
RIP=0x000014da5ce00a36, EFLAGS=0x0000000000010206, CSGSFS=0x002b000000000033, ERR=0x0000000000000000
  TRAPNO=0x000000000000000d


Register to memory mapping:

RAX=0x0000000000000175 is an unknown value
RBX=0x0084000000000168 is an unknown value
RCX=0x000000011f0315e8 is an oop: java.util.concurrent.CopyOnWriteArrayList 
{0x000000011f0315e8} - klass: 'java/util/concurrent/CopyOnWriteArrayList'
 - ---- fields (total size 3 words):
 - final transient 'lock' 'Ljava/lang/Object;' @12  a 'java/lang/Object'{0x000000011f031600} (0x23e062c0)
 - private volatile transient 'array' '[Ljava/lang/Object;' @16  a 'java/lang/Object'[1] {0x000000011f031610} (0x23e062c2)
RDX=0x00000007ff003ae8 is an oop: java.lang.String 
{0x00000007ff003ae8} - klass: 'java/lang/String'
 - string: "javax.management.remote.JMXConnectorServerProvider"
 - ---- fields (total size 3 words):
 - private 'hash' 'I' @12  -535295775 (0xe01808e1)
 - private final 'coder' 'B' @16  0 (0x00)
 - private 'hashIsZero' 'Z' @17  false (0x00)
 - abstract internal 'flags' 'B' @18  1 (0x01)
 - private final synchronized 'value' '[B' @20  [B{0x00000007ff003aa0} (0xffe00754)
RSP=0x000014da798841a0 is pointing into the stack for thread: 0x000014da7402b470
RBP=0x000014da79884310 is pointing into the stack for thread: 0x000014da7402b470
RSI=0x000000011f012928 is an oop: java.util.concurrent.ConcurrentHashMap 
{0x000000011f012928} - klass: 'java/util/concurrent/ConcurrentHashMap'
 - ---- fields (total size 8 words):
 - transient 'keySet' 'Ljava/util/Set;' @12  NULL (0x00000000)
 - transient 'values' 'Ljava/util/Collection;' @16  NULL (0x00000000)
 - private volatile transient 'sizeCtl' 'I' @20  48 (0x00000030)
 - private volatile transient 'baseCount' 'J' @24  1 (0x0000000000000001)
 - private volatile transient 'transferIndex' 'I' @32  0 (0x00000000)
 - private volatile transient 'cellsBusy' 'I' @36  0 (0x00000000)
 - volatile transient 'table' '[Ljava/util/concurrent/ConcurrentHashMap$Node;' @40  a 'java/util/concurrent/ConcurrentHashMap$Node'[64] {0x000000011f031488} (0x23e06291)
 - private volatile transient 'nextTable' '[Ljava/util/concurrent/ConcurrentHashMap$Node;' @44  NULL (0x00000000)
 - private volatile transient 'counterCells' '[Ljava/util/concurrent/ConcurrentHashMap$CounterCell;' @48  NULL (0x00000000)
 - private transient 'keySet' 'Ljava/util/concurrent/ConcurrentHashMap$KeySetView;' @52  NULL (0x00000000)
 - private transient 'values' 'Ljava/util/concurrent/ConcurrentHashMap$ValuesView;' @56  NULL (0x00000000)
 - private transient 'entrySet' 'Ljava/util/concurrent/ConcurrentHashMap$EntrySetView;' @60  NULL (0x00000000)
RDI=0x000014da1400c210 is pointing into metadata
R8 =0x0000000000000001 is an unknown value
R9 =0x0 is NULL
R10=0x000014da7abf1480: <offset 0x000000000136b480> in /opt/apps/oracle-java/20.0.1/lib/server/libjvm.so at 0x000014da79886000
R11=0x000014da5ce00980 is at entry_point+32 in (nmethod*)0x000014da5ce00610
Compiled method (c1)      54    9   !   3       java.util.concurrent.ConcurrentHashMap::putVal (432 bytes)
 total in heap  [0x000014da5ce00610,0x000014da5ce02e58] = 10312
 relocation     [0x000014da5ce00758,0x000014da5ce00958] = 512
 main code      [0x000014da5ce00960,0x000014da5ce02400] = 6816
 stub code      [0x000014da5ce02400,0x000014da5ce024e8] = 232
 metadata       [0x000014da5ce024e8,0x000014da5ce02508] = 32
 scopes data    [0x000014da5ce02508,0x000014da5ce02a58] = 1360
 scopes pcs     [0x000014da5ce02a58,0x000014da5ce02ce8] = 656
 dependencies   [0x000014da5ce02ce8,0x000014da5ce02cf0] = 8
 handler table  [0x000014da5ce02cf0,0x000014da5ce02e28] = 312
 nul chk table  [0x000014da5ce02e28,0x000014da5ce02e58] = 48
R12=0x0 is NULL
R13=0x000014da798842a8 is pointing into the stack for thread: 0x000014da7402b470
R14=0x000014da79884330 is pointing into the stack for thread: 0x000014da7402b470
R15=0x000014da7402b470 is a thread


Top of Stack: (sp=0x000014da798841a0)
0x000014da798841a0:   0000140100000001 0000000200000000
0x000014da798841b0:   000000080064d608 000014da798841b8
0x000014da798841c0:   0000000000000000 000014da79884240
0x000014da798841d0:   0000000800003130 0000000000000000
0x000014da798841e0:   00000007fef007e0 000000080001b9e0
0x000014da798841f0:   0000000000000000 000014da79884220
0x000014da79884200:   000014da79884290 000000011f012928
0x000014da79884210:   00000007ff003ae8 000000011f0315e8
0x000014da79884220:   0000000000000001 0000000000000000
0x000014da79884230:   000000011f031610 0000000000000000
0x000014da79884240:   000000011f0315b8 000014da79884248
0x000014da79884250:   000000011f031610 000000011f0315e8
0x000014da79884260:   000014da79884260 00000008009098e8
0x000014da79884270:   000014da798842c0 000000080021ea28
0x000014da79884280:   0000000000000000 00000007fef21c00
0x000014da79884290:   000014da79884310 000014da64355503
0x000014da798842a0:   000014da64355503 0000000000000001
0x000014da798842b0:   000000011f0315e8 00000007ff003ae8
0x000014da798842c0:   000000011f012928 000014da798842c8
0x000014da798842d0:   0000000800b70f24 000014da79884330
0x000014da798842e0:   0000000800409de8 000014da1400d460
0x000014da798842f0:   00000007fef07ea8 0000000800066a20
0x000014da79884300:   000014da798842a8 000014da79884320
0x000014da79884310:   000014da79884380 000014da64355953
0x000014da79884320:   000000011f0315e8 00000007ff003ae8
0x000014da79884330:   000000011f012928 000014da79884338
0x000014da79884340:   0000000800b2f4f9 000014da798843b0
0x000014da79884350:   00000008003d9198 0000000000000000
0x000014da79884360:   00000007fef103d0 00000008003d8e40
0x000014da79884370:   000014da79884320 000014da798843a0
0x000014da79884380:   000014da79884400 000014da643553aa
0x000014da79884390:   0000000000000000 000000011f0315e8 

Instructions: (pc=0x000014da5ce00a36)
0x000014da5ce00936:   0a 32 01 7c c1 ea 05 28 00 60 0a 32 01 7c 61 fd
0x000014da5ce00946:   05 28 00 60 0a 32 01 7c b9 e9 05 28 00 60 0a 32
0x000014da5ce00956:   00 00 00 00 00 00 00 00 00 00 44 8b 56 08 49 bb
0x000014da5ce00966:   00 00 00 00 08 00 00 00 4d 03 d3 4c 3b d0 0f 85
0x000014da5ce00976:   86 a9 59 07 66 0f 1f 44 00 00 89 84 24 00 c0 fe
0x000014da5ce00986:   ff 55 48 81 ec f0 00 00 00 90 41 81 7f 20 01 00
0x000014da5ce00996:   00 00 74 05 e8 61 05 58 07 48 89 74 24 68 48 89
0x000014da5ce009a6:   54 24 70 48 89 4c 24 78 44 89 84 24 80 00 00 00
0x000014da5ce009b6:   48 bf 10 c2 00 14 da 14 00 00 8b 9f f4 00 00 00
0x000014da5ce009c6:   83 c3 02 89 9f f4 00 00 00 81 e3 fe 07 00 00 83
0x000014da5ce009d6:   fb 00 0f 84 2b 16 00 00 48 83 fa 00 48 bf 10 c2
0x000014da5ce009e6:   00 14 da 14 00 00 48 bb 38 01 00 00 00 00 00 00
0x000014da5ce009f6:   0f 84 0a 00 00 00 48 bb 48 01 00 00 00 00 00 00
0x000014da5ce00a06:   48 8b 04 1f 48 8d 40 01 48 89 04 1f 0f 84 0c 15
0x000014da5ce00a16:   00 00 48 83 f9 00 48 bf 10 c2 00 14 da 14 00 00
0x000014da5ce00a26:   48 bb 68 01 00 00 00 00 00 00 0f 84 0a 00 00 00
0x000014da5ce00a36:   48 bb 58 01 00 00 00 00 00 00 48 8b 04 1f 48 8d
0x000014da5ce00a46:   40 01 48 89 04 1f 0f 84 d2 14 00 00 48 3b 02 48
0x000014da5ce00a56:   8b fa 48 bb 10 c2 00 14 da 14 00 00 8b 7f 08 49
0x000014da5ce00a66:   ba 00 00 00 00 08 00 00 00 49 03 fa 48 3b bb 98
0x000014da5ce00a76:   01 00 00 75 0d 48 83 83 a0 01 00 00 01 e9 60 00
0x000014da5ce00a86:   00 00 48 3b bb a8 01 00 00 75 0d 48 83 83 b0 01
0x000014da5ce00a96:   00 00 01 e9 4a 00 00 00 48 83 bb 98 01 00 00 00
0x000014da5ce00aa6:   75 17 48 89 bb 98 01 00 00 48 c7 83 a0 01 00 00
0x000014da5ce00ab6:   01 00 00 00 e9 29 00 00 00 48 83 bb a8 01 00 00
0x000014da5ce00ac6:   00 75 17 48 89 bb a8 01 00 00 48 c7 83 b0 01 00
0x000014da5ce00ad6:   00 01 00 00 00 e9 08 00 00 00 48 83 83 88 01 00
0x000014da5ce00ae6:   00 01 48 8b f2 66 90 48 b8 ff ff ff ff ff ff ff
0x000014da5ce00af6:   ff e8 24 77 59 07 48 be 10 c2 00 14 da 14 00 00
0x000014da5ce00b06:   48 83 86 c0 01 00 00 01 48 be b8 c0 00 14 da 14
0x000014da5ce00b16:   00 00 8b be f4 00 00 00 83 c7 02 89 be f4 00 00
0x000014da5ce00b26:   00 81 e7 fe ff 1f 00 83 ff 00 0f 84 f9 14 00 00 


Stack slot to memory mapping:
stack at sp + 0 slots: 0x0000140100000001 is an unknown value
stack at sp + 1 slots: 0x0000000200000000 is an unallocated location in the heap
stack at sp + 2 slots: 0x000000080064d608 is pointing into metadata
stack at sp + 3 slots: 0x000014da798841b8 is pointing into the stack for thread: 0x000014da7402b470
stack at sp + 4 slots: 0x0 is NULL
stack at sp + 5 slots: 0x000014da79884240 is pointing into the stack for thread: 0x000014da7402b470
stack at sp + 6 slots: 0x0000000800003130 is pointing into metadata
stack at sp + 7 slots: 0x0 is NULL


Compiled method (c1)      58    9   !   3       java.util.concurrent.ConcurrentHashMap::putVal (432 bytes)
 total in heap  [0x000014da5ce00610,0x000014da5ce02e58] = 10312
 relocation     [0x000014da5ce00758,0x000014da5ce00958] = 512
 main code      [0x000014da5ce00960,0x000014da5ce02400] = 6816
 stub code      [0x000014da5ce02400,0x000014da5ce024e8] = 232
 metadata       [0x000014da5ce024e8,0x000014da5ce02508] = 32
 scopes data    [0x000014da5ce02508,0x000014da5ce02a58] = 1360
 scopes pcs     [0x000014da5ce02a58,0x000014da5ce02ce8] = 656
 dependencies   [0x000014da5ce02ce8,0x000014da5ce02cf0] = 8
 handler table  [0x000014da5ce02cf0,0x000014da5ce02e28] = 312
 nul chk table  [0x000014da5ce02e28,0x000014da5ce02e58] = 48

[Constant Pool (empty)]

[MachCode]
[Entry Point]
  # {method} {0x0000000800409650} 'putVal' '(Ljava/lang/Object;Ljava/lang/Object;Z)Ljava/lang/Object;' in 'java/util/concurrent/ConcurrentHashMap'
  # this:     rsi:rsi   = 'java/util/concurrent/ConcurrentHashMap'
  # parm0:    rdx:rdx   = 'java/lang/Object'
  # parm1:    rcx:rcx   = 'java/lang/Object'
  # parm2:    r8        = boolean
  #           [sp+0x100]  (sp of caller)
  0x000014da5ce00960: 448b 5608 | 49bb 0000 | 0000 0800 | 0000 4d03 | d34c 3bd0 

  0x000014da5ce00974: ;   {runtime_call ic_miss_stub}
  0x000014da5ce00974: 0f85 86a9 | 5907 660f | 1f44 0000 
[Verified Entry Point]
  0x000014da5ce00980: 8984 2400 | c0fe ff55 | 4881 ecf0 | 0000 0090 | 4181 7f20 | 0100 0000 

  0x000014da5ce00998: ;   {runtime_call StubRoutines (2)}
  0x000014da5ce00998: 7405 e861 | 0558 0748 | 8974 2468 | 4889 5424 | 7048 894c | 2478 4489 | 8424 8000 

  0x000014da5ce009b4: ;   {metadata(method data for {method} {0x0000000800409650} 'putVal' '(Ljava/lang/Object;Ljava/lang/Object;Z)Ljava/lang/Object;' in 'java/util/concurrent/ConcurrentHashMap')}
  0x000014da5ce009b4: 0000 48bf | 10c2 0014 | da14 0000 | 8b9f f400 | 0000 83c3 | 0289 9ff4 | 0000 0081 | e3fe 0700 
  0x000014da5ce009d4: 0083 fb00 | 0f84 2b16 | 0000 4883 

  0x000014da5ce009e0: ;   {metadata(method data for {method} {0x0000000800409650} 'putVal' '(Ljava/lang/Object;Ljava/lang/Object;Z)Ljava/lang/Object;' in 'java/util/concurrent/ConcurrentHashMap')}
  0x000014da5ce009e0: fa00 48bf | 10c2 0014 | da14 0000 | 48bb 3801 | 0000 0000 | 0000 0f84 | 0a00 0000 | 48bb 4801 
  0x000014da5ce00a00: 0000 0000 | 0000 488b | 041f 488d | 4001 4889 | 041f 0f84 | 0c15 0000 | 4883 f900 

  0x000014da5ce00a1c: ;   {metadata(method data for {method} {0x0000000800409650} 'putVal' '(Ljava/lang/Object;Ljava/lang/Object;Z)Ljava/lang/Object;' in 'java/util/concurrent/ConcurrentHashMap')}
  0x000014da5ce00a1c: 48bf 10c2 | 0014 da14 | 0000 48bb | 6801 0000 | 0000 0000 | 0f84 0a00 | 0000 48bb | 5801 0000 
  0x000014da5ce00a3c: 0000 0000 | 488b 041f | 488d 4001 | 4889 041f | 0f84 d214 | 0000 483b | 0248 8bfa 

  0x000014da5ce00a58: ;   {metadata(method data for {method} {0x0000000800409650} 'putVal' '(Ljava/lang/Object;Ljava/lang/Object;Z)Ljava/lang/Object;' in 'java/util/concurrent/ConcurrentHashMap')}
  0x000014da5ce00a58: 48bb 10c2 | 0014 da14 | 0000 8b7f | 0849 ba00 | 0000 0008 | 0000 0049 | 03fa 483b | bb98 0100 
  0x000014da5ce00a78: 0075 0d48 | 8383 a001 | 0000 01e9 | 6000 0000 | 483b bba8 | 0100 0075 | 0d48 8383 | b001 0000 
  0x000014da5ce00a98: 01e9 4a00 | 0000 4883 | bb98 0100 | 0000 7517 | 4889 bb98 | 0100 0048 | c783 a001 | 0000 0100 
  0x000014da5ce00ab8: 0000 e929 | 0000 0048 | 83bb a801 | 0000 0075 | 1748 89bb | a801 0000 | 48c7 83b0 | 0100 0001 
  0x000014da5ce00ad8: 0000 00e9 | 0800 0000 | 4883 8388 | 0100 0001 | 488b f266 | 9048 b8ff | ffff ffff 

  0x000014da5ce00af4: ;   {virtual_call}
  0x000014da5ce00af4: ffff ffe8 

  0x000014da5ce00af8: ; ImmutableOopMap {[104]=Oop [112]=Oop [120]=Oop }
                      ;*invokevirtual hashCode {reexecute=0 rethrow=0 return_oop=0}
                      ; - java.util.concurrent.ConcurrentHashMap::putVal@17 (line 1012)
  0x000014da5ce00af8: 2477 5907 

  0x000014da5ce00afc: ;   {metadata(method data for {method} {0x0000000800409650} 'putVal' '(Ljava/lang/Object;Ljava/lang/Object;Z)Ljava/lang/Object;' in 'java/util/concurrent/ConcurrentHashMap')}
  0x000014da5ce00afc: 48be 10c2 | 0014 da14 | 0000 4883 | 86c0 0100 

  0x000014da5ce00b0c: ;   {metadata(method data for {method} {0x0000000800409700} 'spread' '(I)I' in 'java/util/concurrent/ConcurrentHashMap')}
  0x000014da5ce00b0c: 0001 48be | b8c0 0014 | da14 0000 | 8bbe f400 | 0000 83c7 | 0289 bef4 | 0000 0081 | e7fe ff1f 
  0x000014da5ce00b2c: 0083 ff00 | 0f84 f914 | 0000 488b | f0c1 ee10 | 4833 f081 | e6ff ffff | 7f89 b424 | 8800 0000 
  0x000014da5ce00b4c: 488b 7c24 | 688b 5f28 | 48c1 e303 | b800 0000 | 0089 8424 | 8400 0000 | 0f1f 4000 | 4883 fb00 
  0x000014da5ce00b6c: ;   {metadata(method data for {method} {0x0000000800409650} 'putVal' '(Ljava/lang/Object;Ljava/lang/Object;Z)Ljava/lang/Object;' in 'java/util/concurrent/ConcurrentHashMap')}
  0x000014da5ce00b6c: 49b9 10c2 | 0014 da14 | 0000 49bb | d001 0000 | 0000 0000 | 0f84 0a00 | 0000 49bb | e001 0000 
  0x000014da5ce00b8c: 0000 0000 | 4f8b 2c19 | 4d8d 6d01 | 4f89 2c19 | 0f84 3e00 | 0000 448b | 4b0c 4183 

  0x000014da5ce00ba8: ;   {metadata(method data for {method} {0x0000000800409650} 'putVal' '(Ljava/lang/Object;Ljava/lang/Object;Z)Ljava/lang/Object;' in 'java/util/concurrent/ConcurrentHashMap')}
  0x000014da5ce00ba8: f900 49bb | 10c2 0014 | da14 0000 | 49bd f001 | 0000 0000 | 0000 0f85 | 0a00 0000 | 49bd 0002 
  0x000014da5ce00bc8: 0000 0000 | 0000 4f8b | 342b 4d8d | 7601 4f89 | 342b 0f85 | 4d00 0000 

  0x000014da5ce00be0: ;   {metadata(method data for {method} {0x0000000800409650} 'putVal' '(Ljava/lang/Object;Ljava/lang/Object;Z)Ljava/lang/Object;' in 'java/util/concurrent/ConcurrentHashMap')}
  0x000014da5ce00be0: 488b df49 | b910 c200 | 14da 1400 | 0049 8381 | 1002 0000 | 0148 8bf7 | 0f1f 8000 

  0x000014da5ce00bfc: ;   {optimized virtual_call}
  0x000014da5ce00bfc: 0000 00e8 

  0x000014da5ce00c00: ; ImmutableOopMap {[104]=Oop [112]=Oop [120]=Oop }
                      ;*invokevirtual initTable {reexecute=0 rethrow=0 return_oop=0}
                      ; - java.util.concurrent.ConcurrentHashMap::putVal@49 (line 1017)
  0x000014da5ce00c00: c518 0000 

  0x000014da5ce00c04: ;   {metadata(method data for {method} {0x0000000800409650} 'putVal' '(Ljava/lang/Object;Ljava/lang/Object;Z)Ljava/lang/Object;' in 'java/util/concurrent/ConcurrentHashMap')}
  0x000014da5ce00c04: 48be 10c2 | 0014 da14 | 0000 ff86 | 4802 0000 | 8bb4 2484 | 0000 0044 | 8b84 2480 | 0000 0048 
  0x000014da5ce00c24: 8b4c 2478 | e9cb 1000 | 0041 ffc9 | 4423 8c24 | 8800 0000 

  0x000014da5ce00c38: ;   {metadata(method data for {method} {0x0000000800409650} 'putVal' '(Ljava/lang/Object;Ljava/lang/Object;Z)Ljava/lang/Object;' in 'java/util/concurrent/ConcurrentHashMap')}
  0x000014da5ce00c38: 48be 10c2 | 0014 da14 | 0000 4883 | 8660 0200 | 0001 488b | f349 8bd1 | 4489 8c24 | 8c00 0000 
  0x000014da5ce00c58: 4889 9c24 | 9000 0000 | 0f1f 8000 

  0x000014da5ce00c64: ;   {static_call}
  0x000014da5ce00c64: 0000 00e8 

  0x000014da5ce00c68: ; ImmutableOopMap {[104]=Oop [112]=Oop [120]=Oop [144]=Oop }
                      ;*invokestatic tabAt {reexecute=0 rethrow=0 return_oop=0}
                      ; - java.util.concurrent.ConcurrentHashMap::putVal@69 (line 1018)
  0x000014da5ce00c68: 1218 0000 | 4889 8424 | 9800 0000 | 4883 f800 

  0x000014da5ce00c78: ;   {metadata(method data for {method} {0x0000000800409650} 'putVal' '(Ljava/lang/Object;Ljava/lang/Object;Z)Ljava/lang/Object;' in 'java/util/concurrent/ConcurrentHashMap')}
  0x000014da5ce00c78: 48ba 10c2 | 0014 da14 | 0000 48be | 7002 0000 | 0000 0000 | 0f85 0a00 | 0000 48be | 8002 0000 
  0x000014da5ce00c98: 0000 0000 | 488b 3c32 | 488d 7f01 | 4889 3c32 | 0f85 e001 | 0000 8bb4 | 2488 0000 | 0048 8b4c 
  0x000014da5ce00cb8: 2478 488b | 5424 7048 

  0x000014da5ce00cc0: ;   {metadata('java/util/concurrent/ConcurrentHashMap$Node')}
  0x000014da5ce00cc0: 8bda 48ba | 5835 1800 | 0800 0000 | 4c8b d94c | 8bce 498b | 87f8 0000 | 0048 8d78 | 2049 3bbf 
  0x000014da5ce00ce0: 0801 0000 | 0f87 6b13 | 0000 4989 | bff8 0000 | 0048 c700 | 0100 0000 | 488b ca49 | ba00 0000 
  0x000014da5ce00d00: 0008 0000 | 0049 2bca | 8948 0848 | 33c9 8948 | 0c48 33c9 | 4889 4810 | 4889 4818 

  0x000014da5ce00d1c: ;   {metadata(method data for {method} {0x0000000800409650} 'putVal' '(Ljava/lang/Object;Ljava/lang/Object;Z)Ljava/lang/Object;' in 'java/util/concurrent/ConcurrentHashMap')}
  0x000014da5ce00d1c: 488b f048 | ba10 c200 | 14da 1400 | 0048 8382 | 9002 0000 

  0x000014da5ce00d30: ;   {metadata(method data for {method} {0x0000000800183d38} '<init>' '(ILjava/lang/Object;Ljava/lang/Object;)V' in 'java/util/concurrent/ConcurrentHashMap$Node')}
  0x000014da5ce00d30: 0148 be10 | cb00 14da | 1400 008b | 96f4 0000 | 0083 c202 | 8996 f400 | 0000 81e2 | feff 1f00 
  0x000014da5ce00d50: 83fa 000f | 8409 1300 | 0048 8bf0 

  0x000014da5ce00d5c: ;   {metadata(method data for {method} {0x0000000800183d38} '<init>' '(ILjava/lang/Object;Ljava/lang/Object;)V' in 'java/util/concurrent/ConcurrentHashMap$Node')}
  0x000014da5ce00d5c: 48ba 10cb | 0014 da14 | 0000 4883 | 8238 0100 

  0x000014da5ce00d6c: ;   {metadata(method data for {method} {0x00000008004745c8} '<init>' '()V' in 'java/lang/Object')}
  0x000014da5ce00d6c: 0001 48be | 40b2 0014 | da14 0000 | 8b96 f400 | 0000 83c2 | 0289 96f4 | 0000 0081 | e2fe ff1f 
  0x000014da5ce00d8c: 0083 fa00 | 0f84 ed12 | 0000 4489 | 480c 410f | be77 4083 | fe00 0f85 | fc12 0000 | 4c8b d349 
  0x000014da5ce00dac: c1ea 0344 | 8950 1048 | 8bf0 4833 | f348 c1ee | 1848 83fe | 000f 85fc | 1200 0041 | 0fbe 7740 
  0x000014da5ce00dcc: 83fe 000f | 8506 1300 | 004d 8bd3 | 49c1 ea03 | 4489 5014 | f083 4424 | c000 488b | f049 33f3 
  0x000014da5ce00dec: 48c1 ee18 | 4883 fe00 | 0f85 0013 

  0x000014da5ce00df8: ;   {metadata(method data for {method} {0x0000000800409650} 'putVal' '(Ljava/lang/Object;Ljava/lang/Object;Z)Ljava/lang/Object;' in 'java/util/concurrent/ConcurrentHashMap')}
  0x000014da5ce00df8: 0000 48be | 10c2 0014 | da14 0000 | 4883 86a0 | 0200 0001 | 488b b424 | 9000 0000 | 8b94 248c 
  0x000014da5ce00e18: ;   {oop(NULL)}
  0x000014da5ce00e18: 0000 0048 | b900 0000 | 0000 0000 | 004c 8bc0 | 0f1f 8000 

  0x000014da5ce00e2c: ;   {static_call}
  0x000014da5ce00e2c: 0000 00e8 

  0x000014da5ce00e30: ; ImmutableOopMap {[104]=Oop [112]=Oop [120]=Oop [144]=Oop }
                      ;*invokestatic casTabAt {reexecute=0 rethrow=0 return_oop=0}
                      ; - java.util.concurrent.ConcurrentHashMap::putVal@94 (line 1019)
  0x000014da5ce00e30: 5916 0000 

  0x000014da5ce00e34: ;   {metadata(method data for {method} {0x0000000800409650} 'putVal' '(Ljava/lang/Object;Ljava/lang/Object;Z)Ljava/lang/Object;' in 'java/util/concurrent/ConcurrentHashMap')}
  0x000014da5ce00e34: 83f8 0048 | ba10 c200 | 14da 1400 | 0048 b9c0 | 0200 0000 | 0000 000f | 850a 0000 | 0048 b9b0 
  0x000014da5ce00e54: 0200 0000 | 0000 0048 | 8b34 0a48 | 8d76 0148 | 8934 0a0f | 85ef 0f00 | 0048 8b84 | 2490 0000 
  0x000014da5ce00e74: 008b b424 | 8400 0000 | 448b 8424 | 8000 0000 | 488b 4c24 | 78e9 6a0e | 0000 8b78 | 0c83 ffff 
  0x000014da5ce00e94: ;   {metadata(method data for {method} {0x0000000800409650} 'putVal' '(Ljava/lang/Object;Ljava/lang/Object;Z)Ljava/lang/Object;' in 'java/util/concurrent/ConcurrentHashMap')}
  0x000014da5ce00e94: 48ba 10c2 | 0014 da14 | 0000 48b9 | e802 0000 | 0000 0000 | 0f85 0a00 | 0000 48b9 | f802 0000 
  0x000014da5ce00eb4: 0000 0000 | 488b 340a | 488d 7601 | 4889 340a | 0f85 5b00 | 0000 488b 

  0x000014da5ce00ecc: ;   {metadata(method data for {method} {0x0000000800409650} 'putVal' '(Ljava/lang/Object;Ljava/lang/Object;Z)Ljava/lang/Object;' in 'java/util/concurrent/ConcurrentHashMap')}
  0x000014da5ce00ecc: 7424 6848 | ba10 c200 | 14da 1400 | 0048 8382 | 0803 0000 | 0148 8b94 | 2490 0000 | 0048 8bc8 
  0x000014da5ce00eec: 488b 7424 | 6866 0f1f 

  0x000014da5ce00ef4: ;   {optimized virtual_call}
  0x000014da5ce00ef4: 4400 00e8 

  0x000014da5ce00ef8: ; ImmutableOopMap {[104]=Oop [112]=Oop [120]=Oop }
                      ;*invokevirtual helpTransfer {reexecute=0 rethrow=0 return_oop=0}
                      ; - java.util.concurrent.ConcurrentHashMap::putVal@120 (line 1023)
  0x000014da5ce00ef8: 04a7 5907 

  0x000014da5ce00efc: ;   {metadata(method data for {method} {0x0000000800409650} 'putVal' '(Ljava/lang/Object;Ljava/lang/Object;Z)Ljava/lang/Object;' in 'java/util/concurrent/ConcurrentHashMap')}
  0x000014da5ce00efc: 48ba 10c2 | 0014 da14 | 0000 ff82 | 4003 0000 | 8bb4 2484 | 0000 0044 | 8b84 2480 | 0000 0048 
  0x000014da5ce00f1c: 8b4c 2478 | e9d3 0d00 | 0044 8b84 | 2480 0000 | 0041 83f8 

  0x000014da5ce00f30: ;   {metadata(method data for {method} {0x0000000800409650} 'putVal' '(Ljava/lang/Object;Ljava/lang/Object;Z)Ljava/lang/Object;' in 'java/util/concurrent/ConcurrentHashMap')}
  0x000014da5ce00f30: 0048 ba10 | c200 14da | 1400 0048 | be68 0300 | 0000 0000 | 000f 850a | 0000 0048 | be58 0300 
  0x000014da5ce00f50: 0000 0000 | 0048 8b1c | 3248 8d5b | 0148 891c | 320f 850c | 0000 0089 | bc24 a000 | 0000 e90b 
  0x000014da5ce00f70: 0200 003b | bc24 8800 

  0x000014da5ce00f78: ;   {metadata(method data for {method} {0x0000000800409650} 'putVal' '(Ljava/lang/Object;Ljava/lang/Object;Z)Ljava/lang/Object;' in 'java/util/concurrent/ConcurrentHashMap')}
  0x000014da5ce00f78: 0000 48ba | 10c2 0014 | da14 0000 | 48be 8803 | 0000 0000 | 0000 0f84 | 0a00 0000 | 48be 7803 
  0x000014da5ce00f98: 0000 0000 | 0000 488b | 1c32 488d | 5b01 4889 | 1c32 0f84 | 0c00 0000 | 89bc 24a0 | 0000 00e9 
  0x000014da5ce00fb8: c201 0000 | 488b 5424 | 708b 7010 | 48c1 e603 

  0x000014da5ce00fc8: ;   {metadata(method data for {method} {0x0000000800409650} 'putVal' '(Ljava/lang/Object;Ljava/lang/Object;Z)Ljava/lang/Object;' in 'java/util/concurrent/ConcurrentHashMap')}
  0x000014da5ce00fc8: 483b f248 | bb10 c200 | 14da 1400 | 0048 b9a8 | 0300 0000 | 0000 000f | 850a 0000 | 0048 b998 
  0x000014da5ce00fe8: 0300 0000 | 0000 004c | 8b0c 0b4d | 8d49 014c | 890c 0b0f | 850c 0000 | 0089 bc24 | a000 0000 
  0x000014da5ce01008: e930 0100 | 0048 83fe 

  0x000014da5ce01010: ;   {metadata(method data for {method} {0x0000000800409650} 'putVal' '(Ljava/lang/Object;Ljava/lang/Object;Z)Ljava/lang/Object;' in 'java/util/concurrent/ConcurrentHashMap')}
  0x000014da5ce01010: 0048 bb10 | c200 14da | 1400 0048 | b9b8 0300 | 0000 0000 | 000f 840a | 0000 0048 | b9c8 0300 
  0x000014da5ce01030: 0000 0000 | 004c 8b0c | 0b4d 8d49 | 014c 890c | 0b89 bc24 | a000 0000 | 0f84 3001 | 0000 488b 
  0x000014da5ce01050: ;   {metadata(method data for {method} {0x0000000800409650} 'putVal' '(Ljava/lang/Object;Ljava/lang/Object;Z)Ljava/lang/Object;' in 'java/util/concurrent/ConcurrentHashMap')}
  0x000014da5ce01050: da48 b910 | c200 14da | 1400 008b | 5b08 49ba | 0000 0000 | 0800 0000 | 4903 da48 | 3b99 e803 
  0x000014da5ce01070: 0000 750d | 4883 81f0 | 0300 0001 | e960 0000 | 0048 3b99 | f803 0000 | 750d 4883 | 8100 0400 
  0x000014da5ce01090: 0001 e94a | 0000 0048 | 83b9 e803 | 0000 0075 | 1748 8999 | e803 0000 | 48c7 81f0 | 0300 0001 
  0x000014da5ce010b0: 0000 00e9 | 2900 0000 | 4883 b9f8 | 0300 0000 | 7517 4889 | 99f8 0300 | 0048 c781 | 0004 0000 
  0x000014da5ce010d0: 0100 0000 | e908 0000 | 0048 8381 | d803 0000 | 0148 8bda | 488b d648 | 8bf3 6666 | 9048 b8ff 
  0x000014da5ce010f0: ffff ffff 

  0x000014da5ce010f4: ;   {virtual_call}
  0x000014da5ce010f4: ffff ffe8 

  0x000014da5ce010f8: ; ImmutableOopMap {[104]=Oop [112]=Oop [120]=Oop [144]=Oop [152]=Oop }
                      ;*invokevirtual equals {reexecute=0 rethrow=0 return_oop=0}
                      ; - java.util.concurrent.ConcurrentHashMap::putVal@159 (line 1026)
  0x000014da5ce010f8: 04a8 5907 

  0x000014da5ce010fc: ;   {metadata(method data for {method} {0x0000000800409650} 'putVal' '(Ljava/lang/Object;Ljava/lang/Object;Z)Ljava/lang/Object;' in 'java/util/concurrent/ConcurrentHashMap')}
  0x000014da5ce010fc: 83f8 0048 | b810 c200 | 14da 1400 | 0048 be10 | 0400 0000 | 0000 000f | 840a 0000 | 0048 be20 
  0x000014da5ce0111c: 0400 0000 | 0000 0048 | 8b14 3048 | 8d52 0148 | 8914 3048 | 8b84 2498 | 0000 000f | 8441 0000 
  0x000014da5ce0113c: 008b 7014 | 48c1 e603 | 4883 fe00 

  0x000014da5ce01148: ;   {metadata(method data for {method} {0x0000000800409650} 'putVal' '(Ljava/lang/Object;Ljava/lang/Object;Z)Ljava/lang/Object;' in 'java/util/concurrent/ConcurrentHashMap')}
  0x000014da5ce01148: 48ba 10c2 | 0014 da14 | 0000 48bf | 4004 0000 | 0000 0000 | 0f85 0a00 | 0000 48bf | 3004 0000 
  0x000014da5ce01168: 0000 0000 | 488b 1c3a | 488d 5b01 | 4889 1c3a | 0f85 c50c | 0000 488d | b424 d000 | 0000 488b 
  0x000014da5ce01188: f848 897e | 0848 8b07 | 4883 c801 | 4889 06f0 | 480f b137 | 0f84 1200 | 0000 482b | c448 2507 
  0x000014da5ce011a8: f0ff ff48 | 8906 0f85 | 630f 0000 | 49ff 8778 

  0x000014da5ce011b8: ;   {metadata(method data for {method} {0x0000000800409650} 'putVal' '(Ljava/lang/Object;Ljava/lang/Object;Z)Ljava/lang/Object;' in 'java/util/concurrent/ConcurrentHashMap')}
  0x000014da5ce011b8: 0400 0048 | be10 c200 | 14da 1400 | 0048 8386 | 5004 0000 | 0148 8bb4 | 2490 0000 | 008b 9424 
  0x000014da5ce011d8: 8c00 0000 

  0x000014da5ce011dc: ;   {static_call}
  0x000014da5ce011dc: 6666 90e8 

  0x000014da5ce011e0: ; ImmutableOopMap {[104]=Oop [112]=Oop [120]=Oop [144]=Oop [152]=Oop [216]=Oop }
                      ;*invokestatic tabAt {reexecute=0 rethrow=0 return_oop=0}
                      ; - java.util.concurrent.ConcurrentHashMap::putVal@192 (line 1032)
  0x000014da5ce011e0: 1caa 5907 | 488b bc24 | 9800 0000 

  0x000014da5ce011ec: ;   {metadata(method data for {method} {0x0000000800409650} 'putVal' '(Ljava/lang/Object;Ljava/lang/Object;Z)Ljava/lang/Object;' in 'java/util/concurrent/ConcurrentHashMap')}
  0x000014da5ce011ec: 483b c748 | ba10 c200 | 14da 1400 | 0048 be70 | 0400 0000 | 0000 000f | 840a 0000 | 0048 be60 
  0x000014da5ce0120c: 0400 0000 | 0000 0048 | 8b1c 3248 | 8d5b 0148 | 891c 320f | 8423 0000 | 008b 8424 | 8400 0000 
  0x000014da5ce0122c: ;   {oop(NULL)}
  0x000014da5ce0122c: 48bf 0000 | 0000 0000 | 0000 448b | 8424 8000 | 0000 488b | 4c24 78e9 | 2f0a 0000 | 8b94 24a0 
  0x000014da5ce0124c: 0000 0083 

  0x000014da5ce01250: ;   {metadata(method data for {method} {0x0000000800409650} 'putVal' '(Ljava/lang/Object;Ljava/lang/Object;Z)Ljava/lang/Object;' in 'java/util/concurrent/ConcurrentHashMap')}
  0x000014da5ce01250: fa00 48ba | 10c2 0014 | da14 0000 | 48be 8004 | 0000 0000 | 0000 0f8c | 0a00 0000 | 48be 9004 
  0x000014da5ce01270: 0000 0000 | 0000 488b | 1c32 488d | 5b01 4889 | 1c32 488b | c70f 8cf4 | 0400 00bb | 0100 0000 
  0x000014da5ce01290: 899c 24a4 | 0000 008b | b424 8800 | 0000 488b | 5424 708b | 480c 3bce 

  0x000014da5ce012a8: ;   {metadata(method data for {method} {0x0000000800409650} 'putVal' '(Ljava/lang/Object;Ljava/lang/Object;Z)Ljava/lang/Object;' in 'java/util/concurrent/ConcurrentHashMap')}
  0x000014da5ce012a8: 48b9 10c2 | 0014 da14 | 0000 49b8 | b004 0000 | 0000 0000 | 0f84 0a00 | 0000 49b8 | a004 0000 
  0x000014da5ce012c8: 0000 0000 | 4e8b 0c01 | 4d8d 4901 | 4e89 0c01 | 0f84 0800 | 0000 4c8b | c0e9 7701 | 0000 8b48 
  0x000014da5ce012e8: 1048 c1e1 | 0348 3bca 

  0x000014da5ce012f0: ;   {metadata(method data for {method} {0x0000000800409650} 'putVal' '(Ljava/lang/Object;Ljava/lang/Object;Z)Ljava/lang/Object;' in 'java/util/concurrent/ConcurrentHashMap')}
  0x000014da5ce012f0: 49b8 10c2 | 0014 da14 | 0000 49b9 | c004 0000 | 0000 0000 | 0f84 0a00 | 0000 49b9 | d004 0000 
  0x000014da5ce01310: 0000 0000 | 4f8b 1c08 | 4d8d 5b01 | 4f89 1c08 | 0f84 cf01 | 0000 4883 

  0x000014da5ce01328: ;   {metadata(method data for {method} {0x0000000800409650} 'putVal' '(Ljava/lang/Object;Ljava/lang/Object;Z)Ljava/lang/Object;' in 'java/util/concurrent/ConcurrentHashMap')}
  0x000014da5ce01328: f900 49b8 | 10c2 0014 | da14 0000 | 49b9 f004 | 0000 0000 | 0000 0f85 | 0a00 0000 | 49b9 e004 
  0x000014da5ce01348: 0000 0000 | 0000 4f8b | 1c08 4d8d | 5b01 4f89 | 1c08 0f85 | 0800 0000 | 4c8b c0e9 | f500 0000 
  0x000014da5ce01368: 4889 8424 | a800 0000 

  0x000014da5ce01370: ;   {metadata(method data for {method} {0x0000000800409650} 'putVal' '(Ljava/lang/Object;Ljava/lang/Object;Z)Ljava/lang/Object;' in 'java/util/concurrent/ConcurrentHashMap')}
  0x000014da5ce01370: 4c8b c249 | b910 c200 | 14da 1400 | 0045 8b40 | 0849 ba00 | 0000 0008 | 0000 004d | 03c2 4d3b 
  0x000014da5ce01390: 8110 0500 | 0075 0d49 | 8381 1805 | 0000 01e9 | 6000 0000 | 4d3b 8120 | 0500 0075 | 0d49 8381 
  0x000014da5ce013b0: 2805 0000 | 01e9 4a00 | 0000 4983 | b910 0500 | 0000 7517 | 4d89 8110 | 0500 0049 | c781 1805 
  0x000014da5ce013d0: 0000 0100 | 0000 e929 | 0000 0049 | 83b9 2005 | 0000 0075 | 174d 8981 | 2005 0000 | 49c7 8128 
  0x000014da5ce013f0: 0500 0001 | 0000 00e9 | 0800 0000 | 4983 8100 | 0500 0001 | 4c8b c248 | 8bd1 498b | f048 b8ff 
  0x000014da5ce01410: ffff ffff 

  0x000014da5ce01414: ;   {virtual_call}
  0x000014da5ce01414: ffff ffe8 

  0x000014da5ce01418: ; ImmutableOopMap {[104]=Oop [112]=Oop [120]=Oop [144]=Oop [152]=Oop [168]=Oop [216]=Oop }
                      ;*invokevirtual equals {reexecute=0 rethrow=0 return_oop=0}
                      ; - java.util.concurrent.ConcurrentHashMap::putVal@242 (line 1039)
  0x000014da5ce01418: e4a4 5907 

  0x000014da5ce0141c: ;   {metadata(method data for {method} {0x0000000800409650} 'putVal' '(Ljava/lang/Object;Ljava/lang/Object;Z)Ljava/lang/Object;' in 'java/util/concurrent/ConcurrentHashMap')}
  0x000014da5ce0141c: 83f8 0048 | ba10 c200 | 14da 1400 | 0048 be48 | 0500 0000 | 0000 000f | 850a 0000 | 0048 be38 
  0x000014da5ce0143c: 0500 0000 | 0000 0048 | 8b3c 3248 | 8d7f 0148 | 893c 324c | 8b84 24a8 | 0000 000f | 859b 0000 
  0x000014da5ce0145c: 0041 8b50 | 1848 c1e2 | 0348 83fa 

  0x000014da5ce01468: ;   {metadata(method data for {method} {0x0000000800409650} 'putVal' '(Ljava/lang/Object;Ljava/lang/Object;Z)Ljava/lang/Object;' in 'java/util/concurrent/ConcurrentHashMap')}
  0x000014da5ce01468: 0048 be10 | c200 14da | 1400 0048 | bfa0 0500 | 0000 0000 | 000f 840a | 0000 0048 | bf90 0500 
  0x000014da5ce01488: 0000 0000 | 0048 8b04 | 3e48 8d40 | 0148 8904 | 3e8b 9c24 | a400 0000 | 0f84 1701 | 0000 ffc3 
  0x000014da5ce014a8: ;   {metadata(method data for {method} {0x0000000800409650} 'putVal' '(Ljava/lang/Object;Ljava/lang/Object;Z)Ljava/lang/Object;' in 'java/util/concurrent/ConcurrentHashMap')}
  0x000014da5ce014a8: 48be 10c2 | 0014 da14 | 0000 8bbe | f800 0000 | 83c7 0289 | bef8 0000 | 0081 e7fe | 3f00 0083 
  0x000014da5ce014c8: ff00 0f84 | 5f0c 0000 | 4d8b 9780 

  0x000014da5ce014d4: ; ImmutableOopMap {rdx=Oop [104]=Oop [112]=Oop [120]=Oop [144]=Oop [152]=Oop [216]=Oop }
                      ;*goto {reexecute=1 rethrow=0 return_oop=0}
                      ; - (reexecute) java.util.concurrent.ConcurrentHashMap::putVal@305 (line 1035)
                      ;   {poll}
  0x000014da5ce014d4: 0300 0041 

  0x000014da5ce014d8: ;   {metadata(method data for {method} {0x0000000800409650} 'putVal' '(Ljava/lang/Object;Ljava/lang/Object;Z)Ljava/lang/Object;' in 'java/util/concurrent/ConcurrentHashMap')}
  0x000014da5ce014d8: 8502 48be | 10c2 0014 | da14 0000 | ff86 d805 | 0000 4c8b | c249 8bc0 | e99b fdff | ff4c 8bc0 
  0x000014da5ce014f8: 8b9c 24a4 | 0000 0044 | 8b8c 2480 | 0000 0041 | 8b50 1448 | c1e2 0341 

  0x000014da5ce01510: ;   {metadata(method data for {method} {0x0000000800409650} 'putVal' '(Ljava/lang/Object;Ljava/lang/Object;Z)Ljava/lang/Object;' in 'java/util/concurrent/ConcurrentHashMap')}
  0x000014da5ce01510: 83f9 0048 | be10 c200 | 14da 1400 | 0048 bf68 | 0500 0000 | 0000 000f | 840a 0000 | 0048 bf58 
  0x000014da5ce01530: 0500 0000 | 0000 0048 | 8b04 3e48 | 8d40 0148 | 8904 3e0f | 8417 0000 | 0044 8bac | 2488 0000 
  0x000014da5ce01550: 004c 8b74 | 2478 4c8b | 5c24 70e9 | fe01 0000 | 488b 4c24 | 7841 0fbe | 7740 83fe | 000f 85dd 
  0x000014da5ce01570: 0b00 004c | 8bd1 49c1 | ea03 4589 | 5014 f083 | 4424 c000 | 498b c048 | 33c1 48c1 | e818 4883 
  0x000014da5ce01590: f800 0f85 | d80b 0000 

  0x000014da5ce01598: ;   {metadata(method data for {method} {0x0000000800409650} 'putVal' '(Ljava/lang/Object;Ljava/lang/Object;Z)Ljava/lang/Object;' in 'java/util/concurrent/ConcurrentHashMap')}
  0x000014da5ce01598: 48be 10c2 | 0014 da14 | 0000 ff86 | 7805 0000 | 448b ac24 | 8800 0000 | 4c8b f14c | 8b5c 2470 
  0x000014da5ce015b8: e9a1 0100 | 008b b424 | 8800 0000 | 448b 8c24 | 8000 0000 | 488b 4c24 | 7848 8b54 | 2470 4c8b 
  0x000014da5ce015d8: ;   {metadata('java/util/concurrent/ConcurrentHashMap$Node')}
  0x000014da5ce015d8: da48 ba58 | 3518 0008 | 0000 004c | 8bf1 4c8b | ee49 8b87 | f800 0000 | 488d 7820 | 493b bf08 
  0x000014da5ce015f8: 0100 000f | 8787 0b00 | 0049 89bf | f800 0000 | 48c7 0001 | 0000 0048 | 8bca 49ba | 0000 0000 
  0x000014da5ce01618: 0800 0000 | 492b ca89 | 4808 4833 | c989 480c | 4833 c948 | 8948 1048 | 8948 1848 

  0x000014da5ce01634: ;   {metadata(method data for {method} {0x0000000800409650} 'putVal' '(Ljava/lang/Object;Ljava/lang/Object;Z)Ljava/lang/Object;' in 'java/util/concurrent/ConcurrentHashMap')}
  0x000014da5ce01634: 8bd0 48b9 | 10c2 0014 | da14 0000 | 4883 81b0 | 0500 0001 

  0x000014da5ce01648: ;   {metadata(method data for {method} {0x0000000800183d38} '<init>' '(ILjava/lang/Object;Ljava/lang/Object;)V' in 'java/util/concurrent/ConcurrentHashMap$Node')}
  0x000014da5ce01648: 48ba 10cb | 0014 da14 | 0000 8b8a | f400 0000 | 83c1 0289 | 8af4 0000 | 0081 e1fe | ff1f 0083 
  0x000014da5ce01668: f900 0f84 | 250b 0000 

  0x000014da5ce01670: ;   {metadata(method data for {method} {0x0000000800183d38} '<init>' '(ILjava/lang/Object;Ljava/lang/Object;)V' in 'java/util/concurrent/ConcurrentHashMap$Node')}
  0x000014da5ce01670: 488b d048 | b910 cb00 | 14da 1400 | 0048 8381 | 3801 0000 

  0x000014da5ce01684: ;   {metadata(method data for {method} {0x00000008004745c8} '<init>' '()V' in 'java/lang/Object')}
  0x000014da5ce01684: 0148 ba40 | b200 14da | 1400 008b | 8af4 0000 | 0083 c102 | 898a f400 | 0000 81e1 | feff 1f00 
  0x000014da5ce016a4: 83f9 000f | 8409 0b00 | 0044 8968 | 0c41 0fbe | 5740 83fa | 000f 8518 | 0b00 004d | 8bd3 49c1 
  0x000014da5ce016c4: ea03 4489 | 5010 488b | d049 33d3 | 48c1 ea18 | 4883 fa00 | 0f85 180b | 0000 410f | be57 4083 
  0x000014da5ce016e4: fa00 0f85 | 220b 0000 | 4d8b d649 | c1ea 0344 | 8950 14f0 | 8344 24c0 | 0048 8bd0 | 4933 d648 
  0x000014da5ce01704: c1ea 1848 | 83fa 000f | 851c 0b00 | 0041 0fbe | 5740 83fa | 000f 8526 | 0b00 004c | 8bd0 49c1 
  0x000014da5ce01724: ea03 4589 | 5018 f083 | 4424 c000 | 498b d048 | 33d0 48c1 | ea18 4883 | fa00 0f85 | 210b 0000 
  0x000014da5ce01744: ;   {metadata(method data for {method} {0x0000000800409650} 'putVal' '(Ljava/lang/Object;Ljava/lang/Object;Z)Ljava/lang/Object;' in 'java/util/concurrent/ConcurrentHashMap')}
  0x000014da5ce01744: 48ba 10c2 | 0014 da14 | 0000 ff82 | c005 0000 

  0x000014da5ce01754: ;   {oop(NULL)}
  0x000014da5ce01754: 48ba 0000 | 0000 0000 

  0x000014da5ce0175c: ;   {metadata(method data for {method} {0x0000000800409650} 'putVal' '(Ljava/lang/Object;Ljava/lang/Object;Z)Ljava/lang/Object;' in 'java/util/concurrent/ConcurrentHashMap')}
  0x000014da5ce0175c: 0000 48b9 | 10c2 0014 | da14 0000 | ff81 f005 | 0000 488b | fa48 8bc3 | 4d8b c149 | 8bce e9f8 
  0x000014da5ce0177c: 0400 0044 | 8bac 2488 | 0000 0044 | 8b8c 2480 | 0000 004c | 8b74 2478 | 4c8b 5c24 | 7048 83f8 
  0x000014da5ce0179c: ;   {metadata(method data for {method} {0x0000000800409650} 'putVal' '(Ljava/lang/Object;Ljava/lang/Object;Z)Ljava/lang/Object;' in 'java/util/concurrent/ConcurrentHashMap')}
  0x000014da5ce0179c: 0075 1749 | b810 c200 | 14da 1400 | 0041 8088 | 0106 0000 | 01e9 f900 | 0000 6690 

  0x000014da5ce017b8: ;   {no_reloc}
  0x000014da5ce017b8: e9cf 0a00 | 0000 0000 | 0000 448b | 4008 49ba | 0000 0000 | 0800 0000 | 4d03 c24c | 3bc6 0f84 
  0x000014da5ce017d8: 2a00 0000 | 8b4e 1449 | 3b34 080f | 841d 0000 | 0083 f920 | 0f85 a100 | 0000 4150 

  0x000014da5ce017f4: ;   {runtime_call slow_subtype_check Runtime1 stub}
  0x000014da5ce017f4: 56e8 06fe | 6507 4158 | 5e83 fe00 | 0f84 8d00 

  0x000014da5ce01804: ;   {metadata(method data for {method} {0x0000000800409650} 'putVal' '(Ljava/lang/Object;Ljava/lang/Object;Z)Ljava/lang/Object;' in 'java/util/concurrent/ConcurrentHashMap')}
  0x000014da5ce01804: 0000 49b8 | 10c2 0014 | da14 0000 | 8b70 0849 | ba00 0000 | 0008 0000 | 0049 03f2 | 493b b018 
  0x000014da5ce01824: 0600 0075 | 0d49 8380 | 2006 0000 | 01e9 7e00 | 0000 493b | b028 0600 | 0075 0d49 | 8380 3006 
  0x000014da5ce01844: 0000 01e9 | 6800 0000 | 4983 b818 | 0600 0000 | 7517 4989 | b018 0600 | 0049 c780 | 2006 0000 
  0x000014da5ce01864: 0100 0000 | e947 0000 | 0049 83b8 | 2806 0000 | 0075 1749 | 89b0 2806 | 0000 49c7 | 8030 0600 
  0x000014da5ce01884: 0001 0000 | 00e9 2600 | 0000 e921 

  0x000014da5ce01890: ;   {metadata(method data for {method} {0x0000000800409650} 'putVal' '(Ljava/lang/Object;Ljava/lang/Object;Z)Ljava/lang/Object;' in 'java/util/concurrent/ConcurrentHashMap')}
  0x000014da5ce01890: 0000 0049 | b810 c200 | 14da 1400 | 0049 83a8 | 0806 0000 | 01e9 0500 | 0000 e905 | 0000 0048 
  0x000014da5ce018b0: 33d2 eb0a | 48ba 0100 | 0000 0000 | 0000 83fa 

  0x000014da5ce018c0: ;   {metadata(method data for {method} {0x0000000800409650} 'putVal' '(Ljava/lang/Object;Ljava/lang/Object;Z)Ljava/lang/Object;' in 'java/util/concurrent/ConcurrentHashMap')}
  0x000014da5ce018c0: 0048 ba10 | c200 14da | 1400 0048 | b940 0600 | 0000 0000 | 000f 840a | 0000 0048 | b950 0600 
  0x000014da5ce018e0: 0000 0000 | 004c 8b04 | 0a4d 8d40 | 014c 8904 | 0a0f 8439 | 0200 0048 | 83f8 0075 

  0x000014da5ce018fc: ;   {metadata(method data for {method} {0x0000000800409650} 'putVal' '(Ljava/lang/Object;Ljava/lang/Object;Z)Ljava/lang/Object;' in 'java/util/concurrent/ConcurrentHashMap')}
  0x000014da5ce018fc: 1648 b910 | c200 14da | 1400 0080 | 8959 0600 | 0001 e9f9 | 0000 000f | 1f44 0000 

  0x000014da5ce01918: ;   {no_reloc}
  0x000014da5ce01918: e988 0900 | 0000 0000 | 0000 8b48 | 0849 ba00 | 0000 0008 | 0000 0049 | 03ca 483b | cf0f 8428 
  0x000014da5ce01938: 0000 008b | 5714 483b | 3c11 0f84 | 1b00 0000 | 83fa 200f | 859f 0000 

  0x000014da5ce01950: ;   {runtime_call slow_subtype_check Runtime1 stub}
  0x000014da5ce01950: 0051 57e8 | a8fc 6507 | 595f 83ff | 000f 848d 

  0x000014da5ce01960: ;   {metadata(method data for {method} {0x0000000800409650} 'putVal' '(Ljava/lang/Object;Ljava/lang/Object;Z)Ljava/lang/Object;' in 'java/util/concurrent/ConcurrentHashMap')}
  0x000014da5ce01960: 0000 0048 | b910 c200 | 14da 1400 | 008b 7808 | 49ba 0000 | 0000 0800 | 0000 4903 | fa48 3bb9 
  0x000014da5ce01980: 7006 0000 | 750d 4883 | 8178 0600 | 0001 e979 | 0000 0048 | 3bb9 8006 | 0000 750d | 4883 8188 
  0x000014da5ce019a0: 0600 0001 | e963 0000 | 0048 83b9 | 7006 0000 | 0075 1748 | 89b9 7006 | 0000 48c7 | 8178 0600 
  0x000014da5ce019c0: 0001 0000 | 00e9 4200 | 0000 4883 | b980 0600 | 0000 7517 | 4889 b980 | 0600 0048 | c781 8806 
  0x000014da5ce019e0: 0000 0100 | 0000 e921 | 0000 00e9 | 1c00 0000 

  0x000014da5ce019f0: ;   {metadata(method data for {method} {0x0000000800409650} 'putVal' '(Ljava/lang/Object;Ljava/lang/Object;Z)Ljava/lang/Object;' in 'java/util/concurrent/ConcurrentHashMap')}
  0x000014da5ce019f0: 48b9 10c2 | 0014 da14 | 0000 4883 | a960 0600 | 0001 e9a8 | 0800 00e9 | 0000 0000 | 488b f049 
  0x000014da5ce01a10: 8bd5 498b | cb4d 8bc6 | 0f1f 4400 | 0048 b8ff | ffff ffff 

  0x000014da5ce01a24: ;   {virtual_call}
  0x000014da5ce01a24: ffff ffe8 

  0x000014da5ce01a28: ; ImmutableOopMap {[104]=Oop [112]=Oop [120]=Oop [144]=Oop [152]=Oop [216]=Oop }
                      ;*invokevirtual putTreeVal {reexecute=0 rethrow=0 return_oop=0}
                      ; - java.util.concurrent.ConcurrentHashMap::putVal@331 (line 1055)
  0x000014da5ce01a28: d49e 5907 | 4883 f800 

  0x000014da5ce01a30: ;   {metadata(method data for {method} {0x0000000800409650} 'putVal' '(Ljava/lang/Object;Ljava/lang/Object;Z)Ljava/lang/Object;' in 'java/util/concurrent/ConcurrentHashMap')}
  0x000014da5ce01a30: 48ba 10c2 | 0014 da14 | 0000 48b9 | e006 0000 | 0000 0000 | 0f85 0a00 | 0000 48b9 | d006 0000 
  0x000014da5ce01a50: 0000 0000 | 488b 340a | 488d 7601 | 4889 340a | 0f85 1c00 

  0x000014da5ce01a64: ;   {oop(NULL)}
  0x000014da5ce01a64: 0000 48b8 | 0000 0000 | 0000 0000 | 448b 8424 | 8000 0000 | 488b 4c24 | 78e9 9100 | 0000 448b 
  0x000014da5ce01a84: 8424 8000 | 0000 8b50 | 1448 c1e2 | 0341 83f8 

  0x000014da5ce01a94: ;   {metadata(method data for {method} {0x0000000800409650} 'putVal' '(Ljava/lang/Object;Ljava/lang/Object;Z)Ljava/lang/Object;' in 'java/util/concurrent/ConcurrentHashMap')}
  0x000014da5ce01a94: 0048 b910 | c200 14da | 1400 0048 | be00 0700 | 0000 0000 | 000f 840a | 0000 0048 | bef0 0600 
  0x000014da5ce01ab4: 0000 0000 | 0048 8b3c | 3148 8d7f | 0148 893c | 310f 840d | 0000 0048 | 8bc2 488b | 4c24 78e9 
  0x000014da5ce01ad4: 3b00 0000 | 488b 4c24 | 7841 0fbe | 7740 83fe | 000f 85d2 | 0700 004c | 8bd1 49c1 | ea03 4489 
  0x000014da5ce01af4: 5014 f083 | 4424 c000 | 488b f048 | 33f1 48c1 | ee18 4883 | fe00 0f85 | cc07 0000 

  0x000014da5ce01b10: ;   {metadata(method data for {method} {0x0000000800409650} 'putVal' '(Ljava/lang/Object;Ljava/lang/Object;Z)Ljava/lang/Object;' in 'java/util/concurrent/ConcurrentHashMap')}
  0x000014da5ce01b10: 488b c248 | ba10 c200 | 14da 1400 | 00ff 8210 | 0700 0048 | 8bf8 b802 | 0000 00e9 | 4701 0000 
  0x000014da5ce01b30: 4d8b c149 | 8bce 4883 | f800 7516 

  0x000014da5ce01b3c: ;   {metadata(method data for {method} {0x0000000800409650} 'putVal' '(Ljava/lang/Object;Ljava/lang/Object;Z)Ljava/lang/Object;' in 'java/util/concurrent/ConcurrentHashMap')}
  0x000014da5ce01b3c: 48bf 10c2 | 0014 da14 | 0000 808f | 2107 0000 | 01e9 cc00 

  0x000014da5ce01b50: ;   {metadata('java/util/concurrent/ConcurrentHashMap$ReservationNode')}
  0x000014da5ce01b50: 0000 48bb | b046 1800 | 0800 0000 | 8b70 0849 | ba00 0000 | 0008 0000 | 0049 03f2 | 483b de0f 
  0x000014da5ce01b70: 858d 0000 

  0x000014da5ce01b74: ;   {metadata(method data for {method} {0x0000000800409650} 'putVal' '(Ljava/lang/Object;Ljava/lang/Object;Z)Ljava/lang/Object;' in 'java/util/concurrent/ConcurrentHashMap')}
  0x000014da5ce01b74: 0048 bf10 | c200 14da | 1400 008b | 5808 49ba | 0000 0000 | 0800 0000 | 4903 da48 | 3b9f 3807 
  0x000014da5ce01b94: 0000 750d | 4883 8740 | 0700 0001 | e97e 0000 | 0048 3b9f | 4807 0000 | 750d 4883 | 8750 0700 
  0x000014da5ce01bb4: 0001 e968 | 0000 0048 | 83bf 3807 | 0000 0075 | 1748 899f | 3807 0000 | 48c7 8740 | 0700 0001 
  0x000014da5ce01bd4: 0000 00e9 | 4700 0000 | 4883 bf48 | 0700 0000 | 7517 4889 | 9f48 0700 | 0048 c787 | 5007 0000 
  0x000014da5ce01bf4: 0100 0000 | e926 0000 | 00e9 2100 

  0x000014da5ce01c00: ;   {metadata(method data for {method} {0x0000000800409650} 'putVal' '(Ljava/lang/Object;Ljava/lang/Object;Z)Ljava/lang/Object;' in 'java/util/concurrent/ConcurrentHashMap')}
  0x000014da5ce01c00: 0000 48bf | 10c2 0014 | da14 0000 | 4883 af28 | 0700 0001 | e905 0000 | 00e9 0500 | 0000 4833 
  0x000014da5ce01c20: d2eb 0a48 | ba01 0000 | 0000 0000 | 0083 fa00 

  0x000014da5ce01c30: ;   {metadata(method data for {method} {0x0000000800409650} 'putVal' '(Ljava/lang/Object;Ljava/lang/Object;Z)Ljava/lang/Object;' in 'java/util/concurrent/ConcurrentHashMap')}
  0x000014da5ce01c30: 48ba 10c2 | 0014 da14 | 0000 48be | 7007 0000 | 0000 0000 | 0f85 0a00 | 0000 48be | 6007 0000 
  0x000014da5ce01c50: 0000 0000 | 488b 3c32 | 488d 7f01 | 4889 3c32 | 0f85 5e02 | 0000 8b84 | 2484 0000 

  0x000014da5ce01c6c: ;   {oop(NULL)}
  0x000014da5ce01c6c: 0048 bf00 | 0000 0000 | 0000 0048 | 8bd8 488d | 8424 d000 | 0000 488b | 1048 85d2 | 0f84 0f00 
  0x000014da5ce01c8c: 0000 488b | 7008 f048 | 0fb1 160f | 8557 0600 | 0049 ff8f | 7804 0000 

  0x000014da5ce01ca4: ;   {metadata(method data for {method} {0x0000000800409650} 'putVal' '(Ljava/lang/Object;Ljava/lang/Object;Z)Ljava/lang/Object;' in 'java/util/concurrent/ConcurrentHashMap')}
  0x000014da5ce01ca4: 48ba 10c2 | 0014 da14 | 0000 ff82 | 9007 0000 

  0x000014da5ce01cb4: ;   {metadata(method data for {method} {0x0000000800409650} 'putVal' '(Ljava/lang/Object;Ljava/lang/Object;Z)Ljava/lang/Object;' in 'java/util/concurrent/ConcurrentHashMap')}
  0x000014da5ce01cb4: 83fb 0048 | ba10 c200 | 14da 1400 | 0048 beb8 | 0700 0000 | 0000 000f | 850a 0000 | 0048 bea8 
  0x000014da5ce01cd4: 0700 0000 | 0000 0048 | 8b04 3248 | 8d40 0148 | 8904 320f | 8567 0000 | 0048 8b84 | 2490 0000 
  0x000014da5ce01cf4: 0048 8bf3 

  0x000014da5ce01cf8: ;   {metadata(method data for {method} {0x0000000800409650} 'putVal' '(Ljava/lang/Object;Ljava/lang/Object;Z)Ljava/lang/Object;' in 'java/util/concurrent/ConcurrentHashMap')}
  0x000014da5ce01cf8: 48ba 10c2 | 0014 da14 | 0000 8bba | f800 0000 | 83c7 0289 | baf8 0000 | 0081 e7fe | 3f00 0083 
  0x000014da5ce01d18: ff00 0f84 | ea05 0000 | 4d8b 9780 

  0x000014da5ce01d24: ; ImmutableOopMap {rcx=Oop rax=Oop [104]=Oop [112]=Oop [120]=Oop }
                      ;*goto {reexecute=1 rethrow=0 return_oop=0}
                      ; - (reexecute) java.util.concurrent.ConcurrentHashMap::putVal@420 (line 1074)
                      ;   {poll}
  0x000014da5ce01d24: 0300 0041 

  0x000014da5ce01d28: ;   {metadata(method data for {method} {0x0000000800409650} 'putVal' '(Ljava/lang/Object;Ljava/lang/Object;Z)Ljava/lang/Object;' in 'java/util/concurrent/ConcurrentHashMap')}
  0x000014da5ce01d28: 8502 48ba | 10c2 0014 | da14 0000 | ff82 4008 | 0000 488b | d048 8bc6 | 488b da89 | 8424 8400 
  0x000014da5ce01d48: 0000 488b | 7c24 68e9 | 14ee ffff | 488b 9424 | 9000 0000 

  0x000014da5ce01d5c: ;   {metadata(method data for {method} {0x0000000800409650} 'putVal' '(Ljava/lang/Object;Ljava/lang/Object;Z)Ljava/lang/Object;' in 'java/util/concurrent/ConcurrentHashMap')}
  0x000014da5ce01d5c: 83fb 0848 | b910 c200 | 14da 1400 | 0048 bed8 | 0700 0000 | 0000 000f | 8d0a 0000 | 0048 bec8 
  0x000014da5ce01d7c: 0700 0000 | 0000 0048 | 8b04 3148 | 8d40 0148 | 8904 310f | 8d0c 0000 | 0089 9c24 | b800 0000 
  0x000014da5ce01d9c: e943 0000 | 0048 89bc | 24b0 0000 | 0089 9c24 | b800 0000 | 448b 8c24 | 8c00 0000 | 488b 7424 
  0x000014da5ce01dbc: ;   {metadata(method data for {method} {0x0000000800409650} 'putVal' '(Ljava/lang/Object;Ljava/lang/Object;Z)Ljava/lang/Object;' in 'java/util/concurrent/ConcurrentHashMap')}
  0x000014da5ce01dbc: 6848 b910 | c200 14da | 1400 0048 | 8381 e807 | 0000 0149 | 8bc9 488b 

  0x000014da5ce01dd4: ;   {optimized virtual_call}
  0x000014da5ce01dd4: 7424 68e8 

  0x000014da5ce01dd8: ; ImmutableOopMap {[104]=Oop [176]=Oop }
                      ;*invokevirtual treeifyBin {reexecute=0 rethrow=0 return_oop=0}
                      ; - java.util.concurrent.ConcurrentHashMap::putVal@409 (line 1068)
  0x000014da5ce01dd8: 2498 5907 | 488b bc24 | b000 0000 | 4883 ff00 

  0x000014da5ce01de8: ;   {metadata(method data for {method} {0x0000000800409650} 'putVal' '(Ljava/lang/Object;Ljava/lang/Object;Z)Ljava/lang/Object;' in 'java/util/concurrent/ConcurrentHashMap')}
  0x000014da5ce01de8: 48b8 10c2 | 0014 da14 | 0000 48ba | 3008 0000 | 0000 0000 | 0f85 0a00 | 0000 48ba | 2008 0000 
  0x000014da5ce01e08: 0000 0000 | 488b 0c10 | 488d 4901 | 4889 0c10 | 0f85 0c00 | 0000 8b84 | 24b8 0000 | 00e9 4900 
  0x000014da5ce01e28: 0000 488b | c748 81c4 | f000 0000 

  0x000014da5ce01e34: ;   {poll_return}
  0x000014da5ce01e34: 5d49 3ba7 | 7803 0000 | 0f87 e904 | 0000 c348 | 8bc6 4881 | c4f0 0000 

  0x000014da5ce01e4c: ;   {poll_return}
  0x000014da5ce01e4c: 005d 493b | a778 0300 | 000f 87e6 | 0400 00c3 | 8b84 2484 

  0x000014da5ce01e60: ;   {metadata(method data for {method} {0x0000000800409650} 'putVal' '(Ljava/lang/Object;Ljava/lang/Object;Z)Ljava/lang/Object;' in 'java/util/concurrent/ConcurrentHashMap')}
  0x000014da5ce01e60: 0000 0048 | ba10 c200 | 14da 1400 | 00ff 82d0 | 0200 0048 | 8b74 2468 

  0x000014da5ce01e78: ;   {metadata(method data for {method} {0x0000000800409650} 'putVal' '(Ljava/lang/Object;Ljava/lang/Object;Z)Ljava/lang/Object;' in 'java/util/concurrent/ConcurrentHashMap')}
  0x000014da5ce01e78: 488b d648 | b910 c200 | 14da 1400 | 0048 8381 | 5808 0000 | 0148 ba01 | 0000 0000 | 0000 0048 
  0x000014da5ce01e98: 8bc8 0f1f 

  0x000014da5ce01e9c: ;   {optimized virtual_call}
  0x000014da5ce01e9c: 4400 00e8 

  0x000014da5ce01ea0: ; ImmutableOopMap {}
                      ;*invokevirtual addCount {reexecute=0 rethrow=0 return_oop=0}
                      ; - java.util.concurrent.ConcurrentHashMap::putVal@427 (line 1075)
  0x000014da5ce01ea0: 1606 0000 

  0x000014da5ce01ea4: ;   {oop(NULL)}
  0x000014da5ce01ea4: 48b8 0000 | 0000 0000 | 0000 4881 | c4f0 0000 

  0x000014da5ce01eb4: ;   {poll_return}
  0x000014da5ce01eb4: 005d 493b | a778 0300 | 000f 8794 | 0400 00c3 | 0f1f 4000 

  0x000014da5ce01ec8: ;   {no_reloc}
  0x000014da5ce01ec8: e9af 0400 | 0000 0000 | 0000 e9af | 0400 0048 

  0x000014da5ce01ed8: ;   {metadata(method data for {method} {0x0000000800409650} 'putVal' '(Ljava/lang/Object;Ljava/lang/Object;Z)Ljava/lang/Object;' in 'java/util/concurrent/ConcurrentHashMap')}
  0x000014da5ce01ed8: 8bd0 48be | 10c2 0014 | da14 0000 | 4883 8680 | 0700 0001 

  0x000014da5ce01eec: ;   {oop("Recursive update"{0x00000007ff03a5c0})}
  0x000014da5ce01eec: 48ba c0a5 | 03ff 0700 | 0000 488b | f048 8984 | 24c0 0000 | 0066 0f1f 

  0x000014da5ce01f04: ;   {optimized virtual_call}
  0x000014da5ce01f04: 4400 00e8 

  0x000014da5ce01f08: ; ImmutableOopMap {[152]=Oop [192]=Oop [216]=Oop }
                      ;*invokespecial <init> {reexecute=0 rethrow=0 return_oop=0}
                      ; - java.util.concurrent.ConcurrentHashMap::putVal@374 (line 1063)
  0x000014da5ce01f08: f496 5907 | 488b 8424 

  0x000014da5ce01f10: ; ImmutableOopMap {rax=Oop [152]=Oop [216]=Oop }
                      ;*athrow {reexecute=1 rethrow=0 return_oop=0}
                      ; - (reexecute) java.util.concurrent.ConcurrentHashMap::putVal@377 (line 1063)
  0x000014da5ce01f10: c000 0000 

  0x000014da5ce01f14: ;   {section_word}
  0x000014da5ce01f14: 48ba 141f | e05c da14 

  0x000014da5ce01f1c: ;   {runtime_call handle_exception_nofpu Runtime1 stub}
  0x000014da5ce01f1c: 0000 e85d | e15c 0790 | 0f1f 4000 

  0x000014da5ce01f28: ;   {no_reloc}
  0x000014da5ce01f28: e975 0400 | 0000 0000 | 0000 498b | 87f8 0000 | 0048 8d78 | 3049 3bbf | 0801 0000 | 0f87 6204 
  0x000014da5ce01f48: 0000 4989 | bff8 0000 | 0048 c700 | 0100 0000 | 488b ca49 | ba00 0000 | 0008 0000 | 0049 2bca 
  0x000014da5ce01f68: 8948 0848 | 33c9 8948 | 0c48 33c9 | 4889 4810 | 4889 4818 | 4889 4820 | 4889 4828 

  0x000014da5ce01f84: ;   {metadata(method data for {method} {0x0000000800409650} 'putVal' '(Ljava/lang/Object;Ljava/lang/Object;Z)Ljava/lang/Object;' in 'java/util/concurrent/ConcurrentHashMap')}
  0x000014da5ce01f84: 488b f048 | bf10 c200 | 14da 1400 | 0048 8387 | 7801 0000 | 0148 8bf0 | 4889 8424 | c800 0000 
  0x000014da5ce01fa4: ;   {optimized virtual_call}
  0x000014da5ce01fa4: 6666 90e8 

  0x000014da5ce01fa8: ; ImmutableOopMap {[200]=Oop }
                      ;*invokespecial <init> {reexecute=0 rethrow=0 return_oop=0}
                      ; - java.util.concurrent.ConcurrentHashMap::putVal@12 (line 1011)
  0x000014da5ce01fa8: 5496 5907 | 488b 8424 | c800 0000 | e933 0400 | 0049 8b87 | 2804 0000 | 4d33 d24d | 8997 2804 
  0x000014da5ce01fc8: 0000 4d33 | d24d 8997 | 3004 0000 | 488b f048 | 8d84 24d0 | 0000 0048 | 8b38 4885 | ff0f 840f 
  0x000014da5ce01fe8: 0000 0048 | 8b58 08f0 | 480f b13b | 0f85 bf03 | 0000 49ff | 8f78 0400 | 0048 8bc6 | e9e3 0300 
  0x000014da5ce02008: ;   {metadata({method} {0x0000000800409650} 'putVal' '(Ljava/lang/Object;Ljava/lang/Object;Z)Ljava/lang/Object;' in 'java/util/concurrent/ConcurrentHashMap')}
  0x000014da5ce02008: 0049 ba50 | 9640 0008 | 0000 004c | 8954 2408 | 48c7 0424 | ffff ffff 

  0x000014da5ce02020: ;   {runtime_call counter_overflow Runtime1 stub}
  0x000014da5ce02020: e8db 1a66 

  0x000014da5ce02024: ; ImmutableOopMap {rsi=Oop rdx=Oop rcx=Oop [104]=Oop [112]=Oop [120]=Oop }
                      ;*synchronization entry
                      ; - java.util.concurrent.ConcurrentHashMap::putVal@-1 (line 1011)
  0x000014da5ce02024: 07e9 b4e9 

  0x000014da5ce02028: ;   {runtime_call throw_null_pointer_exception Runtime1 stub}
  0x000014da5ce02028: ffff e851 

  0x000014da5ce0202c: ; ImmutableOopMap {rdx=Oop [104]=Oop [112]=Oop [120]=Oop }
                      ;*invokevirtual hashCode {reexecute=0 rethrow=0 return_oop=0}
                      ; - java.util.concurrent.ConcurrentHashMap::putVal@17 (line 1012)
                      ;   {metadata({method} {0x0000000800409700} 'spread' '(I)I' in 'java/util/concurrent/ConcurrentHashMap')}
  0x000014da5ce0202c: f85c 0749 | ba00 9740 | 0008 0000 | 004c 8954 | 2408 48c7 | 0424 ffff 

  0x000014da5ce02044: ;   {runtime_call counter_overflow Runtime1 stub}
  0x000014da5ce02044: ffff e8b5 

  0x000014da5ce02048: ; ImmutableOopMap {[104]=Oop [112]=Oop [120]=Oop }
                      ;*synchronization entry
                      ; - java.util.concurrent.ConcurrentHashMap::spread@-1 (line 697)
                      ; - java.util.concurrent.ConcurrentHashMap::putVal@20 (line 1012)
  0x000014da5ce02048: 1a66 07e9 | e6ea ffff 

  0x000014da5ce02050: ;   {runtime_call throw_null_pointer_exception Runtime1 stub}
  0x000014da5ce02050: e82b f85c 

  0x000014da5ce02054: ; ImmutableOopMap {rdi=Oop rbx=Oop [104]=Oop [112]=Oop [120]=Oop }
                      ;*arraylength {reexecute=0 rethrow=0 return_oop=0}
                      ; - java.util.concurrent.ConcurrentHashMap::putVal@41 (line 1016)
  0x000014da5ce02054: 0748 8bd2 

  0x000014da5ce02058: ;   {runtime_call fast_new_instance Runtime1 stub}
  0x000014da5ce02058: e823 ef5c 

  0x000014da5ce0205c: ; ImmutableOopMap {rbx=Oop r11=Oop [104]=Oop [112]=Oop [120]=Oop [144]=Oop }
                      ;*new {reexecute=0 rethrow=0 return_oop=0}
                      ; - java.util.concurrent.ConcurrentHashMap::putVal@83 (line 1019)
  0x000014da5ce0205c: 07e9 baec 

  0x000014da5ce02060: ;   {metadata({method} {0x0000000800183d38} '<init>' '(ILjava/lang/Object;Ljava/lang/Object;)V' in 'java/util/concurrent/ConcurrentHashMap$Node')}
  0x000014da5ce02060: ffff 49ba | 383d 1800 | 0800 0000 | 4c89 5424 | 0848 c704 | 24ff ffff 

  0x000014da5ce02078: ;   {runtime_call counter_overflow Runtime1 stub}
  0x000014da5ce02078: ffe8 821a 

  0x000014da5ce0207c: ; ImmutableOopMap {rbx=Oop r11=Oop rax=Oop [104]=Oop [112]=Oop [120]=Oop [144]=Oop }
                      ;*synchronization entry
                      ; - java.util.concurrent.ConcurrentHashMap$Node::<init>@-1 (line 631)
                      ; - java.util.concurrent.ConcurrentHashMap::putVal@91 (line 1019)
  0x000014da5ce0207c: 6607 e9d6 

  0x000014da5ce02080: ;   {metadata({method} {0x00000008004745c8} '<init>' '()V' in 'java/lang/Object')}
  0x000014da5ce02080: ecff ff49 | bac8 4547 | 0008 0000 | 004c 8954 | 2408 48c7 | 0424 ffff 

  0x000014da5ce02098: ;   {runtime_call counter_overflow Runtime1 stub}
  0x000014da5ce02098: ffff e861 

  0x000014da5ce0209c: ; ImmutableOopMap {rbx=Oop r11=Oop rax=Oop [104]=Oop [112]=Oop [120]=Oop [144]=Oop }
                      ;*synchronization entry
                      ; - java.lang.Object::<init>@-1 (line 45)
                      ; - java.util.concurrent.ConcurrentHashMap$Node::<init>@1 (line 631)
                      ; - java.util.concurrent.ConcurrentHashMap::putVal@91 (line 1019)
  0x000014da5ce0209c: 1a66 07e9 | f2ec ffff | 8b70 1048 | c1e6 0348 | 83fe 000f | 84f3 ecff | ff48 8934 

  0x000014da5ce020b8: ;   {runtime_call g1_pre_barrier_slow}
  0x000014da5ce020b8: 24e8 4220 | 6607 e9e5 | ecff ff48 | 83fb 000f | 84fa ecff | ff48 8904 

  0x000014da5ce020d0: ;   {runtime_call g1_post_barrier_slow}
  0x000014da5ce020d0: 24e8 2a23 | 6607 e9ec | ecff ff8b | 7014 48c1 | e603 4883 | fe00 0f84 | e9ec ffff | 4889 3424 
  0x000014da5ce020f0: ;   {runtime_call g1_pre_barrier_slow}
  0x000014da5ce020f0: e80b 2066 | 07e9 dbec | ffff 4983 | fb00 0f84 | f6ec ffff | 4889 0424 

  0x000014da5ce02108: ;   {runtime_call g1_post_barrier_slow}
  0x000014da5ce02108: e8f3 2266 | 07e9 e8ec 

  0x000014da5ce02110: ;   {runtime_call throw_null_pointer_exception Runtime1 stub}
  0x000014da5ce02110: ffff e869 

  0x000014da5ce02114: ; ImmutableOopMap {rax=Oop [104]=Oop [112]=Oop [120]=Oop [144]=Oop [152]=Oop }
                      ;*getfield hash {reexecute=1 rethrow=0 return_oop=0}
                      ; - (reexecute) java.util.concurrent.ConcurrentHashMap::putVal@105 (line 1022)
  0x000014da5ce02114: f75c 0748 | 897c 2408 | 4889 3424 

  0x000014da5ce02120: ;   {runtime_call monitorenter_nofpu Runtime1 stub}
  0x000014da5ce02120: e8db fa65 

  0x000014da5ce02124: ; ImmutableOopMap {rdi=Oop [104]=Oop [112]=Oop [120]=Oop [144]=Oop [152]=Oop [216]=Oop }
                      ;*monitorenter {reexecute=0 rethrow=0 return_oop=0}
                      ; - java.util.concurrent.ConcurrentHashMap::putVal@187 (line 1031)
  0x000014da5ce02124: 07e9 91f0 

  0x000014da5ce02128: ;   {runtime_call throw_null_pointer_exception Runtime1 stub}
  0x000014da5ce02128: ffff e851 

  0x000014da5ce0212c: ; ImmutableOopMap {rax=Oop rdx=Oop [104]=Oop [112]=Oop [120]=Oop [144]=Oop [152]=Oop [216]=Oop }
                      ;*getfield hash {reexecute=1 rethrow=0 return_oop=0}
                      ; - (reexecute) java.util.concurrent.ConcurrentHashMap::putVal@214 (line 1037)
                      ;   {metadata({method} {0x0000000800409650} 'putVal' '(Ljava/lang/Object;Ljava/lang/Object;Z)Ljava/lang/Object;' in 'java/util/concurrent/ConcurrentHashMap')}
  0x000014da5ce0212c: f75c 0749 | ba50 9640 | 0008 0000 | 004c 8954 | 2408 48c7 | 0424 3101 

  0x000014da5ce02144: ;   {runtime_call counter_overflow Runtime1 stub}
  0x000014da5ce02144: 0000 e8b5 

  0x000014da5ce02148: ; ImmutableOopMap {rdx=Oop [104]=Oop [112]=Oop [120]=Oop [144]=Oop [152]=Oop [216]=Oop }
                      ;*goto {reexecute=1 rethrow=0 return_oop=0}
                      ; - (reexecute) java.util.concurrent.ConcurrentHashMap::putVal@305 (line 1035)
  0x000014da5ce02148: 1966 07e9 | 80f3 ffff | 418b 7014 | 48c1 e603 | 4883 fe00 | 0f84 11f4 | ffff 4889 

  0x000014da5ce02164: ;   {runtime_call g1_pre_barrier_slow}
  0x000014da5ce02164: 3424 e895 | 1f66 07e9 | 03f4 ffff | 4883 f900 | 0f84 1ef4 | ffff 4c89 

  0x000014da5ce0217c: ;   {runtime_call g1_post_barrier_slow}
  0x000014da5ce0217c: 0424 e87d | 2266 07e9 | 10f4 ffff 

  0x000014da5ce02188: ;   {runtime_call fast_new_instance Runtime1 stub}
  0x000014da5ce02188: 488b d2e8 

  0x000014da5ce0218c: ; ImmutableOopMap {r8=Oop r11=Oop r14=Oop [104]=Oop [112]=Oop [120]=Oop [144]=Oop [152]=Oop [216]=Oop }
                      ;*new {reexecute=0 rethrow=0 return_oop=0}
                      ; - java.util.concurrent.ConcurrentHashMap::putVal@285 (line 1047)
  0x000014da5ce0218c: f0ed 5c07 | e99e f4ff 

  0x000014da5ce02194: ;   {metadata({method} {0x0000000800183d38} '<init>' '(ILjava/lang/Object;Ljava/lang/Object;)V' in 'java/util/concurrent/ConcurrentHashMap$Node')}
  0x000014da5ce02194: ff49 ba38 | 3d18 0008 | 0000 004c | 8954 2408 | 48c7 0424 | ffff ffff 

  0x000014da5ce021ac: ;   {runtime_call counter_overflow Runtime1 stub}
  0x000014da5ce021ac: e84f 1966 

  0x000014da5ce021b0: ; ImmutableOopMap {r8=Oop r11=Oop r14=Oop rax=Oop [104]=Oop [112]=Oop [120]=Oop [144]=Oop [152]=Oop [216]=Oop }
                      ;*synchronization entry
                      ; - java.util.concurrent.ConcurrentHashMap$Node::<init>@-1 (line 631)
                      ; - java.util.concurrent.ConcurrentHashMap::putVal@293 (line 1047)
  0x000014da5ce021b0: 07e9 baf4 

  0x000014da5ce021b4: ;   {metadata({method} {0x00000008004745c8} '<init>' '()V' in 'java/lang/Object')}
  0x000014da5ce021b4: ffff 49ba | c845 4700 | 0800 0000 | 4c89 5424 | 0848 c704 | 24ff ffff 

  0x000014da5ce021cc: ;   {runtime_call counter_overflow Runtime1 stub}
  0x000014da5ce021cc: ffe8 2e19 

  0x000014da5ce021d0: ; ImmutableOopMap {r8=Oop r11=Oop r14=Oop rax=Oop [104]=Oop [112]=Oop [120]=Oop [144]=Oop [152]=Oop [216]=Oop }
                      ;*synchronization entry
                      ; - java.lang.Object::<init>@-1 (line 45)
                      ; - java.util.concurrent.ConcurrentHashMap$Node::<init>@1 (line 631)
                      ; - java.util.concurrent.ConcurrentHashMap::putVal@293 (line 1047)
  0x000014da5ce021d0: 6607 e9d6 | f4ff ff8b | 5010 48c1 | e203 4883 | fa00 0f84 | d7f4 ffff | 4889 1424 

  0x000014da5ce021ec: ;   {runtime_call g1_pre_barrier_slow}
  0x000014da5ce021ec: e80f 1f66 | 07e9 c9f4 | ffff 4983 | fb00 0f84 | def4 ffff | 4889 0424 

  0x000014da5ce02204: ;   {runtime_call g1_post_barrier_slow}
  0x000014da5ce02204: e8f7 2166 | 07e9 d0f4 | ffff 8b50 | 1448 c1e2 | 0348 83fa | 000f 84cd | f4ff ff48 

  0x000014da5ce02220: ;   {runtime_call g1_pre_barrier_slow}
  0x000014da5ce02220: 8914 24e8 | d81e 6607 | e9bf f4ff | ff49 83fe | 000f 84da | f4ff ff48 

  0x000014da5ce02238: ;   {runtime_call g1_post_barrier_slow}
  0x000014da5ce02238: 8904 24e8 | c021 6607 | e9cc f4ff | ff41 8b50 | 1848 c1e2 | 0348 83fa | 000f 84c8 | f4ff ff48 
  0x000014da5ce02258: ;   {runtime_call g1_pre_barrier_slow}
  0x000014da5ce02258: 8914 24e8 | a01e 6607 | e9ba f4ff | ff48 83f8 | 000f 84d5 | f4ff ff4c 

  0x000014da5ce02270: ;   {runtime_call g1_post_barrier_slow}
  0x000014da5ce02270: 8904 24e8 | 8821 6607 | e9c7 f4ff 

  0x000014da5ce0227c: ;   {metadata(NULL)}
  0x000014da5ce0227c: ff48 be00 | 0000 0000 | 0000 00b8 | 000f 050a 

  0x000014da5ce0228c: ;   {runtime_call load_klass_patching Runtime1 stub}
  0x000014da5ce0228c: e86f 0966 

  0x000014da5ce02290: ; ImmutableOopMap {r11=Oop r14=Oop rax=Oop [104]=Oop [112]=Oop [120]=Oop [144]=Oop [152]=Oop [216]=Oop }
                      ;*instanceof {reexecute=1 rethrow=0 return_oop=0}
                      ; - (reexecute) java.util.concurrent.ConcurrentHashMap::putVal@313 (line 1052)
  0x000014da5ce02290: 07e9 22f5 

  0x000014da5ce02294: ;   {metadata(NULL)}
  0x000014da5ce02294: ffff 48bf | 0000 0000 | 0000 0000 | b800 0f05 

  0x000014da5ce022a4: ;   {runtime_call load_klass_patching Runtime1 stub}
  0x000014da5ce022a4: 0ae8 5609 

  0x000014da5ce022a8: ; ImmutableOopMap {r11=Oop r14=Oop rax=Oop [104]=Oop [112]=Oop [120]=Oop [144]=Oop [152]=Oop [216]=Oop }
                      ;*checkcast {reexecute=1 rethrow=0 return_oop=0}
                      ; - (reexecute) java.util.concurrent.ConcurrentHashMap::putVal@324 (line 1055)
  0x000014da5ce022a8: 6607 e969 | f6ff ff48 

  0x000014da5ce022b0: ;   {runtime_call throw_class_cast_exception Runtime1 stub}
  0x000014da5ce022b0: 8904 24e8 

  0x000014da5ce022b4: ; ImmutableOopMap {r11=Oop r14=Oop rax=Oop [104]=Oop [112]=Oop [120]=Oop [144]=Oop [152]=Oop [216]=Oop }
                      ;*checkcast {reexecute=0 rethrow=0 return_oop=0}
                      ; - java.util.concurrent.ConcurrentHashMap::putVal@324 (line 1055)
  0x000014da5ce022b4: 48ed 6507 

  0x000014da5ce022b8: ;   {runtime_call throw_null_pointer_exception Runtime1 stub}
  0x000014da5ce022b8: e8c3 f55c 

  0x000014da5ce022bc: ; ImmutableOopMap {rax=Oop [104]=Oop [112]=Oop [120]=Oop [144]=Oop [152]=Oop [216]=Oop }
                      ;*getfield val {reexecute=1 rethrow=0 return_oop=0}
                      ; - (reexecute) java.util.concurrent.ConcurrentHashMap::putVal@342 (line 1057)
  0x000014da5ce022bc: 078b 7014 | 48c1 e603 | 4883 fe00 | 0f84 1df8 | ffff 4889 

  0x000014da5ce022d0: ;   {runtime_call g1_pre_barrier_slow}
  0x000014da5ce022d0: 3424 e829 | 1e66 07e9 | 0ff8 ffff | 4883 f900 | 0f84 2af8 | ffff 4889 

  0x000014da5ce022e8: ;   {runtime_call g1_post_barrier_slow}
  0x000014da5ce022e8: 0424 e811 | 2166 07e9 | 1cf8 ffff | 488d 8424 | d000 0000 | 4889 0424 

  0x000014da5ce02300: ;   {runtime_call monitorexit_nofpu Runtime1 stub}
  0x000014da5ce02300: e8fb fe65 | 07e9 9af9 

  0x000014da5ce02308: ;   {metadata({method} {0x0000000800409650} 'putVal' '(Ljava/lang/Object;Ljava/lang/Object;Z)Ljava/lang/Object;' in 'java/util/concurrent/ConcurrentHashMap')}
  0x000014da5ce02308: ffff 49ba | 5096 4000 | 0800 0000 | 4c89 5424 | 0848 c704 | 24a4 0100 

  0x000014da5ce02320: ;   {runtime_call counter_overflow Runtime1 stub}
  0x000014da5ce02320: 00e8 da17 

  0x000014da5ce02324: ; ImmutableOopMap {rcx=Oop rax=Oop [104]=Oop [112]=Oop [120]=Oop }
                      ;*goto {reexecute=1 rethrow=0 return_oop=0}
                      ; - (reexecute) java.util.concurrent.ConcurrentHashMap::putVal@420 (line 1074)
  0x000014da5ce02324: 6607 e9f5 

  0x000014da5ce02328: ;   {internal_word}
  0x000014da5ce02328: f9ff ff49 | ba35 1ee0 | 5cda 1400 | 004d 8997 | 9003 0000 

  0x000014da5ce0233c: ;   {runtime_call SafepointBlob}
  0x000014da5ce0233c: e93f ff59 

  0x000014da5ce02340: ;   {internal_word}
  0x000014da5ce02340: 0749 ba4e | 1ee0 5cda | 1400 004d | 8997 9003 

  0x000014da5ce02350: ;   {runtime_call SafepointBlob}
  0x000014da5ce02350: 0000 e929 

  0x000014da5ce02354: ;   {internal_word}
  0x000014da5ce02354: ff59 0749 | bab6 1ee0 | 5cda 1400 | 004d 8997 | 9003 0000 

  0x000014da5ce02368: ;   {runtime_call SafepointBlob}
  0x000014da5ce02368: e913 ff59 

  0x000014da5ce0236c: ;   {metadata(NULL)}
  0x000014da5ce0236c: 0748 ba00 | 0000 0000 | 0000 00b8 | 000f 050a 

  0x000014da5ce0237c: ;   {runtime_call load_klass_patching Runtime1 stub}
  0x000014da5ce0237c: e87f 0866 

  0x000014da5ce02380: ; ImmutableOopMap {[152]=Oop [216]=Oop }
                      ;*new {reexecute=1 rethrow=0 return_oop=0}
                      ; - (reexecute) java.util.concurrent.ConcurrentHashMap::putVal@368 (line 1063)
  0x000014da5ce02380: 07e9 42fb | ffff 488b 

  0x000014da5ce02388: ;   {runtime_call new_instance Runtime1 stub}
  0x000014da5ce02388: d2e8 f2ee 

  0x000014da5ce0238c: ; ImmutableOopMap {[152]=Oop [216]=Oop }
                      ;*new {reexecute=0 rethrow=0 return_oop=0}
                      ; - java.util.concurrent.ConcurrentHashMap::putVal@368 (line 1063)
  0x000014da5ce0238c: 5c07 e944 

  0x000014da5ce02390: ;   {metadata(NULL)}
  0x000014da5ce02390: fbff ff48 | ba00 0000 | 0000 0000 | 00b8 000f 

  0x000014da5ce023a0: ;   {runtime_call load_klass_patching Runtime1 stub}
  0x000014da5ce023a0: 050a e859 

  0x000014da5ce023a4: ; ImmutableOopMap {}
                      ;*new {reexecute=1 rethrow=0 return_oop=0}
                      ; - (reexecute) java.util.concurrent.ConcurrentHashMap::putVal@8 (line 1011)
  0x000014da5ce023a4: 0866 07e9 | 7cfb ffff 

  0x000014da5ce023ac: ;   {runtime_call fast_new_instance Runtime1 stub}
  0x000014da5ce023ac: 488b d2e8 

  0x000014da5ce023b0: ; ImmutableOopMap {}
                      ;*new {reexecute=0 rethrow=0 return_oop=0}
                      ; - java.util.concurrent.ConcurrentHashMap::putVal@8 (line 1011)
  0x000014da5ce023b0: cceb 5c07 | e9cb fbff | ff48 8d84 | 24d0 0000 | 0048 8904 

  0x000014da5ce023c4: ;   {runtime_call monitorexit_nofpu Runtime1 stub}
  0x000014da5ce023c4: 24e8 36fe | 6507 e932 | fcff ff49 | 8b87 2804 | 0000 49c7 | 8728 0400 | 0000 0000 | 0049 c787 
  0x000014da5ce023e4: 3004 0000 | 0000 0000 | 4881 c4f0 | 0000 005d 

  0x000014da5ce023f4: ;   {runtime_call unwind_exception Runtime1 stub}
  0x000014da5ce023f4: e987 035d | 07f4 f4f4 | f4f4 f4f4 
[Stub Code]
  0x000014da5ce02400: ;   {no_reloc}
  0x000014da5ce02400: 0f1f 4400 

  0x000014da5ce02404: ;   {static_stub}
  0x000014da5ce02404: 0048 bb00 | 0000 0000 

  0x000014da5ce0240c: ;   {runtime_call}
  0x000014da5ce0240c: 0000 00e9 | fbff ffff 

  0x000014da5ce02414: ;   {static_stub}
  0x000014da5ce02414: 9048 bb00 | 0000 0000 

  0x000014da5ce0241c: ;   {runtime_call}
  0x000014da5ce0241c: 0000 00e9 | fbff ffff 

  0x000014da5ce02424: ;   {static_stub}
  0x000014da5ce02424: 9048 bb00 | 0000 0000 

  0x000014da5ce0242c: ;   {runtime_call}
  0x000014da5ce0242c: 0000 00e9 | fbff ffff 

  0x000014da5ce02434: ;   {static_stub}
  0x000014da5ce02434: 9048 bb00 | 0000 0000 

  0x000014da5ce0243c: ;   {runtime_call}
  0x000014da5ce0243c: 0000 00e9 | fbff ffff 

  0x000014da5ce02444: ;   {static_stub}
  0x000014da5ce02444: 9048 bb00 | 0000 0000 

  0x000014da5ce0244c: ;   {runtime_call}
  0x000014da5ce0244c: 0000 00e9 | fbff ffff 
[Exception Handler]
  0x000014da5ce02454: ;   {runtime_call handle_exception_from_callee Runtime1 stub}
  0x000014da5ce02454: e827 d65c 

  0x000014da5ce02458: ;   {external_word}
  0x000014da5ce02458: 0748 bf90 | d27f 7ada | 1400 0048 

  0x000014da5ce02464: ;   {runtime_call MacroAssembler::debug64(char*, long, long*)}
  0x000014da5ce02464: 83e4 f0e8 | 24c2 601d 

  0x000014da5ce0246c: ;   {section_word}
  0x000014da5ce0246c: f449 ba6d | 24e0 5cda | 1400 0041 

  0x000014da5ce02478: ;   {runtime_call DeoptimizationBlob}
  0x000014da5ce02478: 52e9 a2f0 

  0x000014da5ce0247c: ;   {static_stub}
  0x000014da5ce0247c: 5907 48bb | a896 4000 | 0800 0000 

  0x000014da5ce02488: ;   {runtime_call I2C/C2I adapters}
  0x000014da5ce02488: e949 e459 

  0x000014da5ce0248c: ;   {static_stub}
  0x000014da5ce0248c: 0748 bba0 | 9540 0008 

  0x000014da5ce02494: ;   {runtime_call I2C/C2I adapters}
  0x000014da5ce02494: 0000 00e9 | c2db 5607 

  0x000014da5ce0249c: ;   {static_stub}
  0x000014da5ce0249c: 48bb 0000 | 0000 0000 

  0x000014da5ce024a4: ;   {runtime_call}
  0x000014da5ce024a4: 0000 e9fb 

  0x000014da5ce024a8: ;   {static_stub}
  0x000014da5ce024a8: ffff ff48 | bb00 0000 | 0000 0000 

  0x000014da5ce024b4: ;   {runtime_call}
  0x000014da5ce024b4: 00e9 fbff 

  0x000014da5ce024b8: ;   {static_stub}
  0x000014da5ce024b8: ffff 48bb | 9894 4000 | 0800 0000 

  0x000014da5ce024c4: ;   {runtime_call I2C/C2I adapters}
  0x000014da5ce024c4: e911 085a 

  0x000014da5ce024c8: ;   {static_stub}
  0x000014da5ce024c8: 0748 bbf8 | 9540 0008 

  0x000014da5ce024d0: ;   {runtime_call I2C/C2I adapters}
  0x000014da5ce024d0: 0000 00e9 | fbda 5907 

  0x000014da5ce024d8: ;   {static_stub}
  0x000014da5ce024d8: 48bb 0000 | 0000 0000 

  0x000014da5ce024e0: ;   {runtime_call}
  0x000014da5ce024e0: 0000 e9fb | ffff fff4 
[/MachCode]


---------------  P R O C E S S  ---------------

Threads class SMR info:
_java_thread_list=0x000014da74126df0, length=8, elements={
0x000014da7402b470, 0x000014da7411d1c0, 0x000014da7411e700, 0x000014da741200d0,
0x000014da74121570, 0x000014da74122a00, 0x000014da74124430, 0x000014da741259e0
}

Java Threads: ( => current thread )
=>0x000014da7402b470 JavaThread "main" [_thread_in_Java, id=1150803, stack(0x000014da79786000,0x000014da79886000)]
  0x000014da7411d1c0 JavaThread "Reference Handler" daemon [_thread_blocked, id=1150810, stack(0x000014da51c00000,0x000014da51d00000)]
  0x000014da7411e700 JavaThread "Finalizer" daemon [_thread_blocked, id=1150811, stack(0x000014da341fe000,0x000014da342fe000)]
  0x000014da741200d0 JavaThread "Signal Dispatcher" daemon [_thread_blocked, id=1150812, stack(0x000014da340fe000,0x000014da341fe000)]
  0x000014da74121570 JavaThread "Service Thread" daemon [_thread_blocked, id=1150813, stack(0x000014da2df00000,0x000014da2e000000)]
  0x000014da74122a00 JavaThread "Monitor Deflation Thread" daemon [_thread_blocked, id=1150814, stack(0x000014da2de00000,0x000014da2df00000)]
  0x000014da74124430 JavaThread "C2 CompilerThread0" daemon [_thread_blocked, id=1150815, stack(0x000014da2dd00000,0x000014da2de00000)]
  0x000014da741259e0 JavaThread "C1 CompilerThread0" daemon [_thread_blocked, id=1150816, stack(0x000014da2dc00000,0x000014da2dd00000)]

Other Threads:
  0x000014da7410dc40 VMThread "VM Thread" [stack: 0x000014da34300000,0x000014da34400000] [id=1150809]
  0x000014da7405e0f0 WorkerThread "GC Thread#0" [stack: 0x000014da7883b000,0x000014da7893b000] [id=1150804]
  0x000014da7406e2b0 ConcurrentGCThread "G1 Main Marker" [stack: 0x000014da78739000,0x000014da78839000] [id=1150805]
  0x000014da7406f1e0 WorkerThread "G1 Conc#0" [stack: 0x000014da78637000,0x000014da78737000] [id=1150806]
  0x000014da740e41d0 ConcurrentGCThread "G1 Refine#0" [stack: 0x000014da78333000,0x000014da78433000] [id=1150807]
  0x000014da740e5120 ConcurrentGCThread "G1 Service" [stack: 0x000014da78231000,0x000014da78331000] [id=1150808]

Threads with active compile tasks:

VM state: not at safepoint (normal execution)

VM Mutex/Monitor currently owned by a thread: None

Heap address: 0x00000000a0000000, size: 30208 MB, Compressed Oops mode: Zero based, Oop shift amount: 3

CDS archive(s) mapped at: [0x0000000800000000-0x0000000800c75000-0x0000000800c75000), size 13062144, SharedBaseAddress: 0x0000000800000000, ArchiveRelocationMode: 0.
Compressed class space mapped at: 0x0000000801000000-0x0000000841000000, reserved size: 1073741824
Narrow klass base: 0x0000000800000000, Narrow klass shift: 0, Narrow klass range: 0x100000000

GC Precious Log:
 CardTable entry size: 512
 Card Set container configuration: InlinePtr #cards 3 size 8 Array Of Cards #cards 128 size 272 Howl #buckets 8 coarsen threshold 29491 Howl Bitmap #cards 4096 size 528 coarsen threshold 3686 Card regions per heap region 1 cards per card region 32768
 CPUs: 28 total, 2 available
 Memory: 251G
 Large Page Support: Disabled
 NUMA Support: Disabled
 Compressed Oops: Enabled (Zero based)
 Heap Region Size: 16M
 Heap Min Capacity: 16M
 Heap Initial Capacity: 2G
 Heap Max Capacity: 30208M
 Pre-touch: Disabled
 Parallel Workers: 2
 Concurrent Workers: 1
 Concurrent Refinement Workers: 2
 Periodic GC: Disabled

Heap:
 garbage-first heap   total 2129920K, used 16364K [0x00000000a0000000, 0x0000000800000000)
  region size 16384K, 1 young (16384K), 0 survivors (0K)
 Metaspace       used 77K, committed 192K, reserved 1114112K
  class space    used 2K, committed 64K, reserved 1048576K

Heap Regions: E=young(eden), S=young(survivor), O=old, HS=humongous(starts), HC=humongous(continues), CS=collection set, F=free, OA=open archive, CA=closed archive, TAMS=top-at-mark-start, PB=parsable bottom
|   0|0x00000000a0000000, 0x00000000a0000000, 0x00000000a1000000|  0%| F|  |TAMS 0x00000000a0000000| PB 0x00000000a0000000| Untracked 
|   1|0x00000000a1000000, 0x00000000a1000000, 0x00000000a2000000|  0%| F|  |TAMS 0x00000000a1000000| PB 0x00000000a1000000| Untracked 
|   2|0x00000000a2000000, 0x00000000a2000000, 0x00000000a3000000|  0%| F|  |TAMS 0x00000000a2000000| PB 0x00000000a2000000| Untracked 
|   3|0x00000000a3000000, 0x00000000a3000000, 0x00000000a4000000|  0%| F|  |TAMS 0x00000000a3000000| PB 0x00000000a3000000| Untracked 
|   4|0x00000000a4000000, 0x00000000a4000000, 0x00000000a5000000|  0%| F|  |TAMS 0x00000000a4000000| PB 0x00000000a4000000| Untracked 
|   5|0x00000000a5000000, 0x00000000a5000000, 0x00000000a6000000|  0%| F|  |TAMS 0x00000000a5000000| PB 0x00000000a5000000| Untracked 
|   6|0x00000000a6000000, 0x00000000a6000000, 0x00000000a7000000|  0%| F|  |TAMS 0x00000000a6000000| PB 0x00000000a6000000| Untracked 
|   7|0x00000000a7000000, 0x00000000a7000000, 0x00000000a8000000|  0%| F|  |TAMS 0x00000000a7000000| PB 0x00000000a7000000| Untracked 
|   8|0x00000000a8000000, 0x00000000a8000000, 0x00000000a9000000|  0%| F|  |TAMS 0x00000000a8000000| PB 0x00000000a8000000| Untracked 
|   9|0x00000000a9000000, 0x00000000a9000000, 0x00000000aa000000|  0%| F|  |TAMS 0x00000000a9000000| PB 0x00000000a9000000| Untracked 
|  10|0x00000000aa000000, 0x00000000aa000000, 0x00000000ab000000|  0%| F|  |TAMS 0x00000000aa000000| PB 0x00000000aa000000| Untracked 
|  11|0x00000000ab000000, 0x00000000ab000000, 0x00000000ac000000|  0%| F|  |TAMS 0x00000000ab000000| PB 0x00000000ab000000| Untracked 
|  12|0x00000000ac000000, 0x00000000ac000000, 0x00000000ad000000|  0%| F|  |TAMS 0x00000000ac000000| PB 0x00000000ac000000| Untracked 
|  13|0x00000000ad000000, 0x00000000ad000000, 0x00000000ae000000|  0%| F|  |TAMS 0x00000000ad000000| PB 0x00000000ad000000| Untracked 
|  14|0x00000000ae000000, 0x00000000ae000000, 0x00000000af000000|  0%| F|  |TAMS 0x00000000ae000000| PB 0x00000000ae000000| Untracked 
|  15|0x00000000af000000, 0x00000000af000000, 0x00000000b0000000|  0%| F|  |TAMS 0x00000000af000000| PB 0x00000000af000000| Untracked 
|  16|0x00000000b0000000, 0x00000000b0000000, 0x00000000b1000000|  0%| F|  |TAMS 0x00000000b0000000| PB 0x00000000b0000000| Untracked 
|  17|0x00000000b1000000, 0x00000000b1000000, 0x00000000b2000000|  0%| F|  |TAMS 0x00000000b1000000| PB 0x00000000b1000000| Untracked 
|  18|0x00000000b2000000, 0x00000000b2000000, 0x00000000b3000000|  0%| F|  |TAMS 0x00000000b2000000| PB 0x00000000b2000000| Untracked 
|  19|0x00000000b3000000, 0x00000000b3000000, 0x00000000b4000000|  0%| F|  |TAMS 0x00000000b3000000| PB 0x00000000b3000000| Untracked 
|  20|0x00000000b4000000, 0x00000000b4000000, 0x00000000b5000000|  0%| F|  |TAMS 0x00000000b4000000| PB 0x00000000b4000000| Untracked 
|  21|0x00000000b5000000, 0x00000000b5000000, 0x00000000b6000000|  0%| F|  |TAMS 0x00000000b5000000| PB 0x00000000b5000000| Untracked 
|  22|0x00000000b6000000, 0x00000000b6000000, 0x00000000b7000000|  0%| F|  |TAMS 0x00000000b6000000| PB 0x00000000b6000000| Untracked 
|  23|0x00000000b7000000, 0x00000000b7000000, 0x00000000b8000000|  0%| F|  |TAMS 0x00000000b7000000| PB 0x00000000b7000000| Untracked 
|  24|0x00000000b8000000, 0x00000000b8000000, 0x00000000b9000000|  0%| F|  |TAMS 0x00000000b8000000| PB 0x00000000b8000000| Untracked 
|  25|0x00000000b9000000, 0x00000000b9000000, 0x00000000ba000000|  0%| F|  |TAMS 0x00000000b9000000| PB 0x00000000b9000000| Untracked 
|  26|0x00000000ba000000, 0x00000000ba000000, 0x00000000bb000000|  0%| F|  |TAMS 0x00000000ba000000| PB 0x00000000ba000000| Untracked 
|  27|0x00000000bb000000, 0x00000000bb000000, 0x00000000bc000000|  0%| F|  |TAMS 0x00000000bb000000| PB 0x00000000bb000000| Untracked 
|  28|0x00000000bc000000, 0x00000000bc000000, 0x00000000bd000000|  0%| F|  |TAMS 0x00000000bc000000| PB 0x00000000bc000000| Untracked 
|  29|0x00000000bd000000, 0x00000000bd000000, 0x00000000be000000|  0%| F|  |TAMS 0x00000000bd000000| PB 0x00000000bd000000| Untracked 
|  30|0x00000000be000000, 0x00000000be000000, 0x00000000bf000000|  0%| F|  |TAMS 0x00000000be000000| PB 0x00000000be000000| Untracked 
|  31|0x00000000bf000000, 0x00000000bf000000, 0x00000000c0000000|  0%| F|  |TAMS 0x00000000bf000000| PB 0x00000000bf000000| Untracked 
|  32|0x00000000c0000000, 0x00000000c0000000, 0x00000000c1000000|  0%| F|  |TAMS 0x00000000c0000000| PB 0x00000000c0000000| Untracked 
|  33|0x00000000c1000000, 0x00000000c1000000, 0x00000000c2000000|  0%| F|  |TAMS 0x00000000c1000000| PB 0x00000000c1000000| Untracked 
|  34|0x00000000c2000000, 0x00000000c2000000, 0x00000000c3000000|  0%| F|  |TAMS 0x00000000c2000000| PB 0x00000000c2000000| Untracked 
|  35|0x00000000c3000000, 0x00000000c3000000, 0x00000000c4000000|  0%| F|  |TAMS 0x00000000c3000000| PB 0x00000000c3000000| Untracked 
|  36|0x00000000c4000000, 0x00000000c4000000, 0x00000000c5000000|  0%| F|  |TAMS 0x00000000c4000000| PB 0x00000000c4000000| Untracked 
|  37|0x00000000c5000000, 0x00000000c5000000, 0x00000000c6000000|  0%| F|  |TAMS 0x00000000c5000000| PB 0x00000000c5000000| Untracked 
|  38|0x00000000c6000000, 0x00000000c6000000, 0x00000000c7000000|  0%| F|  |TAMS 0x00000000c6000000| PB 0x00000000c6000000| Untracked 
|  39|0x00000000c7000000, 0x00000000c7000000, 0x00000000c8000000|  0%| F|  |TAMS 0x00000000c7000000| PB 0x00000000c7000000| Untracked 
|  40|0x00000000c8000000, 0x00000000c8000000, 0x00000000c9000000|  0%| F|  |TAMS 0x00000000c8000000| PB 0x00000000c8000000| Untracked 
|  41|0x00000000c9000000, 0x00000000c9000000, 0x00000000ca000000|  0%| F|  |TAMS 0x00000000c9000000| PB 0x00000000c9000000| Untracked 
|  42|0x00000000ca000000, 0x00000000ca000000, 0x00000000cb000000|  0%| F|  |TAMS 0x00000000ca000000| PB 0x00000000ca000000| Untracked 
|  43|0x00000000cb000000, 0x00000000cb000000, 0x00000000cc000000|  0%| F|  |TAMS 0x00000000cb000000| PB 0x00000000cb000000| Untracked 
|  44|0x00000000cc000000, 0x00000000cc000000, 0x00000000cd000000|  0%| F|  |TAMS 0x00000000cc000000| PB 0x00000000cc000000| Untracked 
|  45|0x00000000cd000000, 0x00000000cd000000, 0x00000000ce000000|  0%| F|  |TAMS 0x00000000cd000000| PB 0x00000000cd000000| Untracked 
|  46|0x00000000ce000000, 0x00000000ce000000, 0x00000000cf000000|  0%| F|  |TAMS 0x00000000ce000000| PB 0x00000000ce000000| Untracked 
|  47|0x00000000cf000000, 0x00000000cf000000, 0x00000000d0000000|  0%| F|  |TAMS 0x00000000cf000000| PB 0x00000000cf000000| Untracked 
|  48|0x00000000d0000000, 0x00000000d0000000, 0x00000000d1000000|  0%| F|  |TAMS 0x00000000d0000000| PB 0x00000000d0000000| Untracked 
|  49|0x00000000d1000000, 0x00000000d1000000, 0x00000000d2000000|  0%| F|  |TAMS 0x00000000d1000000| PB 0x00000000d1000000| Untracked 
|  50|0x00000000d2000000, 0x00000000d2000000, 0x00000000d3000000|  0%| F|  |TAMS 0x00000000d2000000| PB 0x00000000d2000000| Untracked 
|  51|0x00000000d3000000, 0x00000000d3000000, 0x00000000d4000000|  0%| F|  |TAMS 0x00000000d3000000| PB 0x00000000d3000000| Untracked 
|  52|0x00000000d4000000, 0x00000000d4000000, 0x00000000d5000000|  0%| F|  |TAMS 0x00000000d4000000| PB 0x00000000d4000000| Untracked 
|  53|0x00000000d5000000, 0x00000000d5000000, 0x00000000d6000000|  0%| F|  |TAMS 0x00000000d5000000| PB 0x00000000d5000000| Untracked 
|  54|0x00000000d6000000, 0x00000000d6000000, 0x00000000d7000000|  0%| F|  |TAMS 0x00000000d6000000| PB 0x00000000d6000000| Untracked 
|  55|0x00000000d7000000, 0x00000000d7000000, 0x00000000d8000000|  0%| F|  |TAMS 0x00000000d7000000| PB 0x00000000d7000000| Untracked 
|  56|0x00000000d8000000, 0x00000000d8000000, 0x00000000d9000000|  0%| F|  |TAMS 0x00000000d8000000| PB 0x00000000d8000000| Untracked 
|  57|0x00000000d9000000, 0x00000000d9000000, 0x00000000da000000|  0%| F|  |TAMS 0x00000000d9000000| PB 0x00000000d9000000| Untracked 
|  58|0x00000000da000000, 0x00000000da000000, 0x00000000db000000|  0%| F|  |TAMS 0x00000000da000000| PB 0x00000000da000000| Untracked 
|  59|0x00000000db000000, 0x00000000db000000, 0x00000000dc000000|  0%| F|  |TAMS 0x00000000db000000| PB 0x00000000db000000| Untracked 
|  60|0x00000000dc000000, 0x00000000dc000000, 0x00000000dd000000|  0%| F|  |TAMS 0x00000000dc000000| PB 0x00000000dc000000| Untracked 
|  61|0x00000000dd000000, 0x00000000dd000000, 0x00000000de000000|  0%| F|  |TAMS 0x00000000dd000000| PB 0x00000000dd000000| Untracked 
|  62|0x00000000de000000, 0x00000000de000000, 0x00000000df000000|  0%| F|  |TAMS 0x00000000de000000| PB 0x00000000de000000| Untracked 
|  63|0x00000000df000000, 0x00000000df000000, 0x00000000e0000000|  0%| F|  |TAMS 0x00000000df000000| PB 0x00000000df000000| Untracked 
|  64|0x00000000e0000000, 0x00000000e0000000, 0x00000000e1000000|  0%| F|  |TAMS 0x00000000e0000000| PB 0x00000000e0000000| Untracked 
|  65|0x00000000e1000000, 0x00000000e1000000, 0x00000000e2000000|  0%| F|  |TAMS 0x00000000e1000000| PB 0x00000000e1000000| Untracked 
|  66|0x00000000e2000000, 0x00000000e2000000, 0x00000000e3000000|  0%| F|  |TAMS 0x00000000e2000000| PB 0x00000000e2000000| Untracked 
|  67|0x00000000e3000000, 0x00000000e3000000, 0x00000000e4000000|  0%| F|  |TAMS 0x00000000e3000000| PB 0x00000000e3000000| Untracked 
|  68|0x00000000e4000000, 0x00000000e4000000, 0x00000000e5000000|  0%| F|  |TAMS 0x00000000e4000000| PB 0x00000000e4000000| Untracked 
|  69|0x00000000e5000000, 0x00000000e5000000, 0x00000000e6000000|  0%| F|  |TAMS 0x00000000e5000000| PB 0x00000000e5000000| Untracked 
|  70|0x00000000e6000000, 0x00000000e6000000, 0x00000000e7000000|  0%| F|  |TAMS 0x00000000e6000000| PB 0x00000000e6000000| Untracked 
|  71|0x00000000e7000000, 0x00000000e7000000, 0x00000000e8000000|  0%| F|  |TAMS 0x00000000e7000000| PB 0x00000000e7000000| Untracked 
|  72|0x00000000e8000000, 0x00000000e8000000, 0x00000000e9000000|  0%| F|  |TAMS 0x00000000e8000000| PB 0x00000000e8000000| Untracked 
|  73|0x00000000e9000000, 0x00000000e9000000, 0x00000000ea000000|  0%| F|  |TAMS 0x00000000e9000000| PB 0x00000000e9000000| Untracked 
|  74|0x00000000ea000000, 0x00000000ea000000, 0x00000000eb000000|  0%| F|  |TAMS 0x00000000ea000000| PB 0x00000000ea000000| Untracked 
|  75|0x00000000eb000000, 0x00000000eb000000, 0x00000000ec000000|  0%| F|  |TAMS 0x00000000eb000000| PB 0x00000000eb000000| Untracked 
|  76|0x00000000ec000000, 0x00000000ec000000, 0x00000000ed000000|  0%| F|  |TAMS 0x00000000ec000000| PB 0x00000000ec000000| Untracked 
|  77|0x00000000ed000000, 0x00000000ed000000, 0x00000000ee000000|  0%| F|  |TAMS 0x00000000ed000000| PB 0x00000000ed000000| Untracked 
|  78|0x00000000ee000000, 0x00000000ee000000, 0x00000000ef000000|  0%| F|  |TAMS 0x00000000ee000000| PB 0x00000000ee000000| Untracked 
|  79|0x00000000ef000000, 0x00000000ef000000, 0x00000000f0000000|  0%| F|  |TAMS 0x00000000ef000000| PB 0x00000000ef000000| Untracked 
|  80|0x00000000f0000000, 0x00000000f0000000, 0x00000000f1000000|  0%| F|  |TAMS 0x00000000f0000000| PB 0x00000000f0000000| Untracked 
|  81|0x00000000f1000000, 0x00000000f1000000, 0x00000000f2000000|  0%| F|  |TAMS 0x00000000f1000000| PB 0x00000000f1000000| Untracked 
|  82|0x00000000f2000000, 0x00000000f2000000, 0x00000000f3000000|  0%| F|  |TAMS 0x00000000f2000000| PB 0x00000000f2000000| Untracked 
|  83|0x00000000f3000000, 0x00000000f3000000, 0x00000000f4000000|  0%| F|  |TAMS 0x00000000f3000000| PB 0x00000000f3000000| Untracked 
|  84|0x00000000f4000000, 0x00000000f4000000, 0x00000000f5000000|  0%| F|  |TAMS 0x00000000f4000000| PB 0x00000000f4000000| Untracked 
|  85|0x00000000f5000000, 0x00000000f5000000, 0x00000000f6000000|  0%| F|  |TAMS 0x00000000f5000000| PB 0x00000000f5000000| Untracked 
|  86|0x00000000f6000000, 0x00000000f6000000, 0x00000000f7000000|  0%| F|  |TAMS 0x00000000f6000000| PB 0x00000000f6000000| Untracked 
|  87|0x00000000f7000000, 0x00000000f7000000, 0x00000000f8000000|  0%| F|  |TAMS 0x00000000f7000000| PB 0x00000000f7000000| Untracked 
|  88|0x00000000f8000000, 0x00000000f8000000, 0x00000000f9000000|  0%| F|  |TAMS 0x00000000f8000000| PB 0x00000000f8000000| Untracked 
|  89|0x00000000f9000000, 0x00000000f9000000, 0x00000000fa000000|  0%| F|  |TAMS 0x00000000f9000000| PB 0x00000000f9000000| Untracked 
|  90|0x00000000fa000000, 0x00000000fa000000, 0x00000000fb000000|  0%| F|  |TAMS 0x00000000fa000000| PB 0x00000000fa000000| Untracked 
|  91|0x00000000fb000000, 0x00000000fb000000, 0x00000000fc000000|  0%| F|  |TAMS 0x00000000fb000000| PB 0x00000000fb000000| Untracked 
|  92|0x00000000fc000000, 0x00000000fc000000, 0x00000000fd000000|  0%| F|  |TAMS 0x00000000fc000000| PB 0x00000000fc000000| Untracked 
|  93|0x00000000fd000000, 0x00000000fd000000, 0x00000000fe000000|  0%| F|  |TAMS 0x00000000fd000000| PB 0x00000000fd000000| Untracked 
|  94|0x00000000fe000000, 0x00000000fe000000, 0x00000000ff000000|  0%| F|  |TAMS 0x00000000fe000000| PB 0x00000000fe000000| Untracked 
|  95|0x00000000ff000000, 0x00000000ff000000, 0x0000000100000000|  0%| F|  |TAMS 0x00000000ff000000| PB 0x00000000ff000000| Untracked 
|  96|0x0000000100000000, 0x0000000100000000, 0x0000000101000000|  0%| F|  |TAMS 0x0000000100000000| PB 0x0000000100000000| Untracked 
|  97|0x0000000101000000, 0x0000000101000000, 0x0000000102000000|  0%| F|  |TAMS 0x0000000101000000| PB 0x0000000101000000| Untracked 
|  98|0x0000000102000000, 0x0000000102000000, 0x0000000103000000|  0%| F|  |TAMS 0x0000000102000000| PB 0x0000000102000000| Untracked 
|  99|0x0000000103000000, 0x0000000103000000, 0x0000000104000000|  0%| F|  |TAMS 0x0000000103000000| PB 0x0000000103000000| Untracked 
| 100|0x0000000104000000, 0x0000000104000000, 0x0000000105000000|  0%| F|  |TAMS 0x0000000104000000| PB 0x0000000104000000| Untracked 
| 101|0x0000000105000000, 0x0000000105000000, 0x0000000106000000|  0%| F|  |TAMS 0x0000000105000000| PB 0x0000000105000000| Untracked 
| 102|0x0000000106000000, 0x0000000106000000, 0x0000000107000000|  0%| F|  |TAMS 0x0000000106000000| PB 0x0000000106000000| Untracked 
| 103|0x0000000107000000, 0x0000000107000000, 0x0000000108000000|  0%| F|  |TAMS 0x0000000107000000| PB 0x0000000107000000| Untracked 
| 104|0x0000000108000000, 0x0000000108000000, 0x0000000109000000|  0%| F|  |TAMS 0x0000000108000000| PB 0x0000000108000000| Untracked 
| 105|0x0000000109000000, 0x0000000109000000, 0x000000010a000000|  0%| F|  |TAMS 0x0000000109000000| PB 0x0000000109000000| Untracked 
| 106|0x000000010a000000, 0x000000010a000000, 0x000000010b000000|  0%| F|  |TAMS 0x000000010a000000| PB 0x000000010a000000| Untracked 
| 107|0x000000010b000000, 0x000000010b000000, 0x000000010c000000|  0%| F|  |TAMS 0x000000010b000000| PB 0x000000010b000000| Untracked 
| 108|0x000000010c000000, 0x000000010c000000, 0x000000010d000000|  0%| F|  |TAMS 0x000000010c000000| PB 0x000000010c000000| Untracked 
| 109|0x000000010d000000, 0x000000010d000000, 0x000000010e000000|  0%| F|  |TAMS 0x000000010d000000| PB 0x000000010d000000| Untracked 
| 110|0x000000010e000000, 0x000000010e000000, 0x000000010f000000|  0%| F|  |TAMS 0x000000010e000000| PB 0x000000010e000000| Untracked 
| 111|0x000000010f000000, 0x000000010f000000, 0x0000000110000000|  0%| F|  |TAMS 0x000000010f000000| PB 0x000000010f000000| Untracked 
| 112|0x0000000110000000, 0x0000000110000000, 0x0000000111000000|  0%| F|  |TAMS 0x0000000110000000| PB 0x0000000110000000| Untracked 
| 113|0x0000000111000000, 0x0000000111000000, 0x0000000112000000|  0%| F|  |TAMS 0x0000000111000000| PB 0x0000000111000000| Untracked 
| 114|0x0000000112000000, 0x0000000112000000, 0x0000000113000000|  0%| F|  |TAMS 0x0000000112000000| PB 0x0000000112000000| Untracked 
| 115|0x0000000113000000, 0x0000000113000000, 0x0000000114000000|  0%| F|  |TAMS 0x0000000113000000| PB 0x0000000113000000| Untracked 
| 116|0x0000000114000000, 0x0000000114000000, 0x0000000115000000|  0%| F|  |TAMS 0x0000000114000000| PB 0x0000000114000000| Untracked 
| 117|0x0000000115000000, 0x0000000115000000, 0x0000000116000000|  0%| F|  |TAMS 0x0000000115000000| PB 0x0000000115000000| Untracked 
| 118|0x0000000116000000, 0x0000000116000000, 0x0000000117000000|  0%| F|  |TAMS 0x0000000116000000| PB 0x0000000116000000| Untracked 
| 119|0x0000000117000000, 0x0000000117000000, 0x0000000118000000|  0%| F|  |TAMS 0x0000000117000000| PB 0x0000000117000000| Untracked 
| 120|0x0000000118000000, 0x0000000118000000, 0x0000000119000000|  0%| F|  |TAMS 0x0000000118000000| PB 0x0000000118000000| Untracked 
| 121|0x0000000119000000, 0x0000000119000000, 0x000000011a000000|  0%| F|  |TAMS 0x0000000119000000| PB 0x0000000119000000| Untracked 
| 122|0x000000011a000000, 0x000000011a000000, 0x000000011b000000|  0%| F|  |TAMS 0x000000011a000000| PB 0x000000011a000000| Untracked 
| 123|0x000000011b000000, 0x000000011b000000, 0x000000011c000000|  0%| F|  |TAMS 0x000000011b000000| PB 0x000000011b000000| Untracked 
| 124|0x000000011c000000, 0x000000011c000000, 0x000000011d000000|  0%| F|  |TAMS 0x000000011c000000| PB 0x000000011c000000| Untracked 
| 125|0x000000011d000000, 0x000000011d000000, 0x000000011e000000|  0%| F|  |TAMS 0x000000011d000000| PB 0x000000011d000000| Untracked 
| 126|0x000000011e000000, 0x000000011e000000, 0x000000011f000000|  0%| F|  |TAMS 0x000000011e000000| PB 0x000000011e000000| Untracked 
| 127|0x000000011f000000, 0x000000011f5c2998, 0x0000000120000000| 36%| E|  |TAMS 0x000000011f000000| PB 0x000000011f000000| Complete 
|1886|0x00000007fe000000, 0x00000007fef79000, 0x00000007ff000000| 96%|OA|  |TAMS 0x00000007fe000000| PB 0x00000007fe000000| Untracked 
|1887|0x00000007ff000000, 0x00000007ff082000, 0x0000000800000000|  3%|CA|  |TAMS 0x00000007ff000000| PB 0x00000007ff000000| Untracked 

Card table byte_map: [0x000014da55800000,0x000014da59300000] _byte_map_base: 0x000014da55300000

Marking Bits: (CMBitMap*) 0x000014da7405eb90
 Bits: [0x000014da34400000, 0x000014da51c00000)

Polling page: 0x000014da7afea000

Metaspace:

Usage:
  Non-class:     75.62 KB used.
      Class:      2.02 KB used.
       Both:     77.64 KB used.

Virtual space:
  Non-class space:       64.00 MB reserved,     128.00 KB ( <1%) committed,  1 nodes.
      Class space:        1.00 GB reserved,      64.00 KB ( <1%) committed,  1 nodes.
             Both:        1.06 GB reserved,     192.00 KB ( <1%) committed. 

Chunk freelists:
   Non-Class:  0 bytes
       Class:  3.75 MB
        Both:  3.75 MB

MaxMetaspaceSize: unlimited
CompressedClassSpaceSize: 1.00 GB
Initial GC threshold: 21.00 MB
Current GC threshold: 21.00 MB
CDS: on
MetaspaceReclaimPolicy: balanced
 - commit_granule_bytes: 65536.
 - commit_granule_words: 8192.
 - virtual_space_node_default_size: 8388608.
 - enlarge_chunks_in_place: 1.
 - new_chunks_are_fully_committed: 0.
 - uncommit_free_chunks: 1.
 - use_allocation_guard: 0.


Internal statistics:

num_allocs_failed_limit: 0.
num_arena_births: 2.
num_arena_deaths: 0.
num_vsnodes_births: 2.
num_vsnodes_deaths: 0.
num_space_committed: 3.
num_space_uncommitted: 0.
num_chunks_returned_to_freelist: 0.
num_chunks_taken_from_freelist: 3.
num_chunk_merges: 0.
num_chunk_splits: 1.
num_chunks_enlarged: 0.
num_inconsistent_stats: 0.

CodeHeap 'non-profiled nmethods': size=120036Kb used=8Kb max_used=8Kb free=120027Kb
 bounds [0x000014da648c7000, 0x000014da64b37000, 0x000014da6be00000]
CodeHeap 'profiled nmethods': size=120032Kb used=32Kb max_used=32Kb free=119999Kb
 bounds [0x000014da5ce00000, 0x000014da5d070000, 0x000014da64338000]
CodeHeap 'non-nmethods': size=5692Kb used=1204Kb max_used=1204Kb free=4487Kb
 bounds [0x000014da64338000, 0x000014da645a8000, 0x000014da648c7000]
 total_blobs=310 nmethods=25 adapters=197
 compilation: enabled
              stopped_count=0, restarted_count=0
 full_count=0

Compilation events (7 events):
Event: 0.040 Thread 0x000014da741259e0    3       3       java.util.ImmutableCollections$SetN$SetNIterator::next (90 bytes)
Event: 0.041 Thread 0x000014da741259e0 nmethod 3 0x000014da5ce00010 code [0x000014da5ce001c0, 0x000014da5ce004d0]
Event: 0.041 Thread 0x000014da741259e0    9   !   3       java.util.concurrent.ConcurrentHashMap::putVal (432 bytes)
Event: 0.045 Thread 0x000014da741259e0 nmethod 9 0x000014da5ce00610 code [0x000014da5ce00960, 0x000014da5ce024e8]
Event: 0.045 Thread 0x000014da741259e0   20       3       java.util.HashMap::hash (20 bytes)
Event: 0.045 Thread 0x000014da741259e0 nmethod 20 0x000014da5ce02e90 code [0x000014da5ce03020, 0x000014da5ce03220]
Event: 0.045 Thread 0x000014da741259e0   24       3       java.util.HashMap::putVal (300 bytes)

GC Heap History (0 events):
No events

Dll operation events (2 events):
Event: 0.004 Loaded shared library /opt/apps/oracle-java/20.0.1/lib/libjava.so
Event: 0.022 Loaded shared library /opt/apps/oracle-java/20.0.1/lib/libjsvml.so

Deoptimization events (0 events):
No events

Classes loaded (2 events):
Event: 0.029 Loading class sun/nio/cs/UTF_8$Encoder
Event: 0.029 Loading class sun/nio/cs/UTF_8$Encoder done

Classes unloaded (0 events):
No events

Classes redefined (0 events):
No events

Internal exceptions (0 events):
No events

VM Operations (0 events):
No events

Events (16 events):
Event: 0.003 Protecting memory [0x000014da79786000,0x000014da7978a000] with protection modes 0
Event: 0.022 Thread 0x000014da7402b470 Thread added: 0x000014da7402b470
Event: 0.031 Thread 0x000014da7411d1c0 Thread added: 0x000014da7411d1c0
Event: 0.031 Protecting memory [0x000014da51c00000,0x000014da51c04000] with protection modes 0
Event: 0.031 Thread 0x000014da7411e700 Thread added: 0x000014da7411e700
Event: 0.032 Thread 0x000014da741200d0 Thread added: 0x000014da741200d0
Event: 0.032 Protecting memory [0x000014da340fe000,0x000014da34102000] with protection modes 0
Event: 0.032 Protecting memory [0x000014da341fe000,0x000014da34202000] with protection modes 0
Event: 0.032 Thread 0x000014da74121570 Thread added: 0x000014da74121570
Event: 0.032 Protecting memory [0x000014da2df00000,0x000014da2df04000] with protection modes 0
Event: 0.032 Thread 0x000014da74122a00 Thread added: 0x000014da74122a00
Event: 0.032 Protecting memory [0x000014da2de00000,0x000014da2de04000] with protection modes 0
Event: 0.032 Thread 0x000014da74124430 Thread added: 0x000014da74124430
Event: 0.032 Protecting memory [0x000014da2dd00000,0x000014da2dd04000] with protection modes 0
Event: 0.033 Thread 0x000014da741259e0 Thread added: 0x000014da741259e0
Event: 0.039 Protecting memory [0x000014da2dc00000,0x000014da2dc04000] with protection modes 0


Dynamic libraries:
a0000000-120000000 rw-p 00000000 00:00 0 
120000000-7fe000000 ---p 00000000 00:00 0 
7fe000000-7fef00000 rw-p 00000000 00:00 0 
7fef00000-7fef79000 rw-p 00d34000 00:32 2690282609                       /opt/apps/oracle-java/20.0.1/lib/server/classes.jsa
7fef79000-7ff000000 rw-p 00000000 00:00 0 
7ff000000-7ff082000 rw-p 00cb2000 00:32 2690282609                       /opt/apps/oracle-java/20.0.1/lib/server/classes.jsa
7ff082000-800000000 rw-p 00000000 00:00 0 
800000000-800481000 rw-p 00001000 00:32 2690282609                       /opt/apps/oracle-java/20.0.1/lib/server/classes.jsa
800481000-800c75000 r--p 00482000 00:32 2690282609                       /opt/apps/oracle-java/20.0.1/lib/server/classes.jsa
800c75000-801040000 ---p 00000000 00:00 0 
801040000-801050000 rw-p 00000000 00:00 0 
801050000-841000000 ---p 00000000 00:00 0 
14d9e4000000-14d9e405c000 rw-p 00000000 00:00 0 
14d9e405c000-14d9e8000000 ---p 00000000 00:00 0 
14d9e8000000-14d9e8066000 rw-p 00000000 00:00 0 
14d9e8066000-14d9ec000000 ---p 00000000 00:00 0 
14d9f0000000-14d9f0021000 rw-p 00000000 00:00 0 
14d9f0021000-14d9f4000000 ---p 00000000 00:00 0 
14d9f4000000-14d9f4021000 rw-p 00000000 00:00 0 
14d9f4021000-14d9f8000000 ---p 00000000 00:00 0 
14d9fc000000-14d9fc021000 rw-p 00000000 00:00 0 
14d9fc021000-14da00000000 ---p 00000000 00:00 0 
14da00000000-14da00021000 rw-p 00000000 00:00 0 
14da00021000-14da04000000 ---p 00000000 00:00 0 
14da08000000-14da08021000 rw-p 00000000 00:00 0 
14da08021000-14da0c000000 ---p 00000000 00:00 0 
14da0c000000-14da0c021000 rw-p 00000000 00:00 0 
14da0c021000-14da10000000 ---p 00000000 00:00 0 
14da14000000-14da14020000 rw-p 00000000 00:00 0 
14da14020000-14da18000000 ---p 00000000 00:00 0 
14da18000000-14da18021000 rw-p 00000000 00:00 0 
14da18021000-14da1c000000 ---p 00000000 00:00 0 
14da1c000000-14da1c021000 rw-p 00000000 00:00 0 
14da1c021000-14da20000000 ---p 00000000 00:00 0 
14da24000000-14da24021000 rw-p 00000000 00:00 0 
14da24021000-14da28000000 ---p 00000000 00:00 0 
14da28000000-14da28021000 rw-p 00000000 00:00 0 
14da28021000-14da2c000000 ---p 00000000 00:00 0 
14da2d814000-14da2dc00000 rw-p 00000000 00:00 0 
14da2dc00000-14da2dc04000 ---p 00000000 00:00 0 
14da2dc04000-14da2dd00000 rw-p 00000000 00:00 0 
14da2dd00000-14da2dd04000 ---p 00000000 00:00 0 
14da2dd04000-14da2de00000 rw-p 00000000 00:00 0 
14da2de00000-14da2de04000 ---p 00000000 00:00 0 
14da2de04000-14da2df00000 rw-p 00000000 00:00 0 
14da2df00000-14da2df04000 ---p 00000000 00:00 0 
14da2df04000-14da2e000000 rw-p 00000000 00:00 0 
14da2e000000-14da30021000 rw-p 00000000 00:00 0 
14da30021000-14da34000000 ---p 00000000 00:00 0 
14da340fe000-14da34102000 ---p 00000000 00:00 0 
14da34102000-14da341fe000 rw-p 00000000 00:00 0 
14da341fe000-14da34202000 ---p 00000000 00:00 0 
14da34202000-14da342fe000 rw-p 00000000 00:00 0 
14da342fe000-14da342ff000 ---p 00000000 00:00 0 
14da342ff000-14da34400000 rw-p 00000000 00:00 0 
14da34400000-14da36400000 rw-p 00000000 00:00 0 
14da36400000-14da51b80000 ---p 00000000 00:00 0 
14da51b80000-14da51c00000 rw-p 00000000 00:00 0 
14da51c00000-14da51c04000 ---p 00000000 00:00 0 
14da51c04000-14da51d00000 rw-p 00000000 00:00 0 
14da51d00000-14da52100000 rw-p 00000000 00:00 0 
14da52100000-14da557f0000 ---p 00000000 00:00 0 
14da557f0000-14da55c00000 rw-p 00000000 00:00 0 
14da55c00000-14da592f0000 ---p 00000000 00:00 0 
14da592f0000-14da59700000 rw-p 00000000 00:00 0 
14da59700000-14da5cdf0000 ---p 00000000 00:00 0 
14da5cdf0000-14da5ce00000 rw-p 00000000 00:00 0 
14da5ce00000-14da5d070000 rwxp 00000000 00:00 0 
14da5d070000-14da64338000 ---p 00000000 00:00 0 
14da64338000-14da645a8000 rwxp 00000000 00:00 0 
14da645a8000-14da648c7000 ---p 00000000 00:00 0 
14da648c7000-14da64b37000 rwxp 00000000 00:00 0 
14da64b37000-14da6be00000 ---p 00000000 00:00 0 
14da6be89000-14da6bede000 r--p 00000000 fd:00 1610677145                 /usr/lib/locale/C.utf8/LC_CTYPE
14da6bede000-14da74000000 r--s 00000000 00:32 1075234354                 /opt/apps/oracle-java/20.0.1/lib/modules
14da74000000-14da74179000 rw-p 00000000 00:00 0 
14da74179000-14da78000000 ---p 00000000 00:00 0 
14da78006000-14da780d4000 r-xp 00000000 00:32 1075234338                 /opt/apps/oracle-java/20.0.1/lib/libjsvml.so
14da780d4000-14da780d5000 r--p 000cd000 00:32 1075234338                 /opt/apps/oracle-java/20.0.1/lib/libjsvml.so
14da780d5000-14da780d6000 rw-p 000ce000 00:32 1075234338                 /opt/apps/oracle-java/20.0.1/lib/libjsvml.so
14da780d6000-14da781f3000 rw-p 00000000 00:00 0 
14da7822f000-14da78230000 ---p 00000000 00:00 0 
14da78230000-14da78331000 rw-p 00000000 00:00 0 
14da78331000-14da78332000 ---p 00000000 00:00 0 
14da78332000-14da78433000 rw-p 00000000 00:00 0 
14da78433000-14da78635000 rw-p 00000000 00:00 0 
14da78635000-14da78636000 ---p 00000000 00:00 0 
14da78636000-14da78737000 rw-p 00000000 00:00 0 
14da78737000-14da78738000 ---p 00000000 00:00 0 
14da78738000-14da78839000 rw-p 00000000 00:00 0 
14da78839000-14da7883a000 ---p 00000000 00:00 0 
14da7883a000-14da7893b000 rw-p 00000000 00:00 0 
14da7893b000-14da78c2f000 rw-p 00000000 00:00 0 
14da78c2f000-14da78d15000 ---p 00000000 00:00 0 
14da78d15000-14da78d1a000 rw-p 00000000 00:00 0 
14da78d1a000-14da78e00000 ---p 00000000 00:00 0 
14da78e00000-14da796d4000 r--s 00000000 fd:00 1611280658                 /var/lib/sss/mc/passwd
14da7970f000-14da79786000 rw-p 00000000 00:00 0 
14da79786000-14da7978a000 ---p 00000000 00:00 0 
14da7978a000-14da79886000 rw-p 00000000 00:00 0 
14da79886000-14da7aaa2000 r-xp 00000000 00:32 2690282612                 /opt/apps/oracle-java/20.0.1/lib/server/libjvm.so
14da7aaa2000-14da7ab6c000 r--p 0121b000 00:32 2690282612                 /opt/apps/oracle-java/20.0.1/lib/server/libjvm.so
14da7ab6c000-14da7aba1000 rw-p 012e5000 00:32 2690282612                 /opt/apps/oracle-java/20.0.1/lib/server/libjvm.so
14da7aba1000-14da7ac00000 rw-p 00000000 00:00 0 
14da7ac00000-14da7ac29000 r--p 00000000 fd:00 169478                     /usr/lib64/libc.so.6
14da7ac29000-14da7ad9e000 r-xp 00029000 fd:00 169478                     /usr/lib64/libc.so.6
14da7ad9e000-14da7adf6000 r--p 0019e000 fd:00 169478                     /usr/lib64/libc.so.6
14da7adf6000-14da7adfa000 r--p 001f6000 fd:00 169478                     /usr/lib64/libc.so.6
14da7adfa000-14da7adfc000 rw-p 001fa000 fd:00 169478                     /usr/lib64/libc.so.6
14da7adfc000-14da7ae09000 rw-p 00000000 00:00 0 
14da7ae14000-14da7ae15000 r--p 00000000 fd:00 1610677150                 /usr/lib/locale/C.utf8/LC_NUMERIC
14da7ae15000-14da7ae16000 r--p 00000000 fd:00 1610677153                 /usr/lib/locale/C.utf8/LC_TIME
14da7ae16000-14da7ae1d000 r--s 00000000 fd:00 1075287776                 /usr/lib64/gconv/gconv-modules.cache
14da7ae1d000-14da7ae5c000 rw-p 00000000 00:00 0 
14da7ae5c000-14da7ae82000 r-xp 00000000 00:32 1075234330                 /opt/apps/oracle-java/20.0.1/lib/libjava.so
14da7ae82000-14da7ae83000 ---p 00026000 00:32 1075234330                 /opt/apps/oracle-java/20.0.1/lib/libjava.so
14da7ae83000-14da7ae84000 r--p 00026000 00:32 1075234330                 /opt/apps/oracle-java/20.0.1/lib/libjava.so
14da7ae84000-14da7ae85000 rw-p 00027000 00:32 1075234330                 /opt/apps/oracle-java/20.0.1/lib/libjava.so
14da7ae85000-14da7ae86000 rw-p 00000000 00:00 0 
14da7ae86000-14da7ae88000 r--p 00000000 fd:00 169914                     /usr/lib64/libnss_sss.so.2
14da7ae88000-14da7ae90000 r-xp 00002000 fd:00 169914                     /usr/lib64/libnss_sss.so.2
14da7ae90000-14da7ae92000 r--p 0000a000 fd:00 169914                     /usr/lib64/libnss_sss.so.2
14da7ae92000-14da7ae93000 r--p 0000b000 fd:00 169914                     /usr/lib64/libnss_sss.so.2
14da7ae93000-14da7ae94000 rw-p 0000c000 fd:00 169914                     /usr/lib64/libnss_sss.so.2
14da7ae94000-14da7ae95000 r--p 00000000 fd:00 1610677144                 /usr/lib/locale/C.utf8/LC_COLLATE
14da7ae95000-14da7ae96000 r--p 00000000 fd:00 1610677148                 /usr/lib/locale/C.utf8/LC_MONETARY
14da7ae96000-14da7ae97000 r--p 00000000 fd:00 28652                      /usr/lib/locale/C.utf8/LC_MESSAGES/SYS_LC_MESSAGES
14da7ae97000-14da7ae98000 r--p 00000000 fd:00 1610677151                 /usr/lib/locale/C.utf8/LC_PAPER
14da7ae98000-14da7ae9d000 rw-p 00000000 00:00 0 
14da7ae9d000-14da7aea4000 ---p 00000000 00:00 0 
14da7aea4000-14da7aebf000 r-xp 00000000 00:32 1075234334                 /opt/apps/oracle-java/20.0.1/lib/libjimage.so
14da7aebf000-14da7aec0000 ---p 0001b000 00:32 1075234334                 /opt/apps/oracle-java/20.0.1/lib/libjimage.so
14da7aec0000-14da7aec2000 r--p 0001b000 00:32 1075234334                 /opt/apps/oracle-java/20.0.1/lib/libjimage.so
14da7aec2000-14da7aec3000 rw-p 0001d000 00:32 1075234334                 /opt/apps/oracle-java/20.0.1/lib/libjimage.so
14da7aec3000-14da7aed0000 r--p 00000000 fd:00 169835                     /usr/lib64/libm.so.6
14da7aed0000-14da7af40000 r-xp 0000d000 fd:00 169835                     /usr/lib64/libm.so.6
14da7af40000-14da7af9c000 r--p 0007d000 fd:00 169835                     /usr/lib64/libm.so.6
14da7af9c000-14da7af9d000 r--p 000d8000 fd:00 169835                     /usr/lib64/libm.so.6
14da7af9d000-14da7af9e000 rw-p 000d9000 fd:00 169835                     /usr/lib64/libm.so.6
14da7af9e000-14da7af9f000 r--p 00000000 fd:00 170046                     /usr/lib64/librt.so.1
14da7af9f000-14da7afa0000 r-xp 00001000 fd:00 170046                     /usr/lib64/librt.so.1
14da7afa0000-14da7afa1000 r--p 00002000 fd:00 170046                     /usr/lib64/librt.so.1
14da7afa1000-14da7afa2000 r--p 00002000 fd:00 170046                     /usr/lib64/librt.so.1
14da7afa2000-14da7afa3000 rw-p 00003000 fd:00 170046                     /usr/lib64/librt.so.1
14da7afa3000-14da7afa8000 rw-p 00000000 00:00 0 
14da7afa8000-14da7afa9000 r--p 00000000 fd:00 169553                     /usr/lib64/libdl.so.2
14da7afa9000-14da7afaa000 r-xp 00001000 fd:00 169553                     /usr/lib64/libdl.so.2
14da7afaa000-14da7afab000 r--p 00002000 fd:00 169553                     /usr/lib64/libdl.so.2
14da7afab000-14da7afac000 r--p 00002000 fd:00 169553                     /usr/lib64/libdl.so.2
14da7afac000-14da7afad000 rw-p 00003000 fd:00 169553                     /usr/lib64/libdl.so.2
14da7afad000-14da7afae000 r--p 00000000 fd:00 170015                     /usr/lib64/libpthread.so.0
14da7afae000-14da7afaf000 r-xp 00001000 fd:00 170015                     /usr/lib64/libpthread.so.0
14da7afaf000-14da7afb0000 r--p 00002000 fd:00 170015                     /usr/lib64/libpthread.so.0
14da7afb0000-14da7afb1000 r--p 00002000 fd:00 170015                     /usr/lib64/libpthread.so.0
14da7afb1000-14da7afb2000 rw-p 00003000 fd:00 170015                     /usr/lib64/libpthread.so.0
14da7afb2000-14da7afc0000 r-xp 00000000 00:32 1075234335                 /opt/apps/oracle-java/20.0.1/lib/libjli.so
14da7afc0000-14da7afc1000 ---p 0000e000 00:32 1075234335                 /opt/apps/oracle-java/20.0.1/lib/libjli.so
14da7afc1000-14da7afc2000 r--p 0000e000 00:32 1075234335                 /opt/apps/oracle-java/20.0.1/lib/libjli.so
14da7afc2000-14da7afc3000 rw-p 0000f000 00:32 1075234335                 /opt/apps/oracle-java/20.0.1/lib/libjli.so
14da7afc3000-14da7afc6000 r--p 00000000 fd:00 170262                     /usr/lib64/libz.so.1.2.11
14da7afc6000-14da7afd4000 r-xp 00003000 fd:00 170262                     /usr/lib64/libz.so.1.2.11
14da7afd4000-14da7afda000 r--p 00011000 fd:00 170262                     /usr/lib64/libz.so.1.2.11
14da7afda000-14da7afdb000 ---p 00017000 fd:00 170262                     /usr/lib64/libz.so.1.2.11
14da7afdb000-14da7afdc000 r--p 00017000 fd:00 170262                     /usr/lib64/libz.so.1.2.11
14da7afdc000-14da7afdd000 rw-p 00000000 00:00 0 
14da7afdd000-14da7afde000 r--p 00000000 fd:00 1610677149                 /usr/lib/locale/C.utf8/LC_NAME
14da7afde000-14da7afdf000 r--p 00000000 fd:00 1610677143                 /usr/lib/locale/C.utf8/LC_ADDRESS
14da7afdf000-14da7afe0000 r--p 00000000 fd:00 1610677152                 /usr/lib/locale/C.utf8/LC_TELEPHONE
14da7afe0000-14da7afe1000 r--p 00000000 fd:00 1610677147                 /usr/lib/locale/C.utf8/LC_MEASUREMENT
14da7afe1000-14da7afe2000 r--p 00000000 fd:00 1610677146                 /usr/lib/locale/C.utf8/LC_IDENTIFICATION
14da7afe2000-14da7afea000 rw-s 00000000 fd:00 4177728                    /tmp/hsperfdata_mmontante/1150753
14da7afea000-14da7afeb000 ---p 00000000 00:00 0 
14da7afeb000-14da7afec000 r--p 00000000 00:00 0 
14da7afec000-14da7afed000 ---p 00000000 00:00 0 
14da7afed000-14da7afef000 rw-p 00000000 00:00 0 
14da7afef000-14da7aff1000 r--p 00000000 fd:00 144996                     /usr/lib64/ld-linux-x86-64.so.2
14da7aff1000-14da7b019000 r-xp 00002000 fd:00 144996                     /usr/lib64/ld-linux-x86-64.so.2
14da7b019000-14da7b025000 r--p 0002a000 fd:00 144996                     /usr/lib64/ld-linux-x86-64.so.2
14da7b025000-14da7b027000 r--p 00036000 fd:00 144996                     /usr/lib64/ld-linux-x86-64.so.2
14da7b027000-14da7b029000 rw-p 00038000 fd:00 144996                     /usr/lib64/ld-linux-x86-64.so.2
5654704d5000-5654704d6000 r-xp 00000000 00:32 8601814240                 /opt/apps/oracle-java/20.0.1/bin/java
5654704d7000-5654704d8000 r--p 00001000 00:32 8601814240                 /opt/apps/oracle-java/20.0.1/bin/java
5654704d8000-5654704d9000 rw-p 00002000 00:32 8601814240                 /opt/apps/oracle-java/20.0.1/bin/java
5654722f7000-56547233d000 rw-p 00000000 00:00 0                          [heap]
7ffd5082a000-7ffd5084d000 rw-p 00000000 00:00 0                          [stack]
7ffd508b6000-7ffd508ba000 r--p 00000000 00:00 0                          [vvar]
7ffd508ba000-7ffd508bc000 r-xp 00000000 00:00 0                          [vdso]
ffffffffff600000-ffffffffff601000 --xp 00000000 00:00 0                  [vsyscall]


VM Arguments:
jvm_args: --add-opens=java.base/java.lang=ALL-UNNAMED --add-opens=java.base/java.io=ALL-UNNAMED --add-opens=java.base/java.nio=ALL-UNNAMED --add-opens=java.base/java.net=ALL-UNNAMED --add-opens=java.base/java.util=ALL-UNNAMED --add-opens=java.base/java.util.concurrent.locks=ALL-UNNAMED --add-opens=java.base/java.util.concurrent.atomic=ALL-UNNAMED --add-opens=java.base/java.nio.file.spi=ALL-UNNAMED --add-opens=java.base/sun.nio.ch=ALL-UNNAMED --add-opens=java.base/sun.nio.fs=ALL-UNNAMED --add-opens=java.base/sun.net.www.protocol.http=ALL-UNNAMED --add-opens=java.base/sun.net.www.protocol.https=ALL-UNNAMED --add-opens=java.base/sun.net.www.protocol.ftp=ALL-UNNAMED --add-opens=java.base/sun.net.www.protocol.file=ALL-UNNAMED --add-opens=java.base/jdk.internal.misc=ALL-UNNAMED --add-opens=java.base/jdk.internal.vm=ALL-UNNAMED --add-opens=java.base/java.util.regex=ALL-UNNAMED -Dfile.encoding=UTF-8 -Dcapsule.trampoline -Dcapsule.java.cmd=/opt/apps/oracle-java/20.0.1/bin/java -Dcom.sun.security.enableAIAcaIssuers=true -Djava.awt.headless=true -Djava.io.tmpdir=/tmp 
java_command: /home/mmontante/.nextflow/framework/25.10.4/nextflow-25.10.4-one.jar run main.nf -entry COMETS -profile comets -resume
java_class_path (initial): /home/mmontante/.nextflow/framework/25.10.4/nextflow-25.10.4-one.jar
Launcher Type: SUN_STANDARD

[Global flags]
     intx CICompilerCount                          = 2                                         {product} {ergonomic}
     uint ConcGCThreads                            = 1                                         {product} {ergonomic}
     uint G1ConcRefinementThreads                  = 2                                         {product} {ergonomic}
   size_t G1HeapRegionSize                         = 16777216                                  {product} {ergonomic}
    uintx GCDrainStackTargetSize                   = 64                                        {product} {ergonomic}
   size_t InitialHeapSize                          = 2147483648                                {product} {ergonomic}
   size_t MarkStackSize                            = 4194304                                   {product} {ergonomic}
   size_t MaxHeapSize                              = 31675383808                               {product} {ergonomic}
   size_t MaxNewSize                               = 18991808512                               {product} {ergonomic}
   size_t MinHeapDeltaBytes                        = 16777216                                  {product} {ergonomic}
   size_t MinHeapSize                              = 16777216                                  {product} {ergonomic}
    uintx NonNMethodCodeHeapSize                   = 5826188                                {pd product} {ergonomic}
    uintx NonProfiledCodeHeapSize                  = 122916026                              {pd product} {ergonomic}
    uintx ProfiledCodeHeapSize                     = 122916026                              {pd product} {ergonomic}
    uintx ReservedCodeCacheSize                    = 251658240                              {pd product} {ergonomic}
     bool SegmentedCodeCache                       = true                                      {product} {ergonomic}
   size_t SoftMaxHeapSize                          = 31675383808                            {manageable} {ergonomic}
     bool UseCompressedClassPointers               = true                           {product lp64_product} {ergonomic}
     bool UseCompressedOops                        = true                           {product lp64_product} {ergonomic}
     bool UseG1GC                                  = true                                      {product} {ergonomic}

Logging:
Log output configuration:
 #0: stdout all=warning uptime,level,tags foldmultilines=false
 #1: stderr all=off uptime,level,tags foldmultilines=false

Environment Variables:
JAVA_HOME=/opt/apps/oracle-java/20.0.1
PATH=/opt/apps/oracle-java/20.0.1/bin:/opt/apps/nextflow/25.10.4:/mnt/data/sur/modules/pkgs/mamba/main/condabin:/home/mmontante/.local/bin:/home/mmontante/bin:/usr/local/bin:/usr/bin:/usr/local/sbin:/usr/sbin
LD_LIBRARY_PATH=/opt/apps/oracle-java/20.0.1/lib:/opt/apps/nextflow/25.10.4/lib
SHELL=/bin/bash
LANG=C.UTF-8
TERM=xterm-256color
TMPDIR=/tmp

Active Locale:
LC_ALL=C.UTF-8
LC_COLLATE=C.UTF-8
LC_CTYPE=C.UTF-8
LC_MESSAGES=C.UTF-8
LC_MONETARY=C.UTF-8
LC_NUMERIC=C.UTF-8
LC_TIME=C.UTF-8

Signal Handlers:
   SIGSEGV: crash_handler in libjvm.so, mask=11100100010111111101111111111110, flags=SA_RESTART|SA_SIGINFO, unblocked
    SIGBUS: crash_handler in libjvm.so, mask=11100100010111111101111111111110, flags=SA_RESTART|SA_SIGINFO, unblocked
    SIGFPE: crash_handler in libjvm.so, mask=11100100010111111101111111111110, flags=SA_RESTART|SA_SIGINFO, unblocked
   SIGPIPE: javaSignalHandler in libjvm.so, mask=11100100010111111101111111111110, flags=SA_RESTART|SA_SIGINFO, blocked
   SIGXFSZ: javaSignalHandler in libjvm.so, mask=11100100010111111101111111111110, flags=SA_RESTART|SA_SIGINFO, blocked
    SIGILL: crash_handler in libjvm.so, mask=11100100010111111101111111111110, flags=SA_RESTART|SA_SIGINFO, unblocked
   SIGUSR2: SR_handler in libjvm.so, mask=00000000000000000000000000000000, flags=SA_RESTART|SA_SIGINFO, blocked
    SIGHUP: UserHandler in libjvm.so, mask=11100100010111111101111111111110, flags=SA_RESTART|SA_SIGINFO, blocked
    SIGINT: UserHandler in libjvm.so, mask=11100100010111111101111111111110, flags=SA_RESTART|SA_SIGINFO, blocked
   SIGTERM: UserHandler in libjvm.so, mask=11100100010111111101111111111110, flags=SA_RESTART|SA_SIGINFO, blocked
   SIGQUIT: UserHandler in libjvm.so, mask=11100100010111111101111111111110, flags=SA_RESTART|SA_SIGINFO, blocked
   SIGTRAP: crash_handler in libjvm.so, mask=11100100010111111101111111111110, flags=SA_RESTART|SA_SIGINFO, unblocked


---------------  S Y S T E M  ---------------

OS:
Rocky Linux release 9.7 (Blue Onyx)
uname: Linux 5.14.0-611.54.1.el9_7.x86_64 #1 SMP PREEMPT_DYNAMIC Tue May 5 16:52:47 UTC 2026 x86_64
OS uptime: 59 days 3:28 hours
libc: glibc 2.34 NPTL 2.34 
rlimit (soft/hard): STACK infinity/infinity , CORE infinity/infinity , NPROC 61493/1029539 , NOFILE 131072/131072 , AS infinity/infinity , CPU infinity/infinity , DATA infinity/infinity , FSIZE infinity/infinity , MEMLOCK infinity/infinity
load average: 21.38 21.47 21.51

/proc/meminfo:
MemTotal:       263886960 kB
MemFree:        17548452 kB
MemAvailable:   225936556 kB
Buffers:             664 kB
Cached:         206628372 kB
SwapCached:            0 kB
Active:         45502220 kB
Inactive:       192451096 kB
Active(anon):   31620964 kB
Inactive(anon):   255676 kB
Active(file):   13881256 kB
Inactive(file): 192195420 kB
Unevictable:           0 kB
Mlocked:               0 kB
SwapTotal:             0 kB
SwapFree:              0 kB
Zswap:                 0 kB
Zswapped:              0 kB
Dirty:               120 kB
Writeback:             4 kB
AnonPages:      28965060 kB
Mapped:           978108 kB
Shmem:            552360 kB
KReclaimable:    4159472 kB
Slab:            4970452 kB
SReclaimable:    4159472 kB
SUnreclaim:       810980 kB
KernelStack:       28832 kB
PageTables:        90872 kB
SecPageTables:      2056 kB
NFS_Unstable:          0 kB
Bounce:                0 kB
WritebackTmp:          0 kB
CommitLimit:    131943480 kB
Committed_AS:   44013128 kB
VmallocTotal:   34359738367 kB
VmallocUsed:      480664 kB
VmallocChunk:          0 kB
Percpu:            82944 kB
HardwareCorrupted:     0 kB
AnonHugePages:   8439808 kB
ShmemHugePages:        0 kB
ShmemPmdMapped:        0 kB
FileHugePages:         0 kB
FilePmdMapped:         0 kB
CmaTotal:              0 kB
CmaFree:               0 kB
Unaccepted:            0 kB
HugePages_Total:       0
HugePages_Free:        0
HugePages_Rsvd:        0
HugePages_Surp:        0
Hugepagesize:       2048 kB
Hugetlb:               0 kB
DirectMap4k:     1174232 kB
DirectMap2M:    57317376 kB
DirectMap1G:    211812352 kB

/sys/kernel/mm/transparent_hugepage/enabled: [always] madvise never
/sys/kernel/mm/transparent_hugepage/defrag (defrag/compaction efforts parameter): always defer defer+madvise [madvise] never

Process Memory:
Virtual Size: 34118112K (peak: 34118176K)
Resident Set Size: 52236K (peak: 52236K) (anon: 28104K, file: 24132K, shmem: 0K)
Swapped out: 0K
C-Heap outstanding allocations: 13166K, retained: 1561K
glibc malloc tunables: (default)

/proc/sys/kernel/threads-max (system-wide limit on the number of threads): 2059079
/proc/sys/vm/max_map_count (maximum number of memory map areas a process may have): 65530
/proc/sys/kernel/pid_max (system-wide limit on number of process identifiers): 4194304

container (cgroup) information:
container_type: cgroupv2
cpu_cpuset_cpus: not supported
cpu_memory_nodes: not supported
active_processor_count: 2
cpu_quota: no quota
cpu_period: 100000
cpu_shares: no shares
memory_limit_in_bytes: unlimited
memory_and_swap_limit_in_bytes: unlimited
memory_soft_limit_in_bytes: unlimited
memory_usage_in_bytes: 30384 k
memory_max_usage_in_bytes: not supported
memory_swap_current_in_bytes: unlimited
memory_swap_max_limit_in_bytes: unlimited
maximum number of tasks: not supported
current number of tasks: not supported

Steal ticks since vm start: 0
Steal ticks percentage since vm start:  0.000

CPU: total 28 (initial active 2) (14 cores per cpu, 2 threads per core) family 6 model 79 stepping 1 microcode 0xb000040, cx8, cmov, fxsr, ht, mmx, 3dnowpref, sse, sse2, sse3, ssse3, sse4.1, sse4.2, popcnt, lzcnt, tsc, tscinvbit, avx, avx2, aes, erms, clmul, bmi1, bmi2, rtm, adx, fma, vzeroupper, clflush, rdtscp, f16c
CPU Model and flags from /proc/cpuinfo:
model name	: Intel(R) Xeon(R) CPU E5-2690 v4 @ 2.60GHz
flags		: fpu vme de pse tsc msr pae mce cx8 apic sep mtrr pge mca cmov pat pse36 clflush dts acpi mmx fxsr sse sse2 ss ht tm pbe syscall nx pdpe1gb rdtscp lm constant_tsc arch_perfmon pebs bts rep_good nopl xtopology nonstop_tsc cpuid aperfmperf pni pclmulqdq dtes64 monitor ds_cpl vmx smx est tm2 ssse3 sdbg fma cx16 xtpr pdcm pcid dca sse4_1 sse4_2 x2apic movbe popcnt tsc_deadline_timer aes xsave avx f16c rdrand lahf_lm abm 3dnowprefetch cpuid_fault epb cat_l3 cdp_l3 pti ssbd ibrs ibpb stibp tpr_shadow flexpriority ept vpid ept_ad fsgsbase tsc_adjust bmi1 hle avx2 smep bmi2 erms invpcid rtm cqm rdt_a rdseed adx smap intel_pt xsaveopt cqm_llc cqm_occup_llc cqm_mbm_total cqm_mbm_local dtherm ida arat pln pts vnmi md_clear flush_l1d

Online cpus: 0-27
Offline cpus: 
BIOS frequency limitation: <Not Available>
Frequency switch latency (ns): 20000
Available cpu frequencies: <Not Available>
Current governor: performance
Core performance/turbo boost: <Not Available>

Memory: 4k page, physical 263886960k(17548452k free), swap 0k(0k free)
Page Sizes: 4k

vm_info: Java HotSpot(TM) 64-Bit Server VM (20.0.1+9-29) for linux-amd64 JRE (20.0.1+9-29), built on 2023-03-07T13:56:11Z by "mach5one" with gcc 11.2.0

END.
