#
# A fatal error has been detected by the Java Runtime Environment:
#
#  SIGSEGV (0xb) at pc=0x00001472c5ba00b9, pid=2724266, tid=2724316
#
# JRE version: Java(TM) SE Runtime Environment (20.0.1+9) (build 20.0.1+9-29)
# Java VM: Java HotSpot(TM) 64-Bit Server VM (20.0.1+9-29, mixed mode, emulated-client, sharing, tiered, compressed oops, compressed class ptrs, g1 gc, linux-amd64)
# Problematic frame:
# V  [libjvm.so+0xb1a0b9]  LinkResolver::resolve_invoke(CallInfo&, Handle, constantPoolHandle const&, int, Bytecodes::Code, JavaThread*)+0x1a9
#
# Core dump will be written. Default location: Core dumps may be processed with "/usr/lib/systemd/systemd-coredump %P %u %g %s %t %c %h %d %F" (or dumping to /mnt/data/sur/users/mmontante/SimulacionesMetabolicas/core.2724266)
#
# If you would like to submit a bug report, please visit:
#   https://bugreport.java.com/bugreport/crash.jsp
#

---------------  S U M M A R Y ------------

Command Line: -XX:TieredStopAtLevel=1 -Xmx1g --add-opens=java.base/java.lang=ALL-UNNAMED --add-opens=java.base/java.io=ALL-UNNAMED --add-opens=java.base/java.nio=ALL-UNNAMED --add-opens=java.base/java.net=ALL-UNNAMED --add-opens=java.base/java.util=ALL-UNNAMED --add-opens=java.base/java.util.concurrent.locks=ALL-UNNAMED --add-opens=java.base/java.util.concurrent.atomic=ALL-UNNAMED --add-opens=java.base/java.nio.file.spi=ALL-UNNAMED --add-opens=java.base/sun.nio.ch=ALL-UNNAMED --add-opens=java.base/sun.nio.fs=ALL-UNNAMED --add-opens=java.base/sun.net.www.protocol.http=ALL-UNNAMED --add-opens=java.base/sun.net.www.protocol.https=ALL-UNNAMED --add-opens=java.base/sun.net.www.protocol.ftp=ALL-UNNAMED --add-opens=java.base/sun.net.www.protocol.file=ALL-UNNAMED --add-opens=java.base/jdk.internal.misc=ALL-UNNAMED --add-opens=java.base/jdk.internal.vm=ALL-UNNAMED --add-opens=java.base/java.util.regex=ALL-UNNAMED -Dfile.encoding=UTF-8 -Dcapsule.trampoline -Dcapsule.java.cmd=/opt/apps/oracle-java/20.0.1/bin/java -Dcom.sun.security.enableAIAcaIssuers=true -Djava.awt.headless=true -Djava.io.tmpdir=/tmp /home/mmontante/.nextflow/framework/25.10.4/nextflow-25.10.4-one.jar run main.nf -entry MEMOTE -profile memote

Host: Intel(R) Xeon(R) CPU E5-2690 v4 @ 2.60GHz, 28 cores, 251G, Rocky Linux release 9.7 (Blue Onyx)
Time: Mon Aug 17 13:21:17 2026 CST elapsed time: 5.018275 seconds (0d 0h 0m 5s)

---------------  T H R E A D  ---------------

Current thread (0x00001472c002b5a0):  JavaThread "main" [_thread_in_vm, id=2724316, stack(0x00001472c661b000,0x00001472c671b000)]

Stack: [0x00001472c661b000,0x00001472c671b000],  sp=0x00001472c6711b10,  free space=986k
Native frames: (J=compiled Java code, j=interpreted, Vv=VM code, C=native code)
V  [libjvm.so+0xb1a0b9]  LinkResolver::resolve_invoke(CallInfo&, Handle, constantPoolHandle const&, int, Bytecodes::Code, JavaThread*)+0x1a9
V  [libjvm.so+0xd43be0]  SharedRuntime::find_callee_info_helper(vframeStream&, Bytecodes::Code&, CallInfo&, JavaThread*)+0x3d0
V  [libjvm.so+0xd43f5d]  SharedRuntime::find_callee_info(Bytecodes::Code&, CallInfo&, JavaThread*)+0x8d
V  [libjvm.so+0xd440cc]  SharedRuntime::resolve_sub_helper(bool, bool, JavaThread*)+0x10c
V  [libjvm.so+0xd44358]  SharedRuntime::resolve_helper(bool, bool, JavaThread*)+0x38
V  [libjvm.so+0xd446fc]  SharedRuntime::resolve_virtual_call_C(JavaThread*)+0x3c
v  ~RuntimeStub::resolve_virtual_call 0x00001472b4e6397b
J 5052 c1 groovyjarjarantlr4.v4.runtime.atn.ParserATNSimulator.computeStartState(Lgroovyjarjarantlr4/v4/runtime/dfa/DFA;Lgroovyjarjarantlr4/v4/runtime/ParserRuleContext;Z)Lgroovyjarjarantlr4/v4/runtime/atn/SimulatorState; (710 bytes) @ 0x00001472b57ea4ac [0x00001472b57ea140+0x000000000000036c]
J 3534 c1 groovyjarjarantlr4.v4.runtime.atn.ParserATNSimulator.adaptivePredict(Lgroovyjarjarantlr4/v4/runtime/TokenStream;ILgroovyjarjarantlr4/v4/runtime/ParserRuleContext;Z)I (288 bytes) @ 0x00001472b5576cb4 [0x00001472b5576980+0x0000000000000334]
J 3571 c1 groovyjarjarantlr4.v4.runtime.atn.ParserATNSimulator.execDFA(Lgroovyjarjarantlr4/v4/runtime/dfa/DFA;Lgroovyjarjarantlr4/v4/runtime/TokenStream;ILgroovyjarjarantlr4/v4/runtime/atn/SimulatorState;)I (737 bytes) @ 0x00001472b55890a4 [0x00001472b5587f80+0x0000000000001124]
J 3534 c1 groovyjarjarantlr4.v4.runtime.atn.ParserATNSimulator.adaptivePredict(Lgroovyjarjarantlr4/v4/runtime/TokenStream;ILgroovyjarjarantlr4/v4/runtime/ParserRuleContext;Z)I (288 bytes) @ 0x00001472b5576d64 [0x00001472b5576980+0x00000000000003e4]
J 3528 c1 groovyjarjarantlr4.v4.runtime.atn.ParserATNSimulator.adaptivePredict(Lgroovyjarjarantlr4/v4/runtime/TokenStream;ILgroovyjarjarantlr4/v4/runtime/ParserRuleContext;)I (9 bytes) @ 0x00001472b55765ec [0x00001472b55765a0+0x000000000000004c]
j  org.apache.groovy.parser.antlr4.GroovyParser.sep()Lorg/apache/groovy/parser/antlr4/GroovyParser$SepContext;+198
j  org.apache.groovy.parser.antlr4.GroovyParser.blockStatements()Lorg/apache/groovy/parser/antlr4/GroovyParser$BlockStatementsContext;+104
j  org.apache.groovy.parser.antlr4.GroovyParser.blockStatementsOpt()Lorg/apache/groovy/parser/antlr4/GroovyParser$BlockStatementsOptContext;+96
j  org.apache.groovy.parser.antlr4.GroovyParser.closure()Lorg/apache/groovy/parser/antlr4/GroovyParser$ClosureContext;+300
j  org.apache.groovy.parser.antlr4.GroovyParser.closureOrLambdaExpression()Lorg/apache/groovy/parser/antlr4/GroovyParser$ClosureOrLambdaExpressionContext;+94
j  org.apache.groovy.parser.antlr4.GroovyParser.pathElement()Lorg/apache/groovy/parser/antlr4/GroovyParser$PathElementContext;+1134
j  org.apache.groovy.parser.antlr4.GroovyParser.pathExpression()Lorg/apache/groovy/parser/antlr4/GroovyParser$PathExpressionContext;+222
j  org.apache.groovy.parser.antlr4.GroovyParser.postfixExpression()Lorg/apache/groovy/parser/antlr4/GroovyParser$PostfixExpressionContext;+40
J 4777 c1 org.apache.groovy.parser.antlr4.GroovyParser.expression(I)Lorg/apache/groovy/parser/antlr4/GroovyParser$ExpressionContext; (4122 bytes) @ 0x00001472b576b88c [0x00001472b576ac80+0x0000000000000c0c]
j  org.apache.groovy.parser.antlr4.GroovyParser.expressionListElement(Z)Lorg/apache/groovy/parser/antlr4/GroovyParser$ExpressionListElementContext;+111
j  org.apache.groovy.parser.antlr4.GroovyParser.firstArgumentListElement()Lorg/apache/groovy/parser/antlr4/GroovyParser$EnhancedArgumentListElementContext;+107
j  org.apache.groovy.parser.antlr4.GroovyParser.argumentList()Lorg/apache/groovy/parser/antlr4/GroovyParser$EnhancedArgumentListInParContext;+41
j  org.apache.groovy.parser.antlr4.GroovyParser.commandExpression()Lorg/apache/groovy/parser/antlr4/GroovyParser$CommandExpressionContext;+145
j  org.apache.groovy.parser.antlr4.GroovyParser.statementExpression()Lorg/apache/groovy/parser/antlr4/GroovyParser$StatementExpressionContext;+49
j  org.apache.groovy.parser.antlr4.GroovyParser.statement()Lorg/apache/groovy/parser/antlr4/GroovyParser$StatementContext;+740
j  org.apache.groovy.parser.antlr4.GroovyParser.scriptStatement()Lorg/apache/groovy/parser/antlr4/GroovyParser$ScriptStatementContext;+193
j  org.apache.groovy.parser.antlr4.GroovyParser.scriptStatements()Lorg/apache/groovy/parser/antlr4/GroovyParser$ScriptStatementsContext;+37
j  org.apache.groovy.parser.antlr4.GroovyParser.compilationUnit()Lorg/apache/groovy/parser/antlr4/GroovyParser$CompilationUnitContext;+240
j  org.apache.groovy.parser.antlr4.AstBuilder.buildCST(Lgroovyjarjarantlr4/v4/runtime/atn/PredictionMode;)Lorg/apache/groovy/parser/antlr4/GroovyParser$GroovyParserRuleContext;+39
j  org.apache.groovy.parser.antlr4.AstBuilder.buildCST()Lorg/apache/groovy/parser/antlr4/GroovyParser$GroovyParserRuleContext;+86
j  org.apache.groovy.parser.antlr4.AstBuilder.buildAST()Lorg/codehaus/groovy/ast/ModuleNode;+2
j  org.apache.groovy.parser.antlr4.Antlr4ParserPlugin.buildAST(Lorg/codehaus/groovy/control/SourceUnit;Ljava/lang/ClassLoader;Lorg/codehaus/groovy/syntax/Reduction;)Lorg/codehaus/groovy/ast/ModuleNode;+26
j  org.codehaus.groovy.control.SourceUnit.buildAST()Lorg/codehaus/groovy/ast/ModuleNode;+21
j  org.codehaus.groovy.control.CompilationUnit$$Lambda$439+0x0000000801284170.accept(Ljava/lang/Object;)V+4
J 4721 c1 java.util.Iterator.forEachRemaining(Ljava/util/function/Consumer;)V java.base@20.0.1 (30 bytes) @ 0x00001472b5751d44 [0x00001472b5751cc0+0x0000000000000084]
j  java.util.Spliterators$IteratorSpliterator.forEachRemaining(Ljava/util/function/Consumer;)V+52 java.base@20.0.1
j  java.util.stream.ReferencePipeline$Head.forEach(Ljava/util/function/Consumer;)V+12 java.base@20.0.1
j  org.codehaus.groovy.control.CompilationUnit.compile(I)V+110
j  groovy.lang.GroovyClassLoader.doParseClass(Lgroovy/lang/GroovyCodeSource;)Ljava/lang/Class;+168
j  groovy.lang.GroovyClassLoader.lambda$parseClass$2(Lgroovy/lang/GroovyCodeSource;Ljava/lang/String;)Ljava/lang/Class;+2
j  groovy.lang.GroovyClassLoader$$Lambda$541+0x000000080140a0c0.provide(Ljava/lang/Object;)Ljava/lang/Object;+12
j  org.codehaus.groovy.runtime.memoize.StampedCommonCache.compute(Ljava/lang/Object;Lorg/codehaus/groovy/runtime/memoize/MemoizeCache$ValueProvider;Z)Ljava/lang/Object;+11
j  org.codehaus.groovy.runtime.memoize.StampedCommonCache.getAndPut(Ljava/lang/Object;Lorg/codehaus/groovy/runtime/memoize/MemoizeCache$ValueProvider;Z)Ljava/lang/Object;+181
j  groovy.lang.GroovyClassLoader.parseClass(Lgroovy/lang/GroovyCodeSource;Z)Ljava/lang/Class;+19
j  groovy.lang.GroovyShell.parseClass(Lgroovy/lang/GroovyCodeSource;)Ljava/lang/Class;+6
j  groovy.lang.GroovyShell.parse(Lgroovy/lang/GroovyCodeSource;Lgroovy/lang/Binding;)Lgroovy/lang/Script;+2
j  groovy.lang.GroovyShell.parse(Ljava/lang/String;Ljava/lang/String;Lgroovy/lang/Binding;)Lgroovy/lang/Script;+20
j  groovy.lang.GroovyShell.parse(Ljava/lang/String;Ljava/lang/String;)Lgroovy/lang/Script;+7
j  nextflow.script.parser.v1.ScriptLoaderV1.parse0(Ljava/lang/String;Ljava/nio/file/Path;Lgroovy/lang/GroovyShell;)Lnextflow/script/parser/v1/ScriptLoaderV1;+65
j  nextflow.script.parser.v1.ScriptLoaderV1.parse(Ljava/nio/file/Path;)Lnextflow/script/parser/v1/ScriptLoaderV1;+11
j  nextflow.script.parser.v1.ScriptLoaderV1.runScript(Ljava/nio/file/Path;)Lnextflow/script/parser/v1/ScriptLoaderV1;+2
j  nextflow.script.IncludeDef.memoizedMethodPriv$loadModuleV1PathMapSession(Ljava/nio/file/Path;Ljava/util/Map;Lnextflow/Session;)Lnextflow/script/BaseScript;+31
j  nextflow.script.IncludeDef.access$1(Lnextflow/script/IncludeDef;Ljava/nio/file/Path;Ljava/util/Map;Lnextflow/Session;)Lnextflow/script/BaseScript;+3
j  nextflow.script.IncludeDef$__clinit__closure3.doCall(Ljava/nio/file/Path;Ljava/util/Map;Lnextflow/Session;)Lnextflow/script/BaseScript;+4
j  java.lang.invoke.DirectMethodHandle$Holder.invokeSpecial(Ljava/lang/Object;Ljava/lang/Object;Ljava/lang/Object;Ljava/lang/Object;Ljava/lang/Object;)Ljava/lang/Object;+16 java.base@20.0.1
j  java.lang.invoke.LambdaForm$MH+0x0000000801421000.invoke(Ljava/lang/Object;Ljava/lang/Object;Ljava/lang/Object;Ljava/lang/Object;Ljava/lang/Object;)Ljava/lang/Object;+93 java.base@20.0.1
j  java.lang.invoke.LambdaForm$MH+0x000000080109c000.invokeExact_MT(Ljava/lang/Object;Ljava/lang/Object;Ljava/lang/Object;Ljava/lang/Object;Ljava/lang/Object;Ljava/lang/Object;)Ljava/lang/Object;+24 java.base@20.0.1
J 2759 c1 jdk.internal.reflect.DirectMethodHandleAccessor.invoke(Ljava/lang/Object;[Ljava/lang/Object;)Ljava/lang/Object; java.base@20.0.1 (92 bytes) @ 0x00001472b543a37c [0x00001472b543a020+0x000000000000035c]
J 4132 c1 org.codehaus.groovy.reflection.CachedMethod.invoke(Ljava/lang/Object;[Ljava/lang/Object;)Ljava/lang/Object; (96 bytes) @ 0x00001472b566c89c [0x00001472b566c5a0+0x00000000000002fc]
J 3108 c1 groovy.lang.MetaMethod.doMethodInvoke(Ljava/lang/Object;[Ljava/lang/Object;)Ljava/lang/Object; (22 bytes) @ 0x00001472b54d6944 [0x00001472b54d68c0+0x0000000000000084]
j  org.codehaus.groovy.runtime.metaclass.ClosureMetaClass.invokeMethod(Ljava/lang/Class;Ljava/lang/Object;Ljava/lang/String;[Ljava/lang/Object;ZZ)Ljava/lang/Object;+229
J 2809 c1 groovy.lang.MetaClassImpl.invokeMethod(Ljava/lang/Object;Ljava/lang/String;[Ljava/lang/Object;)Ljava/lang/Object; (14 bytes) @ 0x00001472b5452c0c [0x00001472b5452ba0+0x000000000000006c]
j  groovy.lang.Closure.call([Ljava/lang/Object;)Ljava/lang/Object;+8
j  org.codehaus.groovy.runtime.memoize.Memoize$MemoizeFunction.lambda$call$0([Ljava/lang/Object;Ljava/lang/Object;)Ljava/lang/Object;+5
j  org.codehaus.groovy.runtime.memoize.Memoize$MemoizeFunction$$Lambda$336+0x00000008011b3f68.provide(Ljava/lang/Object;)Ljava/lang/Object;+9
j  org.codehaus.groovy.runtime.memoize.ConcurrentCommonCache.getAndPut(Ljava/lang/Object;Lorg/codehaus/groovy/runtime/memoize/MemoizeCache$ValueProvider;Z)Ljava/lang/Object;+115
j  org.codehaus.groovy.runtime.memoize.ConcurrentCommonCache.getAndPut(Ljava/lang/Object;Lorg/codehaus/groovy/runtime/memoize/MemoizeCache$ValueProvider;)Ljava/lang/Object;+4
j  org.codehaus.groovy.runtime.memoize.Memoize$MemoizeFunction.call([Ljava/lang/Object;)Ljava/lang/Object;+17
j  nextflow.script.IncludeDef.loadModuleV1(Ljava/nio/file/Path;Ljava/util/Map;Lnextflow/Session;)Lnextflow/script/BaseScript;+19
j  nextflow.script.IncludeDef.load0(Lnextflow/script/ScriptBinding$ParamsMap;)V+94
j  java.lang.invoke.DirectMethodHandle$Holder.invokeVirtual(Ljava/lang/Object;Ljava/lang/Object;Ljava/lang/Object;)V+11 java.base@20.0.1
j  java.lang.invoke.LambdaForm$MH+0x0000000801192800.invoke(Ljava/lang/Object;Ljava/lang/Object;Ljava/lang/Object;)Ljava/lang/Object;+52 java.base@20.0.1
J 3145 c1 java.lang.invoke.LambdaForm$MH+0x00000008010c2400.guardWithCatch(Ljava/lang/Object;Ljava/lang/Object;Ljava/lang/Object;)Ljava/lang/Object; java.base@20.0.1 (75 bytes) @ 0x00001472b54eac7c [0x00001472b54eabc0+0x00000000000000bc]
J 2743 c1 java.lang.invoke.LambdaForm$MH+0x00000008010c2c00.reinvoke(Ljava/lang/Object;Ljava/lang/Object;Ljava/lang/Object;)Ljava/lang/Object; java.base@20.0.1 (24 bytes) @ 0x00001472b5433f4c [0x00001472b5433de0+0x000000000000016c]
J 2753 c1 java.lang.invoke.LambdaForm$MH+0x00000008010c3000.guard(Ljava/lang/Object;Ljava/lang/Object;Ljava/lang/Object;)Ljava/lang/Object; java.base@20.0.1 (98 bytes) @ 0x00001472b543753c [0x00001472b5437280+0x00000000000002bc]
J 2743 c1 java.lang.invoke.LambdaForm$MH+0x00000008010c2c00.reinvoke(Ljava/lang/Object;Ljava/lang/Object;Ljava/lang/Object;)Ljava/lang/Object; java.base@20.0.1 (24 bytes) @ 0x00001472b5433f4c [0x00001472b5433de0+0x000000000000016c]
J 2753 c1 java.lang.invoke.LambdaForm$MH+0x00000008010c3000.guard(Ljava/lang/Object;Ljava/lang/Object;Ljava/lang/Object;)Ljava/lang/Object; java.base@20.0.1 (98 bytes) @ 0x00001472b543753c [0x00001472b5437280+0x00000000000002bc]
J 2743 c1 java.lang.invoke.LambdaForm$MH+0x00000008010c2c00.reinvoke(Ljava/lang/Object;Ljava/lang/Object;Ljava/lang/Object;)Ljava/lang/Object; java.base@20.0.1 (24 bytes) @ 0x00001472b5433f4c [0x00001472b5433de0+0x000000000000016c]
j  java.lang.invoke.LambdaForm$MH+0x0000000801191c00.invoke(Ljava/lang/Object;Ljava/lang/Object;)Ljava/lang/Object;+94 java.base@20.0.1
J 2716 c1 org.codehaus.groovy.vmplugin.v8.IndyInterface.fromCache(Ljava/lang/invoke/MutableCallSite;Ljava/lang/Class;Ljava/lang/String;ILjava/lang/Boolean;Ljava/lang/Boolean;Ljava/lang/Boolean;Ljava/lang/Object;[Ljava/lang/Object;)Ljava/lang/Object; (143 bytes) @ 0x00001472b542af44 [0x00001472b542ac40+0x0000000000000304]
J 2698 c1 java.lang.invoke.LambdaForm$DMH+0x00000008010aa400.invokeStatic(Ljava/lang/Object;Ljava/lang/Object;Ljava/lang/Object;Ljava/lang/Object;ILjava/lang/Object;Ljava/lang/Object;Ljava/lang/Object;Ljava/lang/Object;Ljava/lang/Object;)Ljava/lang/Object; java.base@20.0.1 (30 bytes) @ 0x00001472b5426044 [0x00001472b5425fa0+0x00000000000000a4]
J 3143 c1 java.lang.invoke.LambdaForm$MH+0x00000008010c1c00.invoke(Ljava/lang/Object;Ljava/lang/Object;Ljava/lang/Object;)Ljava/lang/Object; java.base@20.0.1 (102 bytes) @ 0x00001472b54ea0ec [0x00001472b54e9fc0+0x000000000000012c]
J 3142 c1 java.lang.invoke.Invokers$Holder.linkToCallSite(Ljava/lang/Object;Ljava/lang/Object;Ljava/lang/Object;)Ljava/lang/Object; java.base@20.0.1 (18 bytes) @ 0x00001472b54e9c4c [0x00001472b54e9bc0+0x000000000000008c]
j  Script_b94ae69ab591b845.runScript()Ljava/lang/Object;+175
j  nextflow.script.BaseScript.run0()Ljava/lang/Object;+2
j  nextflow.script.BaseScript.run()Ljava/lang/Object;+15
j  nextflow.script.parser.v1.ScriptLoaderV1.runScript()Lnextflow/script/parser/v1/ScriptLoaderV1;+84
j  nextflow.script.parser.v1.ScriptLoaderV1.runScript()Lnextflow/script/ScriptLoader;+1
j  nextflow.script.ScriptRunner.run()Ljava/lang/Object;+80
j  nextflow.script.ScriptRunner.execute(Ljava/util/List;Ljava/util/Map;Ljava/util/Map;Ljava/lang/String;)Ljava/lang/Object;+113
j  nextflow.cli.CmdRun.run()V+1068
j  nextflow.cli.Launcher.run()I+88
j  nextflow.cli.Launcher.main([Ljava/lang/String;)V+16
v  ~StubRoutines::call_stub 0x00001472b4e00cc6
V  [libjvm.so+0x8a84c5]  JavaCalls::call_helper(JavaValue*, methodHandle const&, JavaCallArguments*, JavaThread*)+0x315
V  [libjvm.so+0x95070a]  jni_invoke_static(JNIEnv_*, JavaValue*, _jobject*, JNICallType, _jmethodID*, JNI_ArgumentPusher*, JavaThread*) [clone .constprop.1]+0x3ba
V  [libjvm.so+0x95348e]  jni_CallStaticVoidMethod+0x15e
C  [libjli.so+0x467b]  JavaMain+0xd1b
...<more frames>...
Java frames: (J=compiled Java code, j=interpreted, Vv=VM code)
v  ~RuntimeStub::resolve_virtual_call 0x00001472b4e6397b
J 5052 c1 groovyjarjarantlr4.v4.runtime.atn.ParserATNSimulator.computeStartState(Lgroovyjarjarantlr4/v4/runtime/dfa/DFA;Lgroovyjarjarantlr4/v4/runtime/ParserRuleContext;Z)Lgroovyjarjarantlr4/v4/runtime/atn/SimulatorState; (710 bytes) @ 0x00001472b57ea4ac [0x00001472b57ea140+0x000000000000036c]
J 3534 c1 groovyjarjarantlr4.v4.runtime.atn.ParserATNSimulator.adaptivePredict(Lgroovyjarjarantlr4/v4/runtime/TokenStream;ILgroovyjarjarantlr4/v4/runtime/ParserRuleContext;Z)I (288 bytes) @ 0x00001472b5576cb4 [0x00001472b5576980+0x0000000000000334]
J 3571 c1 groovyjarjarantlr4.v4.runtime.atn.ParserATNSimulator.execDFA(Lgroovyjarjarantlr4/v4/runtime/dfa/DFA;Lgroovyjarjarantlr4/v4/runtime/TokenStream;ILgroovyjarjarantlr4/v4/runtime/atn/SimulatorState;)I (737 bytes) @ 0x00001472b55890a4 [0x00001472b5587f80+0x0000000000001124]
J 3534 c1 groovyjarjarantlr4.v4.runtime.atn.ParserATNSimulator.adaptivePredict(Lgroovyjarjarantlr4/v4/runtime/TokenStream;ILgroovyjarjarantlr4/v4/runtime/ParserRuleContext;Z)I (288 bytes) @ 0x00001472b5576d64 [0x00001472b5576980+0x00000000000003e4]
J 3528 c1 groovyjarjarantlr4.v4.runtime.atn.ParserATNSimulator.adaptivePredict(Lgroovyjarjarantlr4/v4/runtime/TokenStream;ILgroovyjarjarantlr4/v4/runtime/ParserRuleContext;)I (9 bytes) @ 0x00001472b55765ec [0x00001472b55765a0+0x000000000000004c]
j  org.apache.groovy.parser.antlr4.GroovyParser.sep()Lorg/apache/groovy/parser/antlr4/GroovyParser$SepContext;+198
j  org.apache.groovy.parser.antlr4.GroovyParser.blockStatements()Lorg/apache/groovy/parser/antlr4/GroovyParser$BlockStatementsContext;+104
j  org.apache.groovy.parser.antlr4.GroovyParser.blockStatementsOpt()Lorg/apache/groovy/parser/antlr4/GroovyParser$BlockStatementsOptContext;+96
j  org.apache.groovy.parser.antlr4.GroovyParser.closure()Lorg/apache/groovy/parser/antlr4/GroovyParser$ClosureContext;+300
j  org.apache.groovy.parser.antlr4.GroovyParser.closureOrLambdaExpression()Lorg/apache/groovy/parser/antlr4/GroovyParser$ClosureOrLambdaExpressionContext;+94
j  org.apache.groovy.parser.antlr4.GroovyParser.pathElement()Lorg/apache/groovy/parser/antlr4/GroovyParser$PathElementContext;+1134
j  org.apache.groovy.parser.antlr4.GroovyParser.pathExpression()Lorg/apache/groovy/parser/antlr4/GroovyParser$PathExpressionContext;+222
j  org.apache.groovy.parser.antlr4.GroovyParser.postfixExpression()Lorg/apache/groovy/parser/antlr4/GroovyParser$PostfixExpressionContext;+40
J 4777 c1 org.apache.groovy.parser.antlr4.GroovyParser.expression(I)Lorg/apache/groovy/parser/antlr4/GroovyParser$ExpressionContext; (4122 bytes) @ 0x00001472b576b88c [0x00001472b576ac80+0x0000000000000c0c]
j  org.apache.groovy.parser.antlr4.GroovyParser.expressionListElement(Z)Lorg/apache/groovy/parser/antlr4/GroovyParser$ExpressionListElementContext;+111
j  org.apache.groovy.parser.antlr4.GroovyParser.firstArgumentListElement()Lorg/apache/groovy/parser/antlr4/GroovyParser$EnhancedArgumentListElementContext;+107
j  org.apache.groovy.parser.antlr4.GroovyParser.argumentList()Lorg/apache/groovy/parser/antlr4/GroovyParser$EnhancedArgumentListInParContext;+41
j  org.apache.groovy.parser.antlr4.GroovyParser.commandExpression()Lorg/apache/groovy/parser/antlr4/GroovyParser$CommandExpressionContext;+145
j  org.apache.groovy.parser.antlr4.GroovyParser.statementExpression()Lorg/apache/groovy/parser/antlr4/GroovyParser$StatementExpressionContext;+49
j  org.apache.groovy.parser.antlr4.GroovyParser.statement()Lorg/apache/groovy/parser/antlr4/GroovyParser$StatementContext;+740
j  org.apache.groovy.parser.antlr4.GroovyParser.scriptStatement()Lorg/apache/groovy/parser/antlr4/GroovyParser$ScriptStatementContext;+193
j  org.apache.groovy.parser.antlr4.GroovyParser.scriptStatements()Lorg/apache/groovy/parser/antlr4/GroovyParser$ScriptStatementsContext;+37
j  org.apache.groovy.parser.antlr4.GroovyParser.compilationUnit()Lorg/apache/groovy/parser/antlr4/GroovyParser$CompilationUnitContext;+240
j  org.apache.groovy.parser.antlr4.AstBuilder.buildCST(Lgroovyjarjarantlr4/v4/runtime/atn/PredictionMode;)Lorg/apache/groovy/parser/antlr4/GroovyParser$GroovyParserRuleContext;+39
j  org.apache.groovy.parser.antlr4.AstBuilder.buildCST()Lorg/apache/groovy/parser/antlr4/GroovyParser$GroovyParserRuleContext;+86
j  org.apache.groovy.parser.antlr4.AstBuilder.buildAST()Lorg/codehaus/groovy/ast/ModuleNode;+2
j  org.apache.groovy.parser.antlr4.Antlr4ParserPlugin.buildAST(Lorg/codehaus/groovy/control/SourceUnit;Ljava/lang/ClassLoader;Lorg/codehaus/groovy/syntax/Reduction;)Lorg/codehaus/groovy/ast/ModuleNode;+26
j  org.codehaus.groovy.control.SourceUnit.buildAST()Lorg/codehaus/groovy/ast/ModuleNode;+21
j  org.codehaus.groovy.control.CompilationUnit$$Lambda$439+0x0000000801284170.accept(Ljava/lang/Object;)V+4
J 4721 c1 java.util.Iterator.forEachRemaining(Ljava/util/function/Consumer;)V java.base@20.0.1 (30 bytes) @ 0x00001472b5751d44 [0x00001472b5751cc0+0x0000000000000084]
j  java.util.Spliterators$IteratorSpliterator.forEachRemaining(Ljava/util/function/Consumer;)V+52 java.base@20.0.1
j  java.util.stream.ReferencePipeline$Head.forEach(Ljava/util/function/Consumer;)V+12 java.base@20.0.1
j  org.codehaus.groovy.control.CompilationUnit.compile(I)V+110
j  groovy.lang.GroovyClassLoader.doParseClass(Lgroovy/lang/GroovyCodeSource;)Ljava/lang/Class;+168
j  groovy.lang.GroovyClassLoader.lambda$parseClass$2(Lgroovy/lang/GroovyCodeSource;Ljava/lang/String;)Ljava/lang/Class;+2
j  groovy.lang.GroovyClassLoader$$Lambda$541+0x000000080140a0c0.provide(Ljava/lang/Object;)Ljava/lang/Object;+12
j  org.codehaus.groovy.runtime.memoize.StampedCommonCache.compute(Ljava/lang/Object;Lorg/codehaus/groovy/runtime/memoize/MemoizeCache$ValueProvider;Z)Ljava/lang/Object;+11
j  org.codehaus.groovy.runtime.memoize.StampedCommonCache.getAndPut(Ljava/lang/Object;Lorg/codehaus/groovy/runtime/memoize/MemoizeCache$ValueProvider;Z)Ljava/lang/Object;+181
j  groovy.lang.GroovyClassLoader.parseClass(Lgroovy/lang/GroovyCodeSource;Z)Ljava/lang/Class;+19
j  groovy.lang.GroovyShell.parseClass(Lgroovy/lang/GroovyCodeSource;)Ljava/lang/Class;+6
j  groovy.lang.GroovyShell.parse(Lgroovy/lang/GroovyCodeSource;Lgroovy/lang/Binding;)Lgroovy/lang/Script;+2
j  groovy.lang.GroovyShell.parse(Ljava/lang/String;Ljava/lang/String;Lgroovy/lang/Binding;)Lgroovy/lang/Script;+20
j  groovy.lang.GroovyShell.parse(Ljava/lang/String;Ljava/lang/String;)Lgroovy/lang/Script;+7
j  nextflow.script.parser.v1.ScriptLoaderV1.parse0(Ljava/lang/String;Ljava/nio/file/Path;Lgroovy/lang/GroovyShell;)Lnextflow/script/parser/v1/ScriptLoaderV1;+65
j  nextflow.script.parser.v1.ScriptLoaderV1.parse(Ljava/nio/file/Path;)Lnextflow/script/parser/v1/ScriptLoaderV1;+11
j  nextflow.script.parser.v1.ScriptLoaderV1.runScript(Ljava/nio/file/Path;)Lnextflow/script/parser/v1/ScriptLoaderV1;+2
j  nextflow.script.IncludeDef.memoizedMethodPriv$loadModuleV1PathMapSession(Ljava/nio/file/Path;Ljava/util/Map;Lnextflow/Session;)Lnextflow/script/BaseScript;+31
j  nextflow.script.IncludeDef.access$1(Lnextflow/script/IncludeDef;Ljava/nio/file/Path;Ljava/util/Map;Lnextflow/Session;)Lnextflow/script/BaseScript;+3
j  nextflow.script.IncludeDef$__clinit__closure3.doCall(Ljava/nio/file/Path;Ljava/util/Map;Lnextflow/Session;)Lnextflow/script/BaseScript;+4
j  java.lang.invoke.DirectMethodHandle$Holder.invokeSpecial(Ljava/lang/Object;Ljava/lang/Object;Ljava/lang/Object;Ljava/lang/Object;Ljava/lang/Object;)Ljava/lang/Object;+16 java.base@20.0.1
j  java.lang.invoke.LambdaForm$MH+0x0000000801421000.invoke(Ljava/lang/Object;Ljava/lang/Object;Ljava/lang/Object;Ljava/lang/Object;Ljava/lang/Object;)Ljava/lang/Object;+93 java.base@20.0.1
j  java.lang.invoke.LambdaForm$MH+0x000000080109c000.invokeExact_MT(Ljava/lang/Object;Ljava/lang/Object;Ljava/lang/Object;Ljava/lang/Object;Ljava/lang/Object;Ljava/lang/Object;)Ljava/lang/Object;+24 java.base@20.0.1
J 2759 c1 jdk.internal.reflect.DirectMethodHandleAccessor.invoke(Ljava/lang/Object;[Ljava/lang/Object;)Ljava/lang/Object; java.base@20.0.1 (92 bytes) @ 0x00001472b543a37c [0x00001472b543a020+0x000000000000035c]
J 4132 c1 org.codehaus.groovy.reflection.CachedMethod.invoke(Ljava/lang/Object;[Ljava/lang/Object;)Ljava/lang/Object; (96 bytes) @ 0x00001472b566c89c [0x00001472b566c5a0+0x00000000000002fc]
J 3108 c1 groovy.lang.MetaMethod.doMethodInvoke(Ljava/lang/Object;[Ljava/lang/Object;)Ljava/lang/Object; (22 bytes) @ 0x00001472b54d6944 [0x00001472b54d68c0+0x0000000000000084]
j  org.codehaus.groovy.runtime.metaclass.ClosureMetaClass.invokeMethod(Ljava/lang/Class;Ljava/lang/Object;Ljava/lang/String;[Ljava/lang/Object;ZZ)Ljava/lang/Object;+229
J 2809 c1 groovy.lang.MetaClassImpl.invokeMethod(Ljava/lang/Object;Ljava/lang/String;[Ljava/lang/Object;)Ljava/lang/Object; (14 bytes) @ 0x00001472b5452c0c [0x00001472b5452ba0+0x000000000000006c]
j  groovy.lang.Closure.call([Ljava/lang/Object;)Ljava/lang/Object;+8
j  org.codehaus.groovy.runtime.memoize.Memoize$MemoizeFunction.lambda$call$0([Ljava/lang/Object;Ljava/lang/Object;)Ljava/lang/Object;+5
j  org.codehaus.groovy.runtime.memoize.Memoize$MemoizeFunction$$Lambda$336+0x00000008011b3f68.provide(Ljava/lang/Object;)Ljava/lang/Object;+9
j  org.codehaus.groovy.runtime.memoize.ConcurrentCommonCache.getAndPut(Ljava/lang/Object;Lorg/codehaus/groovy/runtime/memoize/MemoizeCache$ValueProvider;Z)Ljava/lang/Object;+115
j  org.codehaus.groovy.runtime.memoize.ConcurrentCommonCache.getAndPut(Ljava/lang/Object;Lorg/codehaus/groovy/runtime/memoize/MemoizeCache$ValueProvider;)Ljava/lang/Object;+4
j  org.codehaus.groovy.runtime.memoize.Memoize$MemoizeFunction.call([Ljava/lang/Object;)Ljava/lang/Object;+17
j  nextflow.script.IncludeDef.loadModuleV1(Ljava/nio/file/Path;Ljava/util/Map;Lnextflow/Session;)Lnextflow/script/BaseScript;+19
j  nextflow.script.IncludeDef.load0(Lnextflow/script/ScriptBinding$ParamsMap;)V+94
j  java.lang.invoke.DirectMethodHandle$Holder.invokeVirtual(Ljava/lang/Object;Ljava/lang/Object;Ljava/lang/Object;)V+11 java.base@20.0.1
j  java.lang.invoke.LambdaForm$MH+0x0000000801192800.invoke(Ljava/lang/Object;Ljava/lang/Object;Ljava/lang/Object;)Ljava/lang/Object;+52 java.base@20.0.1
J 3145 c1 java.lang.invoke.LambdaForm$MH+0x00000008010c2400.guardWithCatch(Ljava/lang/Object;Ljava/lang/Object;Ljava/lang/Object;)Ljava/lang/Object; java.base@20.0.1 (75 bytes) @ 0x00001472b54eac7c [0x00001472b54eabc0+0x00000000000000bc]
J 2743 c1 java.lang.invoke.LambdaForm$MH+0x00000008010c2c00.reinvoke(Ljava/lang/Object;Ljava/lang/Object;Ljava/lang/Object;)Ljava/lang/Object; java.base@20.0.1 (24 bytes) @ 0x00001472b5433f4c [0x00001472b5433de0+0x000000000000016c]
J 2753 c1 java.lang.invoke.LambdaForm$MH+0x00000008010c3000.guard(Ljava/lang/Object;Ljava/lang/Object;Ljava/lang/Object;)Ljava/lang/Object; java.base@20.0.1 (98 bytes) @ 0x00001472b543753c [0x00001472b5437280+0x00000000000002bc]
J 2743 c1 java.lang.invoke.LambdaForm$MH+0x00000008010c2c00.reinvoke(Ljava/lang/Object;Ljava/lang/Object;Ljava/lang/Object;)Ljava/lang/Object; java.base@20.0.1 (24 bytes) @ 0x00001472b5433f4c [0x00001472b5433de0+0x000000000000016c]
J 2753 c1 java.lang.invoke.LambdaForm$MH+0x00000008010c3000.guard(Ljava/lang/Object;Ljava/lang/Object;Ljava/lang/Object;)Ljava/lang/Object; java.base@20.0.1 (98 bytes) @ 0x00001472b543753c [0x00001472b5437280+0x00000000000002bc]
J 2743 c1 java.lang.invoke.LambdaForm$MH+0x00000008010c2c00.reinvoke(Ljava/lang/Object;Ljava/lang/Object;Ljava/lang/Object;)Ljava/lang/Object; java.base@20.0.1 (24 bytes) @ 0x00001472b5433f4c [0x00001472b5433de0+0x000000000000016c]
j  java.lang.invoke.LambdaForm$MH+0x0000000801191c00.invoke(Ljava/lang/Object;Ljava/lang/Object;)Ljava/lang/Object;+94 java.base@20.0.1
J 2716 c1 org.codehaus.groovy.vmplugin.v8.IndyInterface.fromCache(Ljava/lang/invoke/MutableCallSite;Ljava/lang/Class;Ljava/lang/String;ILjava/lang/Boolean;Ljava/lang/Boolean;Ljava/lang/Boolean;Ljava/lang/Object;[Ljava/lang/Object;)Ljava/lang/Object; (143 bytes) @ 0x00001472b542af44 [0x00001472b542ac40+0x0000000000000304]
J 2698 c1 java.lang.invoke.LambdaForm$DMH+0x00000008010aa400.invokeStatic(Ljava/lang/Object;Ljava/lang/Object;Ljava/lang/Object;Ljava/lang/Object;ILjava/lang/Object;Ljava/lang/Object;Ljava/lang/Object;Ljava/lang/Object;Ljava/lang/Object;)Ljava/lang/Object; java.base@20.0.1 (30 bytes) @ 0x00001472b5426044 [0x00001472b5425fa0+0x00000000000000a4]
J 3143 c1 java.lang.invoke.LambdaForm$MH+0x00000008010c1c00.invoke(Ljava/lang/Object;Ljava/lang/Object;Ljava/lang/Object;)Ljava/lang/Object; java.base@20.0.1 (102 bytes) @ 0x00001472b54ea0ec [0x00001472b54e9fc0+0x000000000000012c]
J 3142 c1 java.lang.invoke.Invokers$Holder.linkToCallSite(Ljava/lang/Object;Ljava/lang/Object;Ljava/lang/Object;)Ljava/lang/Object; java.base@20.0.1 (18 bytes) @ 0x00001472b54e9c4c [0x00001472b54e9bc0+0x000000000000008c]
j  Script_b94ae69ab591b845.runScript()Ljava/lang/Object;+175
j  nextflow.script.BaseScript.run0()Ljava/lang/Object;+2
j  nextflow.script.BaseScript.run()Ljava/lang/Object;+15
j  nextflow.script.parser.v1.ScriptLoaderV1.runScript()Lnextflow/script/parser/v1/ScriptLoaderV1;+84
j  nextflow.script.parser.v1.ScriptLoaderV1.runScript()Lnextflow/script/ScriptLoader;+1
j  nextflow.script.ScriptRunner.run()Ljava/lang/Object;+80
j  nextflow.script.ScriptRunner.execute(Ljava/util/List;Ljava/util/Map;Ljava/util/Map;Ljava/lang/String;)Ljava/lang/Object;+113
j  nextflow.cli.CmdRun.run()V+1068
j  nextflow.cli.Launcher.run()I+88
j  nextflow.cli.Launcher.main([Ljava/lang/String;)V+16
v  ~StubRoutines::call_stub 0x00001472b4e00cc6

siginfo: si_signo: 11 (SIGSEGV), si_code: 128 (SI_KERNEL), si_addr: 0x0000000000000000

Registers:
RAX=0x00840000c21d91a8, RBX=0x00001472c671430c, RCX=0x0000000000000003, RDX=0x00001472c63b80d5
RSP=0x00001472c6711b10, RBP=0x00001472c6711b70, RSI=0x00001472c6711ac0, RDI=0x00001472c6711ac0
R8 =0x0000000000000000, R9 =0x00001472c6711ac0, R10=0x00001472c63fb7e0, R11=0x0000000000000000
R12=0x00001472c002b5a0, R13=0x00001472c6714370, R14=0x00001472c002ce70, R15=0x00001472c6711b10
RIP=0x00001472c5ba00b9, EFLAGS=0x0000000000010202, CSGSFS=0x002b000000000033, ERR=0x0000000000000000
  TRAPNO=0x000000000000000d


Register to memory mapping:

RAX=0x00840000c21d91a8 is an unknown value
RBX=0x00001472c671430c is pointing into the stack for thread: 0x00001472c002b5a0
RCX=0x0000000000000003 is an unknown value
RDX=0x00001472c63b80d5: <offset 0x00000000013320d5> in /opt/apps/oracle-java/20.0.1/lib/server/libjvm.so at 0x00001472c5086000
RSP=0x00001472c6711b10 is pointing into the stack for thread: 0x00001472c002b5a0
RBP=0x00001472c6711b70 is pointing into the stack for thread: 0x00001472c002b5a0
RSI=0x00001472c6711ac0 is pointing into the stack for thread: 0x00001472c002b5a0
RDI=0x00001472c6711ac0 is pointing into the stack for thread: 0x00001472c002b5a0
R8 =0x0 is NULL
R9 =0x00001472c6711ac0 is pointing into the stack for thread: 0x00001472c002b5a0
R10=0x00001472c63fb7e0: <offset 0x00000000013757e0> in /opt/apps/oracle-java/20.0.1/lib/server/libjvm.so at 0x00001472c5086000
R11=0x0 is NULL
R12=0x00001472c002b5a0 is a thread
R13=0x00001472c6714370 is pointing into the stack for thread: 0x00001472c002b5a0
R14=0x00001472c002ce70 points into unknown readable memory: 0x00840000c21d91a8 | a8 91 1d c2 00 00 84 00
R15=0x00001472c6711b10 is pointing into the stack for thread: 0x00001472c002b5a0


Top of Stack: (sp=0x00001472c6711b10)
0x00001472c6711b10:   00001472c0ae8b20 00001472c0ae8b60
0x00001472c6711b20:   00000008012e77c0 00000008012cbd68
0x00001472c6711b30:   0000000000000000 0000000000000000
0x00001472c6711b40:   00001472c60a0101 00001472c57b6d9f
0x00001472c6711b50:   00001472c002b5a0 00001472c6714370
0x00001472c6711b60:   00001472c6711c70 0000147291161dd0
0x00001472c6711b70:   00001472c6712f20 00001472c5dc9be0
0x00001472c6711b80:   0000008b00000000 0000000000000000
0x00001472c6711b90:   00001472c6711c30 00001472c002b5a0
0x00001472c6711ba0:   00000000e27271f8 00001472c002ce70
0x00001472c6711bb0:   0000147291166fb8 00001472c002b5a0
0x00001472c6711bc0:   0000000000000000 00001472c002b5a0
0x00001472c6711bd0:   0000147291166c05 00000000000000b6
0x00001472c6711be0:   0000147291166fb8 0000147200000001
0x00001472c6711bf0:   00001472c6715720 00001472b4e6397b
0x00001472c6711c00:   00001472b4e63890 00001472c03ebcd0
0x00001472c6711c10:   0000000000000000 0000000000000000
0x00001472c6711c20:   00001472c6715720 0000000000000000
0x00001472c6711c30:   00001472c6716240 00001472b57ea4ac
0x00001472c6711c40:   00001472b57e9d10 0000000000000000
0x00001472c6711c50:   0000140000000000 00001472c6716988
0x00001472c6711c60:   00001472c6716240 0000000000000000
0x00001472c6711c70:   0000147291161dd0 00001472c002b5a0
0x00001472c6711c80:   00001472c6716210 00001472c6716214
0x00001472c6711c90:   00001472c6716208 00001472c671620c
0x00001472c6711ca0:   00001472c6716200 00001472c6716204
0x00001472c6711cb0:   0000000000000000 00000000c3840450
0x00001472c6711cc0:   00001472c6716230 00001472c6716230
0x00001472c6711cd0:   00001472c67161e8 00001472c67161ec
0x00001472c6711ce0:   00001472c67161e0 00001472c67161e4
0x00001472c6711cf0:   00001472c67161d8 00001472c67161dc
0x00001472c6711d00:   00001472c67161d0 00001472c67161d4 

Instructions: (pc=0x00001472c5ba00b9)
0x00001472c5b9ffb9:   48 83 c4 40 41 5c 41 5d 41 5e 41 5f 5d c3 66 0f
0x00001472c5b9ffc9:   1f 84 00 00 00 00 00 48 83 c4 40 4c 89 c9 41 5c
0x00001472c5b9ffd9:   41 5d 41 5e 41 5f 5d e9 eb 93 ff ff 0f 1f 00 4c
0x00001472c5b9ffe9:   8d 7d a0 4c 89 c9 4c 89 ff e8 e9 8d ff ff 49 83
0x00001472c5b9fff9:   7c 24 08 00 75 b1 31 d2 4d 85 f6 74 26 48 8d 15
0x00001472c5ba0009:   c8 80 81 00 49 8b 06 80 3a 00 0f 84 f7 00 00 00
0x00001472c5ba0019:   8b 50 08 48 8d 05 bd 0f 7d 00 8b 48 08 48 d3 e2
0x00001472c5ba0029:   48 03 10 4d 89 e1 41 b8 01 00 00 00 4c 89 f9 4c
0x00001472c5ba0039:   89 f6 4c 89 ef e8 2d f3 ff ff e9 68 ff ff ff 0f
0x00001472c5ba0049:   1f 84 00 00 00 00 00 4c 8d 7d a0 4c 89 c9 4c 89
0x00001472c5ba0059:   ff e8 81 8d ff ff 49 83 7c 24 08 00 0f 85 45 ff
0x00001472c5ba0069:   ff ff 4c 89 e1 4c 89 fa 4c 89 f6 4c 89 ef e8 84
0x00001472c5ba0079:   db ff ff e9 2f ff ff ff 0f 1f 80 00 00 00 00 4c
0x00001472c5ba0089:   8d 7d a0 4c 89 c9 4c 89 ff e8 49 8d ff ff 49 83
0x00001472c5ba0099:   7c 24 08 00 0f 85 0d ff ff ff 31 d2 4d 85 f6 74
0x00001472c5ba00a9:   22 48 8d 15 24 80 81 00 49 8b 06 80 3a 00 74 67
0x00001472c5ba00b9:   8b 50 08 48 8d 05 1d 0f 7d 00 8b 48 08 48 d3 e2
0x00001472c5ba00c9:   48 03 10 4d 89 e1 41 b8 01 00 00 00 4c 89 f9 4c
0x00001472c5ba00d9:   89 f6 4c 89 ef e8 bd e6 ff ff e9 c8 fe ff ff 0f
0x00001472c5ba00e9:   1f 84 00 00 00 00 00 4c 89 e1 ba 01 00 00 00 4c
0x00001472c5ba00f9:   89 f6 4c 89 ef e8 fd f5 ff ff e9 a8 fe ff ff 0f
0x00001472c5ba0109:   1f 84 00 00 00 00 00 48 8b 50 08 e9 13 ff ff ff
0x00001472c5ba0119:   0f 1f 80 00 00 00 00 48 8b 50 08 eb a6 66 2e 0f
0x00001472c5ba0129:   1f 84 00 00 00 00 00 31 c0 c3 66 66 66 66 2e 0f
0x00001472c5ba0139:   1f 84 00 00 00 00 00 55 49 89 fa 48 89 e5 48 81
0x00001472c5ba0149:   ec d0 00 00 00 48 89 b5 58 ff ff ff 48 89 95 60
0x00001472c5ba0159:   ff ff ff 48 89 8d 68 ff ff ff 4c 89 85 70 ff ff
0x00001472c5ba0169:   ff 4c 89 8d 78 ff ff ff 84 c0 74 20 0f 29 45 80
0x00001472c5ba0179:   0f 29 4d 90 0f 29 55 a0 0f 29 5d b0 0f 29 65 c0
0x00001472c5ba0189:   0f 29 6d d0 0f 29 75 e0 0f 29 7d f0 48 8d 45 10
0x00001472c5ba0199:   48 8d 8d 38 ff ff ff 4c 89 d2 be 03 00 00 00 48
0x00001472c5ba01a9:   89 85 40 ff ff ff 48 8d 3d ea 11 82 00 48 8d 85 


Stack slot to memory mapping:
stack at sp + 0 slots: 0x00001472c0ae8b20 points into unknown readable memory: 0x7061000d74a90006 | 06 00 a9 74 0d 00 61 70
stack at sp + 1 slots: 0x00001472c0ae8b60 points into unknown readable memory: 0x49280072084d0004 | 04 00 4d 08 72 00 28 49
stack at sp + 2 slots: 0x00000008012e77c0 is a pointer to class: 
groovyjarjarantlr4.v4.runtime.atn.PredictionContext {0x00000008012e77c0}
 - instance size:     2
 - klass size:        76
 - access:            public synchronized abstract 
 - state:             fully_initialized
 - name:              'groovyjarjarantlr4/v4/runtime/atn/PredictionContext'
 - super:             'java/lang/Object'
 - sub:               'groovyjarjarantlr4/v4/runtime/atn/ArrayPredictionContext'   'groovyjarjarantlr4/v4/runtime/atn/SingletonPredictionContext'   'groovyjarjarantlr4/v4/runtime/atn/EmptyPredictionContext'   
 - arrays:            'groovyjarjarantlr4/v4/runtime/atn/PredictionContext'[]
 - methods:           Array<T>(0x00001472911b66c8)
 - method ordering:   Array<T>(0x0000000800b13a20)
 - default_methods:   Array<T>(0x0000000000000000)
 - local interfaces:  Array<T>(0x00000008006161a0)
 - trans. interfaces: Array<T>(0x00000008006161a0)
 - constants:         constant pool [347] {0x00001472911b5a78} for 'groovyjarjarantlr4/v4/runtime/atn/PredictionContext' cache=0x00001472911bbd78
 - class loader data:  loader data: 0x00001472c03ed140 for instance a 'jdk/internal/loader/ClassLoaders$AppClassLoader'{0x00000000c0914000}
 - source file:       'PredictionContext.java'
 - class annotations:       Array<T>(0x0000000000000000)
 - class type annotations:  Array<T>(0x0000000000000000)
 - field annotations:       Array<T>(0x0000000000000000)
 - field type annotations:  Array<T>(0x0000000000000000)
 - inner classes:     Array<T>(0x00001472911b8508)
 - nest members:     Array<T>(0x0000000800616128)
 - permitted subclasses:     Array<T>(0x0000000800616128)
 - java mirror:       a 'java/lang/Class'{0x00000000c1969440} = 'groovyjarjarantlr4/v4/runtime/atn/PredictionContext'
 - vtable length      18  (start addr: 0x00000008012e7980)
 - itable length      2 (start addr: 0x00000008012e7a10)
 - ---- static fields (3 words):
 - public static final 'EMPTY_LOCAL' 'Lgroovyjarjarantlr4/v4/runtime/atn/PredictionContext;' @112 
 - public static final 'EMPTY_FULL' 'Lgroovyjarjarantlr4/v4/runtime/atn/PredictionContext;' @116 
 - public static final 'EMPTY_LOCAL_STATE_KEY' 'I' @120 
 - public static final 'EMPTY_FULL_STATE_KEY' 'I' @124 
 - private static final 'INITIAL_HASH' 'I' @128 
 - static final synthetic '$assertionsDisabled' 'Z' @132 
 - ---- non-static fields (1 words):
 - private final 'cachedHashCode' 'I' @12 
 - non-static oop maps: 
stack at sp + 3 slots: 0x00000008012cbd68 is a pointer to class: 
groovyjarjarantlr4.v4.runtime.atn.ParserATNSimulator {0x00000008012cbd68}
 - instance size:     5
 - klass size:        110
 - access:            public synchronized 
 - state:             fully_initialized
 - name:              'groovyjarjarantlr4/v4/runtime/atn/ParserATNSimulator'
 - super:             'groovyjarjarantlr4/v4/runtime/atn/ATNSimulator'
 - sub:               'groovyjarjarantlr4/v4/runtime/atn/ProfilingATNSimulator'   
 - arrays:            NULL
 - methods:           Array<T>(0x000014729115fd50)
 - method ordering:   Array<T>(0x0000000800b13a20)
 - default_methods:   Array<T>(0x0000000000000000)
 - local interfaces:  Array<T>(0x00000008006161a0)
 - trans. interfaces: Array<T>(0x00000008006161a0)
 - constants:         constant pool [1252]/operands[21] {0x0000147291161dd0} for 'groovyjarjarantlr4/v4/runtime/atn/ParserATNSimulator' cache=0x00001472911a3790
 - class loader data:  loader data: 0x00001472c03ed140 for instance a 'jdk/internal/loader/ClassLoaders$AppClassLoader'{0x00000000c0914000}
 - source file:       'ParserATNSimulator.java'
 - class annotations:       Array<T>(0x0000000000000000)
 - class type annotations:  Array<T>(0x0000000000000000)
 - field annotations:       Array<T>(0x0000147291164548)
 - field type annotations:  Array<T>(0x0000000000000000)
 - inner classes:     Array<T>(0x000014729116abe0)
 - nest members:     Array<T>(0x0000000800616128)
 - permitted subclasses:     Array<T>(0x0000000800616128)
 - java mirror:       a 'java/lang/Class'{0x00000000c06e3430} = 'groovyjarjarantlr4/v4/runtime/atn/ParserATNSimulator'
 - vtable length      50  (start addr: 0x00000008012cbf28)
 - itable length      2 (start addr: 0x00000008012cc0b8)
 - ---- static fields (1 words):
 - public static final 'debug' 'Z' @116 
 - public static final 'dfa_debug' 'Z' @117 
 - public static final 'retry_debug' 'Z' @118 
 - private static final 'STATE_ALT_SORT_COMPARATOR' 'Ljava/util/Comparator;' @112 
 - static final synthetic '$assertionsDisabled' 'Z' @119 
 - ---- non-static fields (7 words):
 - public final 'atn' 'Lgroovyjarjarantlr4/v4/runtime/atn/ATN;' @12 
 - public 'force_global_context' 'Z' @16 
 - public 'always_try_local_context' 'Z' @17 
 - public 'enable_global_context_dfa' 'Z' @18 
 - public 'optimize_unique_closure' 'Z' @19 
 - public 'optimize_ll1' 'Z' @20 
 - public 'optimize_hidden_conflicted_configs' 'Z' @21 
 - public 'optimize_tail_calls' 'Z' @22 
 - public 'tail_call_preserves_sll' 'Z' @23 
 - public 'treat_sllk1_conflict_as_ambiguity' 'Z' @24 
 - public 'reportAmbiguities' 'Z' @25 
 - protected 'userWantsCtxSensitive' 'Z' @26 
 - private 'predictionMode' 'Lgroovyjarjarantlr4/v4/runtime/atn/PredictionMode;' @28 
 - protected final 'parser' 'Lgroovyjarjarantlr4/v4/runtime/Parser;' @32 
 - private 'dfa' 'Lgroovyjarjarantlr4/v4/runtime/dfa/DFA;' @36 
 - non-static oop maps: 12-12 28-36 
stack at sp + 4 slots: 0x0 is NULL
stack at sp + 5 slots: 0x0 is NULL
stack at sp + 6 slots: 0x00001472c60a0101: <offset 0x000000000101a101> in /opt/apps/oracle-java/20.0.1/lib/server/libjvm.so at 0x00001472c5086000
stack at sp + 7 slots: 0x00001472c57b6d9f: <offset 0x0000000000730d9f> in /opt/apps/oracle-java/20.0.1/lib/server/libjvm.so at 0x00001472c5086000

--------------------------------------------------------------------------------
Decoding CodeBlob, name: resolve_virtual_call, at  [0x00001472b4e63900, 0x00001472b4e63aa8]  424 bytes
[MachCode]
  0x00001472b4e63900: 5548 8bec | 9c48 83ec | 0848 81ec | 8000 0000 | 4889 4424 | 7848 894c | 2470 4889 | 5424 6848 
  0x00001472b4e63920: 895c 2460 | 4889 6c24 | 5048 8974 | 2448 4889 | 7c24 404c | 8944 2438 | 4c89 4c24 | 304c 8954 
  0x00001472b4e63940: 2428 4c89 | 5c24 204c | 8964 2418 | 4c89 6c24 | 104c 8974 | 2408 4c89 | 3c24 4881 | ec80 0a00 
  0x00001472b4e63960: 0048 0fae | 0424 c5f8 | 77c5 f877 | 4989 a7c0 | 0200 0049 | 8bff e845 | 6df6 1049 | c787 c002 
  0x00001472b4e63980: 0000 0000 | 0000 49c7 | 87c8 0200 | 0000 0000 | 00c5 f877 | 4983 7f08 | 000f 858a | 0000 0049 
  0x00001472b4e639a0: 8b9f 2003 | 0000 49c7 | 8720 0300 | 0000 0000 | 0048 899c | 24e0 0a00 | 0048 8984 | 24f8 0a00 
  0x00001472b4e639c0: 00c5 f877 | 480f ae0c | 2448 81c4 | 800a 0000 | 4c8b 3c24 | 4c8b 7424 | 084c 8b6c | 2410 4c8b 
  0x00001472b4e639e0: 6424 184c | 8b5c 2420 | 4c8b 5424 | 284c 8b4c | 2430 4c8b | 4424 3848 | 8b7c 2440 | 488b 7424 
  0x00001472b4e63a00: 4848 8b6c | 2450 488b | 5c24 6048 | 8b54 2468 | 488b 4c24 | 7048 8b44 | 2478 4881 | c480 0000 
  0x00001472b4e63a20: 0048 83c4 | 089d 5dff | e0c5 f877 | 480f ae0c | 2448 81c4 | 800a 0000 | 4c8b 3c24 | 4c8b 7424 
  0x00001472b4e63a40: 084c 8b6c | 2410 4c8b | 6424 184c | 8b5c 2420 | 4c8b 5424 | 284c 8b4c | 2430 4c8b | 4424 3848 
  0x00001472b4e63a60: 8b7c 2440 | 488b 7424 | 4848 8b6c | 2450 488b | 5c24 6048 | 8b54 2468 | 488b 4c24 | 7048 8b44 
  0x00001472b4e63a80: 2478 4881 | c480 0000 | 0048 83c4 | 089d 5d49 | c787 1803 | 0000 0000 | 0000 498b | 4708 e95d 
  0x00001472b4e63aa0: d1f9 fff4 | f4f4 f4f4 
[/MachCode]
--------------------------------------------------------------------------------


Compiled method (c1)    5031 5052       1       groovyjarjarantlr4.v4.runtime.atn.ParserATNSimulator::computeStartState (710 bytes)
 total in heap  [0x00001472b57e9d10,0x00001472b57ed1f0] = 13536
 relocation     [0x00001472b57e9e58,0x00001472b57ea130] = 728
 main code      [0x00001472b57ea140,0x00001472b57eb9d8] = 6296
 stub code      [0x00001472b57eb9d8,0x00001472b57ebc10] = 568
 oops           [0x00001472b57ebc10,0x00001472b57ebc38] = 40
 metadata       [0x00001472b57ebc38,0x00001472b57ebd48] = 272
 scopes data    [0x00001472b57ebd48,0x00001472b57eca38] = 3312
 scopes pcs     [0x00001472b57eca38,0x00001472b57ed068] = 1584
 dependencies   [0x00001472b57ed068,0x00001472b57ed0b0] = 72
 handler table  [0x00001472b57ed0b0,0x00001472b57ed110] = 96
 nul chk table  [0x00001472b57ed110,0x00001472b57ed1f0] = 224

[Constant Pool (empty)]

[MachCode]
[Entry Point]
  # {method} {0x0000147291166fb8} 'computeStartState' '(Lgroovyjarjarantlr4/v4/runtime/dfa/DFA;Lgroovyjarjarantlr4/v4/runtime/ParserRuleContext;Z)Lgroovyjarjarantlr4/v4/runtime/atn/SimulatorState;' in 'groovyjarjarantlr4/v4/runtime/atn/ParserATNSimulator'
  # this:     rsi:rsi   = 'groovyjarjarantlr4/v4/runtime/atn/ParserATNSimulator'
  # parm0:    rdx:rdx   = 'groovyjarjarantlr4/v4/runtime/dfa/DFA'
  # parm1:    rcx:rcx   = 'groovyjarjarantlr4/v4/runtime/ParserRuleContext'
  # parm2:    r8        = boolean
  #           [sp+0x2a0]  (sp of caller)
  0x00001472b57ea140: 448b 5608 | 49bb 0000 | 0000 0800 | 0000 4d03 | d34c 3bd0 

  0x00001472b57ea154: ;   {runtime_call ic_miss_stub}
  0x00001472b57ea154: 0f85 a691 | 67ff 660f | 1f44 0000 
[Verified Entry Point]
  0x00001472b57ea160: 8984 2400 | c0fe ff55 | 4881 ec90 | 0200 0090 | 4181 7f20 | 0300 0000 

  0x00001472b57ea178: ;   {runtime_call StubRoutines (2)}
  0x00001472b57ea178: 7405 e821 | ee65 ff48 | 89b4 2418 | 0100 0048 | 8994 2410 | 0100 0048 | 898c 2420 | 0100 0044 
  0x00001472b57ea198: 8984 2408 | 0100 000f | be7a 1883 | e701 83ff | 000f 8482 | 0000 008b | 7e20 8b7f | 288b 5f0c 
  0x00001472b57ea1b8: 83fb 00b8 | 0000 0000 | 0f85 0500 | 0000 b801 | 0000 0083 | e001 83f8 | 000f 840a | 0000 00bf 
  0x00001472b57ea1d8: ffff ffff | e929 0000 | 0048 8bc3 | ffc8 83f8 | 000f 8c1a | 1400 003b | c30f 8d12 | 1400 008b 
  0x00001472b57ea1f8: 7f10 3b47 | 0c0f 8347 | 1500 0048 | 63c0 8b7c | 8710 488b | da48 8bd7 | 498b c848 

  0x00001472b57ea214: ;   {optimized virtual_call}
  0x00001472b57ea214: 8bf3 90e8 

  0x00001472b57ea218: ; ImmutableOopMap {[272]=Oop [280]=Oop [288]=Oop }
                      ;*invokevirtual getPrecedenceStartState {reexecute=0 rethrow=0 return_oop=0}
                      ; - groovyjarjarantlr4.v4.runtime.atn.ParserATNSimulator::computeStartState@16 (line 1246)
  0x00001472b57ea218: e493 67ff | 448b 8424 | 0801 0000 | 488b 9424 | 1001 0000 | e98d 0000 | 0041 83f8 | 0048 8b94 
  0x00001472b57ea238: 2410 0100 | 000f 8440 | 0000 008b | 7224 8b76 | 0c48 83fe | 000f 8428 

  0x00001472b57ea250: ;   {metadata('groovyjarjarantlr4/v4/runtime/dfa/DFAState')}
  0x00001472b57ea250: 0000 0048 | b888 9c2c | 0108 0000 | 008b 7e08 | 49ba 0000 | 0000 0800 | 0000 4903 | fa48 3bc7 
  0x00001472b57ea270: 0f85 e714 | 0000 e900 | 0000 0048 | 8bc6 e93b | 0000 008b | 7220 8b76 | 0c48 83fe | 000f 8428 
  0x00001472b57ea290: ;   {metadata('groovyjarjarantlr4/v4/runtime/dfa/DFAState')}
  0x00001472b57ea290: 0000 0048 | b888 9c2c | 0108 0000 | 008b 7e08 | 49ba 0000 | 0000 0800 | 0000 4903 | fa48 3bc7 
  0x00001472b57ea2b0: 0f85 b514 | 0000 e900 | 0000 0048 | 8bc6 4883 | f800 0f85 | 0d00 0000 | 4889 8424 | 2801 0000 
  0x00001472b57ea2d0: e93f 0000 | 0041 83f8 | 000f 843b | 1000 0048 | 8bb4 2418 | 0100 008b | 7e0c 483b | 0048 8bd7 
  0x00001472b57ea2f0: 488b f048 | 8984 2428 | 0100 000f 

  0x00001472b57ea2fc: ;   {optimized virtual_call}
  0x00001472b57ea2fc: 1f40 00e8 

  0x00001472b57ea300: ; ImmutableOopMap {[272]=Oop [280]=Oop [288]=Oop [296]=Oop }
                      ;*invokevirtual setContextSensitive {reexecute=0 rethrow=0 return_oop=0}
                      ; - groovyjarjarantlr4.v4.runtime.atn.ParserATNSimulator::computeStartState@79 (line 1255)
  0x00001472b57ea300: fc92 67ff | 448b 8424 | 0801 0000 | 488b 9424 | 1001 0000 | 8b72 0c8b | 5a28 4889 | 9c24 4001 
  0x00001472b57ea320: 0000 4183 

  0x00001472b57ea324: ;   {oop(a 'groovyjarjarantlr4/v4/runtime/atn/EmptyPredictionContext'{0x00000000c21d91a8})}
  0x00001472b57ea324: f800 49b9 | a891 1dc2 | 0000 0000 | 0f84 0a00 

  0x00001472b57ea334: ;   {oop(a 'groovyjarjarantlr4/v4/runtime/atn/EmptyPredictionContext'{0x00000000c21ec6c0})}
  0x00001472b57ea334: 0000 49b9 | c0c6 1ec2 | 0000 0000 

  0x00001472b57ea340: ;   {metadata('groovyjarjarantlr4/v4/runtime/atn/PredictionContextCache')}
  0x00001472b57ea340: 48ba a0ca | 2e01 0800 | 0000 498b | 87f8 0000 | 0048 8d78 | 2049 3bbf | 0801 0000 | 0f87 1714 
  0x00001472b57ea360: 0000 4989 | bff8 0000 | 0048 c700 | 0100 0000 | 488b ca49 | ba00 0000 | 0008 0000 | 0049 2bca 
  0x00001472b57ea380: 8948 0848 | 33c9 8948 | 0c48 33c9 | 4889 4810 | 4889 4818 | 4889 8424 | 3801 0000 | ba01 0000 
  0x00001472b57ea3a0: 0048 8bf0 | 4c89 8c24 | 3001 0000 

  0x00001472b57ea3ac: ;   {optimized virtual_call}
  0x00001472b57ea3ac: 6666 90e8 

  0x00001472b57ea3b0: ; ImmutableOopMap {[272]=Oop [280]=Oop [288]=Oop [296]=Oop [304]=Oop [312]=Oop [320]=Oop }
                      ;*invokespecial <init> {reexecute=0 rethrow=0 return_oop=0}
                      ; - groovyjarjarantlr4.v4.runtime.atn.PredictionContextCache::<init>@2 (line 32)
                      ; - groovyjarjarantlr4.v4.runtime.atn.ParserATNSimulator::computeStartState@119 (line 1265)
  0x00001472b57ea3b0: 8c1e eeff | 448b 8424 | 0801 0000 | 4183 f800 | 0f85 2200 | 0000 4c8b | 8c24 3001 | 0000 488b 
  0x00001472b57ea3d0: 8c24 2001 | 0000 488b | 8424 2801 | 0000 bb00 | 0000 00e9 | a404 0000 | 488b b424 | 1801 0000 
  0x00001472b57ea3f0: 0fbe 5612 | 83fa 004c | 8b8c 2430 | 0100 0048 | 8b8c 2420 | 0100 000f | 8523 0100 | 00bf 0000 
  0x00001472b57ea410: 0000 4c89 | 8c24 4801 | 0000 e9f2 | 0000 0090 

  0x00001472b57ea420: ; implicit exception: dispatches to 0x00001472b57eb786
  0x00001472b57ea420: 8b51 0c83 | faff ba00 | 0000 000f | 8505 0000 | 00ba 0100 | 0000 83e2 | 0183 fa00 | 0f84 1e00 
  0x00001472b57ea440: 0000 4d8b | 9780 0300 

  0x00001472b57ea448: ; ImmutableOopMap {rsi=Oop [272]=Oop [280]=Oop [288]=Oop [296]=Oop [312]=Oop [320]=Oop [328]=Oop }
                      ;*goto {reexecute=1 rethrow=0 return_oop=0}
                      ; - (reexecute) groovyjarjarantlr4.v4.runtime.atn.ParserATNSimulator::computeStartState@156 (line 1271)
                      ;   {poll}
  0x00001472b57ea448: 0041 8502 

  0x00001472b57ea44c: ;   {oop(NULL)}
  0x00001472b57ea44c: 48b9 0000 | 0000 0000 | 0000 bfff | ffff 7fe9 | b100 0000 | 488b d148 | 8bfe 488b | f748 898c 
  0x00001472b57ea46c: 2450 0100 | 0066 0f1f 

  0x00001472b57ea474: ;   {optimized virtual_call}
  0x00001472b57ea474: 4400 00e8 

  0x00001472b57ea478: ; ImmutableOopMap {[272]=Oop [280]=Oop [288]=Oop [296]=Oop [312]=Oop [320]=Oop [328]=Oop [336]=Oop }
                      ;*invokevirtual getReturnState {reexecute=0 rethrow=0 return_oop=0}
                      ; - groovyjarjarantlr4.v4.runtime.atn.ParserATNSimulator::computeStartState@162 (line 1274)
  0x00001472b57ea478: 64e6 f7ff | 488b d048 | 8b8c 2438 | 0100 0048 | 8bb4 2448 | 0100 0089 | 8424 0c01 | 0000 0f1f 
  0x00001472b57ea498: 8000 0000 | 0048 b8ff | ffff ffff 

  0x00001472b57ea4a4: ;   {virtual_call}
  0x00001472b57ea4a4: ffff ffe8 

  0x00001472b57ea4a8: ; ImmutableOopMap {[272]=Oop [280]=Oop [288]=Oop [296]=Oop [312]=Oop [320]=Oop [336]=Oop }
                      ;*invokevirtual appendContext {reexecute=0 rethrow=0 return_oop=0}
                      ; - groovyjarjarantlr4.v4.runtime.atn.ParserATNSimulator::computeStartState@173 (line 1275)
  0x00001472b57ea4a8: 5494 67ff | 488b 8c24 | 5001 0000 | 8b51 1048 | 83fa 000f | 8429 0000 

  0x00001472b57ea4c0: ;   {metadata('groovyjarjarantlr4/v4/runtime/ParserRuleContext')}
  0x00001472b57ea4c0: 0048 bbe8 | 8328 0108 | 0000 008b | 7a08 49ba | 0000 0000 | 0800 0000 | 4903 fa48 | 3b5f 400f 
  0x00001472b57ea4e0: 85a6 1200 | 00e9 0000 | 0000 4d8b | 9780 0300 

  0x00001472b57ea4f0: ; ImmutableOopMap {rax=Oop rdx=Oop [272]=Oop [280]=Oop [288]=Oop [296]=Oop [312]=Oop [320]=Oop }
                      ;*goto {reexecute=1 rethrow=0 return_oop=0}
                      ; - (reexecute) groovyjarjarantlr4.v4.runtime.atn.ParserATNSimulator::computeStartState@185 (line 1276)
                      ;   {poll}
  0x00001472b57ea4f0: 0041 8502 | 4c8b c848 | 8bca 8bbc | 240c 0100 | 004c 898c | 2448 0100 | 0048 8bb4 | 2418 0100 
  0x00001472b57ea510: 0048 83f9 | 000f 8505 | ffff ff4c | 8b8c 2448 | 0100 0048 | 8b84 2428 | 0100 00e9 | 1000 0000 
  0x00001472b57ea530: 488b 8424 | 2801 0000 | bf00 0000 | 0066 6690 | 4c89 8c24 | 6001 0000 | 488b b424 | 1801 0000 
  0x00001472b57ea550: 4883 f800 | 0f84 1403 | 0000 8b50 | 2048 83fa | 00ba 0000 | 0000 0f84 | 0500 0000 | ba01 0000 
  0x00001472b57ea570: 0083 e201 | 83fa 000f | 84e1 0200 | 0048 83f9 | 000f 84c7 | 0200 0048 | 8984 2458 | 0100 0048 
  0x00001472b57ea590: 8bd1 488b | de48 8bf3 | 0f1f 8000 

  0x00001472b57ea59c: ;   {optimized virtual_call}
  0x00001472b57ea59c: 0000 00e8 

  0x00001472b57ea5a0: ; ImmutableOopMap {[272]=Oop [280]=Oop [288]=Oop [312]=Oop [320]=Oop [344]=Oop [352]=Oop }
                      ;*invokevirtual skipTailCalls {reexecute=0 rethrow=0 return_oop=0}
                      ; - groovyjarjarantlr4.v4.runtime.atn.ParserATNSimulator::computeStartState@209 (line 1283)
  0x00001472b57ea5a0: 5c90 67ff | 4889 8424 | 6801 0000 

  0x00001472b57ea5ac: ; implicit exception: dispatches to 0x00001472b57eb799
  0x00001472b57ea5ac: 8b50 0c83 | faff ba00 | 0000 000f | 8505 0000 | 00ba 0100 | 0000 83e2 | 0183 fa00 | 0f84 e100 
  0x00001472b57ea5cc: 0000 488b | 8424 5801 | 0000 488d | 9424 7802 | 0000 488b | f848 897a | 0848 8b07 | 4883 c801 
  0x00001472b57ea5ec: 4889 02f0 | 480f b117 | 0f84 1200 | 0000 482b | c448 2507 | f0ff ff48 | 8902 0f85 | 9211 0000 
  0x00001472b57ea60c: 49ff 8778 | 0400 008b | 771c baff | ffff ff48 | 89bc 2458 | 0100 0066 | 9048 b8ff | ffff ffff 
  0x00001472b57ea62c: ;   {virtual_call}
  0x00001472b57ea62c: ffff ffe8 

  0x00001472b57ea630: ; ImmutableOopMap {[272]=Oop [280]=Oop [288]=Oop [312]=Oop [320]=Oop [344]=Oop [352]=Oop [640]=Oop }
                      ;*invokevirtual get {reexecute=0 rethrow=0 return_oop=0}
                      ; - groovyjarjarantlr4.v4.runtime.dfa.DFAState::getContextTarget@13 (line 214)
                      ; - groovyjarjarantlr4.v4.runtime.atn.ParserATNSimulator::computeStartState@227 (line 1285)
  0x00001472b57ea630: cc92 67ff | 4883 f800 | 0f84 2800 

  0x00001472b57ea63c: ;   {metadata('groovyjarjarantlr4/v4/runtime/dfa/DFAState')}
  0x00001472b57ea63c: 0000 48bf | 889c 2c01 | 0800 0000 | 8b50 0849 | ba00 0000 | 0008 0000 | 0049 03d2 | 483b fa0f 
  0x00001472b57ea65c: 8550 1100 | 00e9 0000 | 0000 488b | d048 8d84 | 2478 0200 | 0048 8b30 | 4885 f60f | 840f 0000 
  0x00001472b57ea67c: 0048 8b78 | 08f0 480f | b137 0f85 | 2e11 0000 | 49ff 8f78 | 0400 004c | 8b8c 2460 

  0x00001472b57ea698: ;   {oop(NULL)}
  0x00001472b57ea698: 0100 0048 | be00 0000 | 0000 0000 | 00bf ffff | ff7f e980 | 0100 0048 | 8bd0 488b | b424 1801 
  0x00001472b57ea6b8: 0000 0f1f 

  0x00001472b57ea6bc: ;   {optimized virtual_call}
  0x00001472b57ea6bc: 4400 00e8 

  0x00001472b57ea6c0: ; ImmutableOopMap {[272]=Oop [280]=Oop [288]=Oop [312]=Oop [320]=Oop [344]=Oop [352]=Oop [360]=Oop }
                      ;*invokevirtual getReturnState {reexecute=0 rethrow=0 return_oop=0}
                      ; - groovyjarjarantlr4.v4.runtime.atn.ParserATNSimulator::computeStartState@246 (line 1290)
  0x00001472b57ea6c0: 3c8f 67ff | 488d 9424 | 7802 0000 | 488b d848 | 8bbc 2458 | 0100 0048 | 897a 0848 | 8b07 4883 
  0x00001472b57ea6e0: c801 4889 | 02f0 480f | b117 0f84 | 1200 0000 | 482b c448 | 2507 f0ff | ff48 8902 | 0f85 ce10 
  0x00001472b57ea700: 0000 49ff | 8778 0400 | 0081 fbff | ffff 7f0f | 8408 0000 | 0048 8bc3 | e905 0000 | 00b8 ffff 
  0x00001472b57ea720: ffff 899c | 2470 0100 | 008b 771c | 488b d048 | 89bc 2458 | 0100 0066 | 0f1f 4400 | 0048 b8ff 
  0x00001472b57ea740: ffff ffff 

  0x00001472b57ea744: ;   {virtual_call}
  0x00001472b57ea744: ffff ffe8 

  0x00001472b57ea748: ; ImmutableOopMap {[272]=Oop [280]=Oop [288]=Oop [312]=Oop [320]=Oop [344]=Oop [352]=Oop [360]=Oop [640]=Oop }
                      ;*invokevirtual get {reexecute=0 rethrow=0 return_oop=0}
                      ; - groovyjarjarantlr4.v4.runtime.dfa.DFAState::getContextTarget@13 (line 214)
                      ; - groovyjarjarantlr4.v4.runtime.atn.ParserATNSimulator::computeStartState@255 (line 1291)
  0x00001472b57ea748: b491 67ff | 4883 f800 | 0f84 2800 

  0x00001472b57ea754: ;   {metadata('groovyjarjarantlr4/v4/runtime/dfa/DFAState')}
  0x00001472b57ea754: 0000 48b9 | 889c 2c01 | 0800 0000 | 8b78 0849 | ba00 0000 | 0008 0000 | 0049 03fa | 483b cf0f 
  0x00001472b57ea774: 856a 1000 | 00e9 0000 | 0000 488b | f848 8d84 | 2478 0200 | 0048 8b10 | 4885 d20f | 840f 0000 
  0x00001472b57ea794: 0048 8b48 | 08f0 480f | b111 0f85 | 4810 0000 | 49ff 8f78 | 0400 008b | 9424 7001 | 0000 488b 
  0x00001472b57ea7b4: 8c24 3801 | 0000 488b | b424 6001 | 0000 4889 | bc24 7801 | 0000 6666 | 9048 b8ff | ffff ffff 
  0x00001472b57ea7d4: ;   {virtual_call}
  0x00001472b57ea7d4: ffff ffe8 

  0x00001472b57ea7d8: ; ImmutableOopMap {[272]=Oop [280]=Oop [288]=Oop [312]=Oop [320]=Oop [344]=Oop [360]=Oop [376]=Oop }
                      ;*invokevirtual appendContext {reexecute=0 rethrow=0 return_oop=0}
                      ; - groovyjarjarantlr4.v4.runtime.atn.ParserATNSimulator::computeStartState@266 (line 1292)
  0x00001472b57ea7d8: 2491 67ff | 488b 9424 | 6801 0000 | 8b52 1048 | 83fa 000f | 8429 0000 

  0x00001472b57ea7f0: ;   {metadata('groovyjarjarantlr4/v4/runtime/ParserRuleContext')}
  0x00001472b57ea7f0: 0048 b9e8 | 8328 0108 | 0000 008b | 7a08 49ba | 0000 0000 | 0800 0000 | 4903 fa48 | 3b4f 400f 
  0x00001472b57ea810: 85ed 0f00 | 00e9 0000 | 0000 488b | f248 8b94 | 2478 0100 | 004c 8bc8 | 8bbc 2470 | 0100 0048 
  0x00001472b57ea830: 83fa 000f | 8445 0000 | 004d 8b97 

  0x00001472b57ea83c: ; ImmutableOopMap {rdx=Oop r9=Oop rsi=Oop [272]=Oop [280]=Oop [288]=Oop [312]=Oop [320]=Oop }
                      ;*goto {reexecute=1 rethrow=0 return_oop=0}
                      ; - (reexecute) groovyjarjarantlr4.v4.runtime.atn.ParserATNSimulator::computeStartState@290 (line 1301)
  0x00001472b57ea83c: 8003 0000 

  0x00001472b57ea840: ;   {poll}
  0x00001472b57ea840: 4185 0248 | 8bce 488b | c2e9 f2fc | ffff 4c8b | 8c24 6001 | 0000 488b | dfe9 2e00 | 0000 4c8b 
  0x00001472b57ea860: 8c24 6001 | 0000 488b | dfe9 1e00 | 0000 4c8b | 8c24 6001 | 0000 488b | dfe9 0e00 | 0000 488b 
  0x00001472b57ea880: 8424 5801 | 0000 488b | ce48 8bdf | 4883 f800 | 0f84 2300 | 0000 8b50 | 2048 83fa | 00ba 0000 
  0x00001472b57ea8a0: 0000 0f84 | 0500 0000 | ba01 0000 | 0083 e201 | 83fa 000f | 84c1 0900 | 004c 898c | 2488 0100 
  0x00001472b57ea8c0: 0048 898c | 2490 0100 | 0089 9c24 | 7401 0000 | 4889 8424 | 9801 0000 

  0x00001472b57ea8d8: ;   {metadata('groovyjarjarantlr4/v4/runtime/atn/ATNConfigSet')}
  0x00001472b57ea8d8: 48ba 1893 | 2c01 0800 | 0000 498b | 87f8 0000 | 0048 8d78 | 2849 3bbf | 0801 0000 | 0f87 160f 
  0x00001472b57ea8f8: 0000 4989 | bff8 0000 | 0048 c700 | 0100 0000 | 488b ca49 | ba00 0000 | 0008 0000 | 0049 2bca 
  0x00001472b57ea918: 8948 0848 | 33c9 8948 | 0c48 33c9 | 4889 4810 | 4889 4818 | 4889 4820 | 488b f048 | 8984 2480 
  0x00001472b57ea938: 0100 000f 

  0x00001472b57ea93c: ;   {optimized virtual_call}
  0x00001472b57ea93c: 1f40 00e8 

  0x00001472b57ea940: ; ImmutableOopMap {[272]=Oop [280]=Oop [288]=Oop [312]=Oop [320]=Oop [384]=Oop [392]=Oop [400]=Oop [408]=Oop }
                      ;*invokespecial <init> {reexecute=0 rethrow=0 return_oop=0}
                      ; - groovyjarjarantlr4.v4.runtime.atn.ParserATNSimulator::computeStartState@324 (line 1308)
  0x00001472b57ea940: bc8c 67ff | 488b 8424 | 8001 0000 | 4c8b 8c24 | 8801 0000 | 488b 8c24 | 9001 0000 | 8b9c 2474 
  0x00001472b57ea960: 0100 004c | 8b84 2498 | 0100 0048 | 8984 24a8 | 0100 000f | 1f44 0000 | 4c89 8c24 | b001 0000 
  0x00001472b57ea980: 4889 8c24 | a001 0000 | 899c 24c8 | 0100 004c | 8984 24c0 

  0x00001472b57ea994: ;   {metadata('groovyjarjarantlr4/v4/runtime/atn/ATNConfigSet')}
  0x00001472b57ea994: 0100 0048 | ba18 932c | 0108 0000 | 0049 8b87 | f800 0000 | 488d 7828 | 493b bf08 | 0100 000f 
  0x00001472b57ea9b4: 8764 0e00 | 0049 89bf | f800 0000 | 48c7 0001 | 0000 0048 | 8bca 49ba | 0000 0000 | 0800 0000 
  0x00001472b57ea9d4: 492b ca89 | 4808 4833 | c989 480c | 4833 c948 | 8948 1048 | 8948 1848 | 8948 2048 | 8984 24b8 
  0x00001472b57ea9f4: 0100 0048 | 8bf0 0f1f 

  0x00001472b57ea9fc: ;   {optimized virtual_call}
  0x00001472b57ea9fc: 4400 00e8 

  0x00001472b57eaa00: ; ImmutableOopMap {[272]=Oop [280]=Oop [288]=Oop [312]=Oop [320]=Oop [416]=Oop [424]=Oop [432]=Oop [440]=Oop [448]=Oop }
                      ;*invokespecial <init> {reexecute=0 rethrow=0 return_oop=0}
                      ; - groovyjarjarantlr4.v4.runtime.atn.ParserATNSimulator::computeStartState@333 (line 1310)
  0x00001472b57eaa00: fc8b 67ff | 488b 9c24 | 4001 0000 

  0x00001472b57eaa0c: ; implicit exception: dispatches to 0x00001472b57eb82a
  0x00001472b57eaa0c: 8b73 1c66 | 0f1f 4400 | 0048 b8ff | ffff ffff 

  0x00001472b57eaa1c: ;   {virtual_call}
  0x00001472b57eaa1c: ffff ffe8 

  0x00001472b57eaa20: ; ImmutableOopMap {[272]=Oop [280]=Oop [288]=Oop [312]=Oop [320]=Oop [416]=Oop [424]=Oop [432]=Oop [440]=Oop [448]=Oop }
                      ;*invokeinterface size {reexecute=0 rethrow=0 return_oop=0}
                      ; - groovyjarjarantlr4.v4.runtime.atn.ATNState::getNumberOfTransitions@4 (line 175)
                      ; - groovyjarjarantlr4.v4.runtime.atn.ParserATNSimulator::computeStartState@340 (line 1311)
  0x00001472b57eaa20: dc8e 67ff | 8984 24d0 | 0100 00bf | 0000 0000 | e9c8 0000 | 0066 6690 | 8b73 1c48 | 8bd7 89bc 
  0x00001472b57eaa40: 24cc 0100 | 0048 b8ff | ffff ffff 

  0x00001472b57eaa4c: ;   {virtual_call}
  0x00001472b57eaa4c: ffff ffe8 

  0x00001472b57eaa50: ; ImmutableOopMap {[272]=Oop [280]=Oop [288]=Oop [312]=Oop [320]=Oop [416]=Oop [424]=Oop [432]=Oop [440]=Oop [448]=Oop }
                      ;*invokeinterface get {reexecute=0 rethrow=0 return_oop=0}
                      ; - groovyjarjarantlr4.v4.runtime.atn.ATNState::transition@5 (line 195)
                      ; - groovyjarjarantlr4.v4.runtime.atn.ParserATNSimulator::computeStartState@359 (line 1314)
  0x00001472b57eaa50: ac8e 67ff | 4883 f800 | 0f84 2900 

  0x00001472b57eaa5c: ;   {metadata('groovyjarjarantlr4/v4/runtime/atn/Transition')}
  0x00001472b57eaa5c: 0000 49b8 | a8f0 2b01 | 0800 0000 | 8b48 0849 | ba00 0000 | 0008 0000 | 0049 03ca | 4c3b 4138 
  0x00001472b57eaa7c: 0f85 ad0d | 0000 e900 | 0000 0048 | 8bf0 8b76 | 0c8b bc24 | cc01 0000 | ffc7 488b | d748 8b8c 
  0x00001472b57eaa9c: 24b0 0100 

  0x00001472b57eaaa0: ;   {oop(a 'groovyjarjarantlr4/v4/runtime/atn/SemanticContext$Predicate'{0x00000000c1969ed0})}
  0x00001472b57eaaa0: 0049 b8d0 | 9e96 c100 

  0x00001472b57eaaa8: ;   {oop(NULL)}
  0x00001472b57eaaa8: 0000 0049 | b900 0000 | 0000 0000 | 0089 bc24 | d401 0000 

  0x00001472b57eaabc: ;   {static_call}
  0x00001472b57eaabc: 6666 90e8 

  0x00001472b57eaac0: ; ImmutableOopMap {[272]=Oop [280]=Oop [288]=Oop [312]=Oop [320]=Oop [416]=Oop [424]=Oop [432]=Oop [440]=Oop [448]=Oop }
                      ;*invokestatic create {reexecute=0 rethrow=0 return_oop=0}
                      ; - groovyjarjarantlr4.v4.runtime.atn.ATNConfig::create@7 (line 112)
                      ; - groovyjarjarantlr4.v4.runtime.atn.ParserATNSimulator::computeStartState@377 (line 1315)
  0x00001472b57eaac0: 3c91 67ff 

  0x00001472b57eaac4: ;   {oop(NULL)}
  0x00001472b57eaac4: 488b d048 | b900 0000 | 0000 0000 | 0048 8bb4 | 24b8 0100 | 0066 0f1f 

  0x00001472b57eaadc: ;   {optimized virtual_call}
  0x00001472b57eaadc: 4400 00e8 

  0x00001472b57eaae0: ; ImmutableOopMap {[272]=Oop [280]=Oop [288]=Oop [312]=Oop [320]=Oop [416]=Oop [424]=Oop [432]=Oop [440]=Oop [448]=Oop }
                      ;*invokevirtual add {reexecute=0 rethrow=0 return_oop=0}
                      ; - groovyjarjarantlr4.v4.runtime.atn.ATNConfigSet::add@3 (line 233)
                      ; - groovyjarjarantlr4.v4.runtime.atn.ParserATNSimulator::computeStartState@380 (line 1315)
  0x00001472b57eaae0: 1c8b 67ff | 904d 8b97 

  0x00001472b57eaae8: ; ImmutableOopMap {[272]=Oop [280]=Oop [288]=Oop [312]=Oop [320]=Oop [416]=Oop [424]=Oop [432]=Oop [440]=Oop [448]=Oop }
                      ;*goto {reexecute=1 rethrow=0 return_oop=0}
                      ; - (reexecute) groovyjarjarantlr4.v4.runtime.atn.ParserATNSimulator::computeStartState@387 (line 1312)
  0x00001472b57eaae8: 8003 0000 

  0x00001472b57eaaec: ;   {poll}
  0x00001472b57eaaec: 4185 028b | bc24 d401 | 0000 8b84 | 24d0 0100 | 0048 8b9c | 2440 0100 | 003b f80f | 8c2b ffff 
  0x00001472b57eab0c: ff48 8b8c | 24a0 0100 | 0048 83f9 | 00bf 0000 | 0000 0f84 | 0500 0000 | bf01 0000 | 0048 83f9 
  0x00001472b57eab2c: 000f 841d | 0000 0048 | 8b84 24b8 | 0100 0048 | 8b9c 24a8 | 0100 0048 | 898c 24a0 | 0100 00e9 
  0x00001472b57eab4c: 4b00 0000 | 89bc 24d8 | 0100 0048 | 8b84 24a8 | 0100 0048 | 898c 24a0 | 0100 0048 | 3b00 ba01 
  0x00001472b57eab6c: 0000 0048 | 8bf0 4889 | 8424 a801 | 0000 0f1f 

  0x00001472b57eab7c: ;   {optimized virtual_call}
  0x00001472b57eab7c: 4400 00e8 

  0x00001472b57eab80: ; ImmutableOopMap {[272]=Oop [280]=Oop [288]=Oop [312]=Oop [320]=Oop [416]=Oop [424]=Oop [432]=Oop [440]=Oop [448]=Oop }
                      ;*invokevirtual setOutermostConfigSet {reexecute=0 rethrow=0 return_oop=0}
                      ; - groovyjarjarantlr4.v4.runtime.atn.ParserATNSimulator::computeStartState@410 (line 1320)
  0x00001472b57eab80: 7c8a 67ff | 8bbc 24d8 | 0100 0048 | 8b84 24b8 | 0100 0048 | 8b9c 24a8 | 0100 0048 | 8bd0 488b 
  0x00001472b57eaba0: cb41 b801 | 0000 004c | 8bcf 488b | bc24 3801 | 0000 c704 | 2400 0000 | 0048 8bb4 | 2418 0100 
  0x00001472b57eabc0: 0048 899c | 24a8 0100 | 0066 0f1f 

  0x00001472b57eabcc: ;   {optimized virtual_call}
  0x00001472b57eabcc: 4400 00e8 

  0x00001472b57eabd0: ; ImmutableOopMap {[272]=Oop [280]=Oop [288]=Oop [312]=Oop [320]=Oop [416]=Oop [424]=Oop [432]=Oop [448]=Oop }
                      ;*invokevirtual closure {reexecute=0 rethrow=0 return_oop=0}
                      ; - groovyjarjarantlr4.v4.runtime.atn.ParserATNSimulator::computeStartState@427 (line 1324)
  0x00001472b57eabd0: 2c8a 67ff | 488b 8424 | a801 0000 

  0x00001472b57eabdc: ; implicit exception: dispatches to 0x00001472b57eb842
  0x00001472b57eabdc: 0fbe 5015 | 83e2 0189 | 9424 dc01 | 0000 448b | 8424 0801 | 0000 4183 | f800 0f85 | 1500 0000 
  0x00001472b57eabfc: 488b bc24 | c001 0000 | 488b b424 | 1801 0000 | e91d 0000 | 0048 8bb4 | 2418 0100 | 000f be4e 
  0x00001472b57eac1c: 1283 f900 | 0f84 8505 | 0000 488b | bc24 c001 | 0000 4883 | ff00 0f85 | d902 0000 | 488b bc24 
  0x00001472b57eac3c: 1001 0000 | 0fbe 4f18 | 83e1 0183 | f900 0f85 | c601 0000 | 4183 f800 | 0f84 0800 | 0000 8b4f 
  0x00001472b57eac5c: 24e9 0300 | 0000 8b4f | 2048 898c | 24e0 0100 | 0048 8bd7 | 488b c84c | 8b84 2438 | 0100 004c 
  0x00001472b57eac7c: 8bee 498b | f548 8984 | 24a8 0100 | 0066 0f1f 

  0x00001472b57eac8c: ;   {optimized virtual_call}
  0x00001472b57eac8c: 4400 00e8 

  0x00001472b57eac90: ; ImmutableOopMap {[272]=Oop [280]=Oop [288]=Oop [312]=Oop [320]=Oop [416]=Oop [424]=Oop [432]=Oop [480]=Oop }
                      ;*invokevirtual addDFAState {reexecute=0 rethrow=0 return_oop=0}
                      ; - groovyjarjarantlr4.v4.runtime.atn.ParserATNSimulator::computeStartState@497 (line 1335)
  0x00001472b57eac90: 6c89 67ff | 4889 8424 | 5802 0000 | 488b 8c24 | e001 0000 

  0x00001472b57eaca4: ; implicit exception: dispatches to 0x00001472b57eb847
  0x00001472b57eaca4: 483b 0148 | 83f9 000f | 844b 0000 | 0048 83f9 | 000f 8429 

  0x00001472b57eacb8: ;   {metadata('java/util/concurrent/atomic/AtomicReference')}
  0x00001472b57eacb8: 0000 0048 | bf38 9406 | 0108 0000 | 008b 7108 | 49ba 0000 | 0000 0800 | 0000 4903 | f248 3b7e 
  0x00001472b57eacd8: 380f 8505 | 0000 00e9 | 0500 0000 | 4833 d2eb | 0a48 ba01 | 0000 0000 | 0000 0083 | fa00 0f84 
  0x00001472b57eacf8: 6d08 0000 | 4883 f900 | 0f84 db07 | 0000 4883 | f800 0f84 | 4b00 0000 | 4883 f800 | 0f84 2900 
  0x00001472b57ead18: ;   {metadata('java/lang/Object')}
  0x00001472b57ead18: 0000 48bf | 700e 0000 | 0800 0000 | 8b70 0849 | ba00 0000 | 0008 0000 | 0049 03f2 | 483b 7e30 
  0x00001472b57ead38: 0f85 0500 | 0000 e905 | 0000 0048 | 33d2 eb0a | 48ba 0100 | 0000 0000 | 0000 83fa | 000f 84e6 
  0x00001472b57ead58: 0600 0048 | ba0c 0000 | 0000 0000 | 0048 8d14 | 1145 0fbe | 4740 4183 | f800 0f85 | d40a 0000 
  0x00001472b57ead78: ;   {oop(NULL)}
  0x00001472b57ead78: 488b d848 | b800 0000 | 0000 0000 | 004c 8bd3 | f044 0fb1 | 1241 b801 | 0000 000f | 8406 0000 
  0x00001472b57ead98: 0041 b800 | 0000 0048 | 8bf2 4833 | f348 c1ee | 1448 83fe | 000f 85b4 | 0a00 0041 | 83e0 0141 
  0x00001472b57eadb8: 83e0 0141 | 83e0 0141 | 83f8 000f | 8408 0000 | 0048 8bc3 | e938 0000 | 008b 510c | 4883 fa00 
  0x00001472b57eadd8: 0f84 2800 

  0x00001472b57eaddc: ;   {metadata('groovyjarjarantlr4/v4/runtime/dfa/DFAState')}
  0x00001472b57eaddc: 0000 48be | 889c 2c01 | 0800 0000 | 8b4a 0849 | ba00 0000 | 0008 0000 | 0049 03ca | 483b f10f 
  0x00001472b57eadfc: 857e 0a00 | 00e9 0000 | 0000 488b | c248 8bbc | 24a8 0100 | 00e9 be01 | 0000 4889 | 8424 a801 
  0x00001472b57eae1c: 0000 488b | 9424 a801 | 0000 488b | 8c24 2001 | 0000 4c8b | 8424 3801 | 0000 488b | fe48 8bf7 
  0x00001472b57eae3c: ;   {optimized virtual_call}
  0x00001472b57eae3c: 6666 90e8 

  0x00001472b57eae40: ; ImmutableOopMap {[272]=Oop [280]=Oop [288]=Oop [312]=Oop [320]=Oop [416]=Oop [432]=Oop }
                      ;*invokevirtual applyPrecedenceFilter {reexecute=0 rethrow=0 return_oop=0}
                      ; - groovyjarjarantlr4.v4.runtime.atn.ParserATNSimulator::computeStartState@532 (line 1347)
  0x00001472b57eae40: bc87 67ff | 4889 8424 | e801 0000 | 488b 9424 | 1001 0000 | 488b c84c | 8b84 2438 | 0100 0048 
  0x00001472b57eae60: 8bb4 2418 

  0x00001472b57eae64: ;   {optimized virtual_call}
  0x00001472b57eae64: 0100 00e8 

  0x00001472b57eae68: ; ImmutableOopMap {[272]=Oop [280]=Oop [288]=Oop [312]=Oop [320]=Oop [416]=Oop [432]=Oop [488]=Oop }
                      ;*invokevirtual addDFAState {reexecute=0 rethrow=0 return_oop=0}
                      ; - groovyjarjarantlr4.v4.runtime.atn.ParserATNSimulator::computeStartState@543 (line 1348)
  0x00001472b57eae68: 9487 67ff | 4889 8424 | f001 0000 | 488b b424 | 1801 0000 | 8b56 208b | 5228 8b4a | 0c83 f900 
  0x00001472b57eae88: 41b8 0000 | 0000 0f85 | 0600 0000 | 41b8 0100 | 0000 4183 | e001 4183 | f800 0f84 | 0a00 0000 
  0x00001472b57eaea8: baff ffff | ffe9 2e00 | 0000 4c8b | c141 ffc8 | 4183 f800 | 0f8c f804 | 0000 443b | c10f 8def 
  0x00001472b57eaec8: 0400 008b | 5210 443b | 420c 0f83 | c409 0000 | 4d63 c042 | 8b54 8210 | 8b8c 2408 | 0100 004c 
  0x00001472b57eaee8: 8bc0 488b | b424 1001 | 0000 0f1f 

  0x00001472b57eaef4: ;   {optimized virtual_call}
  0x00001472b57eaef4: 4400 00e8 

  0x00001472b57eaef8: ; ImmutableOopMap {[272]=Oop [280]=Oop [288]=Oop [312]=Oop [320]=Oop [416]=Oop [432]=Oop [488]=Oop [496]=Oop }
                      ;*invokevirtual setPrecedenceStartState {reexecute=0 rethrow=0 return_oop=0}
                      ; - groovyjarjarantlr4.v4.runtime.atn.ParserATNSimulator::computeStartState@559 (line 1349)
  0x00001472b57eaef8: 0487 67ff | 488b 8424 | f001 0000 | 488b bc24 | e801 0000 | e9c3 0000 | 0048 8984 | 24a8 0100 
  0x00001472b57eaf18: 0048 8b94 | 2410 0100 | 000f be4a | 1883 e101 | 83f9 000f | 8515 0000 | 0048 8b84 | 24a8 0100 
  0x00001472b57eaf38: 0048 89bc | 24c0 0100 | 00e9 2e00 | 0000 4889 | bc24 c001 | 0000 488b | 9424 a801 | 0000 488b 
  0x00001472b57eaf58: 8c24 2001 | 0000 4c8b | 8424 3801 | 0000 488b | b424 1801 

  0x00001472b57eaf6c: ;   {optimized virtual_call}
  0x00001472b57eaf6c: 0000 90e8 

  0x00001472b57eaf70: ; ImmutableOopMap {[272]=Oop [280]=Oop [288]=Oop [312]=Oop [320]=Oop [416]=Oop [432]=Oop [448]=Oop }
                      ;*invokevirtual applyPrecedenceFilter {reexecute=0 rethrow=0 return_oop=0}
                      ; - groovyjarjarantlr4.v4.runtime.atn.ParserATNSimulator::computeStartState@578 (line 1354)
  0x00001472b57eaf70: 8c86 67ff | 488b 9424 | 1001 0000 | 488b c84c | 8b84 2438 | 0100 0048 | 8bb4 2418 | 0100 0048 
  0x00001472b57eaf90: 8984 24f8 

  0x00001472b57eaf94: ;   {optimized virtual_call}
  0x00001472b57eaf94: 0100 00e8 

  0x00001472b57eaf98: ; ImmutableOopMap {[272]=Oop [280]=Oop [288]=Oop [312]=Oop [320]=Oop [416]=Oop [432]=Oop [448]=Oop [504]=Oop }
                      ;*invokevirtual addDFAState {reexecute=0 rethrow=0 return_oop=0}
                      ; - groovyjarjarantlr4.v4.runtime.atn.ParserATNSimulator::computeStartState@589 (line 1357)
  0x00001472b57eaf98: 6486 67ff | 4c8b 8424 | c001 0000 

  0x00001472b57eafa4: ; implicit exception: dispatches to 0x00001472b57eb8aa
  0x00001472b57eafa4: 493b 008b | 9424 c801 | 0000 488b | c849 8bf0 | 4889 8424 | 0002 0000 

  0x00001472b57eafbc: ;   {optimized virtual_call}
  0x00001472b57eafbc: 6666 90e8 

  0x00001472b57eafc0: ; ImmutableOopMap {[272]=Oop [280]=Oop [288]=Oop [312]=Oop [320]=Oop [416]=Oop [432]=Oop [504]=Oop [512]=Oop }
                      ;*invokevirtual setContextTarget {reexecute=0 rethrow=0 return_oop=0}
                      ; - groovyjarjarantlr4.v4.runtime.atn.ParserATNSimulator::computeStartState@600 (line 1358)
  0x00001472b57eafc0: 3c86 67ff | 488b 8424 | 0002 0000 | 488b bc24 | f801 0000 | 448b 8424 | 0801 0000 | 4183 f800 
  0x00001472b57eafe0: 0f84 8801 | 0000 8b94 | 24dc 0100 | 0083 fa00 | 0f84 9d01 | 0000 4889 | bc24 0802 | 0000 488b 
  0x00001472b57eb000: b424 1801 | 0000 8b56 | 0c48 3b00 | 488b f048 | 8984 2410 

  0x00001472b57eb014: ;   {optimized virtual_call}
  0x00001472b57eb014: 0200 00e8 

  0x00001472b57eb018: ; ImmutableOopMap {[272]=Oop [280]=Oop [288]=Oop [312]=Oop [320]=Oop [416]=Oop [432]=Oop [520]=Oop [528]=Oop }
                      ;*invokevirtual setContextSensitive {reexecute=0 rethrow=0 return_oop=0}
                      ; - groovyjarjarantlr4.v4.runtime.atn.ParserATNSimulator::computeStartState@625 (line 1368)
  0x00001472b57eb018: e485 67ff | 488b bc24 | 0802 0000 

  0x00001472b57eb024: ; implicit exception: dispatches to 0x00001472b57eb8b4
  0x00001472b57eb024: 483b 0748 | 8bf7 4889 | bc24 0802 | 0000 0f1f 

  0x00001472b57eb034: ;   {optimized virtual_call}
  0x00001472b57eb034: 4400 00e8 

  0x00001472b57eb038: ; ImmutableOopMap {[272]=Oop [280]=Oop [288]=Oop [312]=Oop [320]=Oop [416]=Oop [432]=Oop [520]=Oop [528]=Oop }
                      ;*invokevirtual clear {reexecute=0 rethrow=0 return_oop=0}
                      ; - groovyjarjarantlr4.v4.runtime.atn.ParserATNSimulator::computeStartState@630 (line 1370)
  0x00001472b57eb038: c485 67ff | 488b 9424 | a001 0000 | 488b b424 | 1801 0000 

  0x00001472b57eb04c: ;   {optimized virtual_call}
  0x00001472b57eb04c: 6666 90e8 

  0x00001472b57eb050: ; ImmutableOopMap {[272]=Oop [280]=Oop [288]=Oop [312]=Oop [320]=Oop [432]=Oop [520]=Oop [528]=Oop }
                      ;*invokevirtual skipTailCalls {reexecute=0 rethrow=0 return_oop=0}
                      ; - groovyjarjarantlr4.v4.runtime.atn.ParserATNSimulator::computeStartState@636 (line 1371)
  0x00001472b57eb050: ac85 67ff | 488b d048 | 8bb4 2418 | 0100 0048 | 8984 2418 

  0x00001472b57eb064: ;   {optimized virtual_call}
  0x00001472b57eb064: 0200 00e8 

  0x00001472b57eb068: ; ImmutableOopMap {[272]=Oop [280]=Oop [288]=Oop [312]=Oop [320]=Oop [432]=Oop [520]=Oop [528]=Oop [536]=Oop }
                      ;*invokevirtual getReturnState {reexecute=0 rethrow=0 return_oop=0}
                      ; - groovyjarjarantlr4.v4.runtime.atn.ParserATNSimulator::computeStartState@644 (line 1372)
  0x00001472b57eb068: 9485 67ff | 488b 9424 | 1802 0000 

  0x00001472b57eb074: ; implicit exception: dispatches to 0x00001472b57eb8b9
  0x00001472b57eb074: 8b4a 0c83 | f9ff b900 | 0000 000f | 8505 0000 | 00b9 0100 | 0000 83e1 | 0183 f900 | 0f84 0f00 
  0x00001472b57eb094: ;   {oop(NULL)}
  0x00001472b57eb094: 0000 48bf | 0000 0000 | 0000 0000 | e939 0000 | 008b 5210 | 4883 fa00 | 0f84 2900 

  0x00001472b57eb0b0: ;   {metadata('groovyjarjarantlr4/v4/runtime/ParserRuleContext')}
  0x00001472b57eb0b0: 0000 48bf | e883 2801 | 0800 0000 | 8b72 0849 | ba00 0000 | 0008 0000 | 0049 03f2 | 483b 7e40 
  0x00001472b57eb0d0: 0f85 e807 | 0000 e900 | 0000 0048 | 8bfa 3dff | ffff 7f0f | 8510 0000 | 004c 8b8c | 24b0 0100 
  0x00001472b57eb0f0: 0048 8bd7 | e945 0000 | 0048 89bc | 2420 0200 | 0048 8bd0 | 488b 8c24 | 3801 0000 | 488b b424 
  0x00001472b57eb110: b001 0000 | 8984 2428 | 0200 0066 | 9048 b8ff | ffff ffff 

  0x00001472b57eb124: ;   {virtual_call}
  0x00001472b57eb124: ffff ffe8 

  0x00001472b57eb128: ; ImmutableOopMap {[272]=Oop [280]=Oop [288]=Oop [312]=Oop [320]=Oop [520]=Oop [528]=Oop [544]=Oop }
                      ;*invokevirtual appendContext {reexecute=0 rethrow=0 return_oop=0}
                      ; - groovyjarjarantlr4.v4.runtime.atn.ParserATNSimulator::computeStartState@684 (line 1381)
  0x00001472b57eb128: d487 67ff | 4c8b c848 | 8b94 2420 | 0200 008b | 8424 2802 | 0000 488b | bc24 0802 | 0000 4d8b 
  0x00001472b57eb148: 9780 0300 

  0x00001472b57eb14c: ; ImmutableOopMap {r9=Oop rdx=Oop rdi=Oop [272]=Oop [280]=Oop [288]=Oop [312]=Oop [320]=Oop [528]=Oop }
                      ;*goto {reexecute=1 rethrow=0 return_oop=0}
                      ; - (reexecute) groovyjarjarantlr4.v4.runtime.atn.ParserATNSimulator::computeStartState@693 (line 1385)
                      ;   {poll}
  0x00001472b57eb14c: 0041 8502 | 4c8b df48 | 8bca 488b | d84c 8b84 | 2410 0200 | 004c 899c | 24a8 0100 | 00e9 0af8 
  0x00001472b57eb16c: ffff 4889 | 8424 1002 | 0000 488b | 8c24 a001 | 0000 488b | 9c24 1002 | 0000 4889 | 8c24 a001 
  0x00001472b57eb18c: 0000 e944 | 0000 0048 | 8b8c 24a0 | 0100 0048 | 8bd8 4889 | 8c24 a001 | 0000 e92c | 0000 004c 
  0x00001472b57eb1ac: 8bd8 488b | 9424 1001 | 0000 498b | cb4c 8b84 | 2438 0100 | 0048 8bb4 | 2418 0100 | 0066 0f1f 
  0x00001472b57eb1cc: ;   {optimized virtual_call}
  0x00001472b57eb1cc: 4400 00e8 

  0x00001472b57eb1d0: ; ImmutableOopMap {[288]=Oop [416]=Oop }
                      ;*invokevirtual addDFAState {reexecute=0 rethrow=0 return_oop=0}
                      ; - groovyjarjarantlr4.v4.runtime.atn.ParserATNSimulator::computeStartState@454 (line 1329)
  0x00001472b57eb1d0: 2c84 67ff 

  0x00001472b57eb1d4: ;   {metadata('groovyjarjarantlr4/v4/runtime/atn/SimulatorState')}
  0x00001472b57eb1d4: 488b d848 | ba78 f72e | 0108 0000 | 0049 8b87 | f800 0000 | 488d 7820 | 493b bf08 | 0100 000f 
  0x00001472b57eb1f4: 87ce 0600 | 0049 89bf | f800 0000 | 48c7 0001 | 0000 0048 | 8bca 49ba | 0000 0000 | 0800 0000 
  0x00001472b57eb214: 492b ca89 | 4808 4833 | c989 480c | 4833 c948 | 8948 1048 | 8948 1848 | 8b94 2420 | 0100 0048 
  0x00001472b57eb234: 8bcb 448b | 8424 0801 | 0000 4c8b | 8c24 a001 | 0000 488b | f048 8984 | 2430 0200 | 0066 0f1f 
  0x00001472b57eb254: ;   {optimized virtual_call}
  0x00001472b57eb254: 4400 00e8 

  0x00001472b57eb258: ; ImmutableOopMap {[560]=Oop }
                      ;*invokespecial <init> {reexecute=0 rethrow=0 return_oop=0}
                      ; - groovyjarjarantlr4.v4.runtime.atn.ParserATNSimulator::computeStartState@706 (line 1387)
  0x00001472b57eb258: a483 67ff | 488b 8424 | 3002 0000 | 4881 c490 | 0200 005d 

  0x00001472b57eb26c: ;   {poll_return}
  0x00001472b57eb26c: 493b a778 | 0300 000f | 875b 0600 | 00c3 4c8b | c94c 8bc0 

  0x00001472b57eb280: ;   {metadata('groovyjarjarantlr4/v4/runtime/atn/SimulatorState')}
  0x00001472b57eb280: 48ba 78f7 | 2e01 0800 | 0000 498b | 87f8 0000 | 0048 8d78 | 2049 3bbf | 0801 0000 | 0f87 4806 
  0x00001472b57eb2a0: 0000 4989 | bff8 0000 | 0048 c700 | 0100 0000 | 488b ca49 | ba00 0000 | 0008 0000 | 0049 2bca 
  0x00001472b57eb2c0: 8948 0848 | 33c9 8948 | 0c48 33c9 | 4889 4810 | 4889 4818 | 488b 9424 | 2001 0000 | 498b c844 
  0x00001472b57eb2e0: 8b84 2408 | 0100 0048 | 8bf0 4889 | 8424 3802 | 0000 0f1f 

  0x00001472b57eb2f4: ;   {optimized virtual_call}
  0x00001472b57eb2f4: 4400 00e8 

  0x00001472b57eb2f8: ; ImmutableOopMap {[568]=Oop }
                      ;*invokespecial <init> {reexecute=0 rethrow=0 return_oop=0}
                      ; - groovyjarjarantlr4.v4.runtime.atn.ParserATNSimulator::computeStartState@316 (line 1305)
  0x00001472b57eb2f8: 0483 67ff | 488b 8424 | 3802 0000 | 4881 c490 | 0200 005d 

  0x00001472b57eb30c: ;   {poll_return}
  0x00001472b57eb30c: 493b a778 | 0300 000f | 87de 0500 | 00c3 4c8b 

  0x00001472b57eb31c: ;   {metadata('groovyjarjarantlr4/v4/runtime/atn/SimulatorState')}
  0x00001472b57eb31c: c048 ba78 | f72e 0108 | 0000 0049 | 8b87 f800 | 0000 488d | 7820 493b | bf08 0100 | 000f 87ce 
  0x00001472b57eb33c: 0500 0049 | 89bf f800 | 0000 48c7 | 0001 0000 | 0048 8bca | 49ba 0000 | 0000 0800 | 0000 492b 
  0x00001472b57eb35c: ca89 4808 | 4833 c989 | 480c 4833 | c948 8948 | 1048 8948 | 1848 8b94 | 2420 0100 | 0049 8bc8 
  0x00001472b57eb37c: 448b 8424 | 0801 0000 | 4c8b 8c24 | 2001 0000 | 488b f048 | 8984 2440 

  0x00001472b57eb394: ;   {optimized virtual_call}
  0x00001472b57eb394: 0200 00e8 

  0x00001472b57eb398: ; ImmutableOopMap {[576]=Oop }
                      ;*invokespecial <init> {reexecute=0 rethrow=0 return_oop=0}
                      ; - groovyjarjarantlr4.v4.runtime.atn.ParserATNSimulator::computeStartState@69 (line 1252)
  0x00001472b57eb398: 6482 67ff | 488b 8424 | 4002 0000 | 4881 c490 | 0200 005d 

  0x00001472b57eb3ac: ;   {poll_return}
  0x00001472b57eb3ac: 493b a778 | 0300 000f | 8761 0500 

  0x00001472b57eb3b8: ;   {metadata('java/lang/IndexOutOfBoundsException')}
  0x00001472b57eb3b8: 00c3 48ba | e8f9 0401 | 0800 0000 

  0x00001472b57eb3c4: ; implicit exception: dispatches to 0x00001472b57eb930
  0x00001472b57eb3c4: 80ba 2301 | 0000 050f | 8564 0500 | 0049 8b87 | f800 0000 | 488d 7828 | 493b bf08 | 0100 000f 
  0x00001472b57eb3e4: 874c 0500 | 0049 89bf | f800 0000 | 48c7 0001 | 0000 0048 | 8bca 49ba | 0000 0000 | 0800 0000 
  0x00001472b57eb404: 492b ca89 | 4808 4833 | c989 480c | 4833 c948 | 8948 1048 | 8948 1848 | 8948 2048 | 8bf0 4889 
  0x00001472b57eb424: 8424 4802 | 0000 0f1f 

  0x00001472b57eb42c: ;   {optimized virtual_call}
  0x00001472b57eb42c: 4400 00e8 

  0x00001472b57eb430: ; ImmutableOopMap {[272]=Oop [280]=Oop [288]=Oop [312]=Oop [320]=Oop [416]=Oop [432]=Oop [488]=Oop [496]=Oop [584]=Oop }
                      ;*invokespecial <init> {reexecute=0 rethrow=0 return_oop=0}
                      ; - groovyjarjarantlr4.v4.runtime.misc.IntegerList::get@16 (line 91)
                      ; - groovyjarjarantlr4.v4.runtime.misc.IntegerStack::peek@7 (line 34)
                      ; - groovyjarjarantlr4.v4.runtime.Parser::getPrecedence@16 (line 696)
                      ; - groovyjarjarantlr4.v4.runtime.atn.ParserATNSimulator::computeStartState@553 (line 1349)
  0x00001472b57eb430: cc81 67ff | 488b 8424 | 4802 0000 | e983 0500 | 0048 8bd8 | 4889 8c24 | e001 0000 

  0x00001472b57eb44c: ;   {metadata('java/lang/ClassCastException')}
  0x00001472b57eb44c: 48ba 08c4 | 0600 0800 | 0000 498b | 87f8 0000 | 0048 8d78 | 2849 3bbf | 0801 0000 | 0f87 d404 
  0x00001472b57eb46c: 0000 4989 | bff8 0000 | 0048 c700 | 0100 0000 | 488b ca49 | ba00 0000 | 0008 0000 | 0049 2bca 
  0x00001472b57eb48c: 8948 0848 | 33c9 8948 | 0c48 33c9 | 4889 4810 | 4889 4818 | 4889 4820 

  0x00001472b57eb4a4: ;   {oop(a 'java/lang/Class'{0x00000000ffe00958} = 'java/lang/Object')}
  0x00001472b57eb4a4: 48be 5809 | e0ff 0000 | 0000 488b | d348 8984 | 2450 0200 | 0066 0f1f 

  0x00001472b57eb4bc: ;   {optimized virtual_call}
  0x00001472b57eb4bc: 4400 00e8 

  0x00001472b57eb4c0: ; ImmutableOopMap {[272]=Oop [280]=Oop [288]=Oop [312]=Oop [320]=Oop [416]=Oop [424]=Oop [432]=Oop [480]=Oop [592]=Oop [600]=Oop }
                      ;*invokevirtual cannotCastMsg {reexecute=0 rethrow=0 return_oop=0}
                      ; - java.lang.Class::cast@18 (line 3991)
                      ; - java.lang.invoke.VarHandleReferences$FieldInstanceReadWrite::compareAndSet@41 (line 183)
                      ; - java.lang.invoke.VarHandleGuards::guard_LLL_Z@50 (line 68)
                      ; - java.util.concurrent.atomic.AtomicReference::compareAndSet@6 (line 123)
                      ; - groovyjarjarantlr4.v4.runtime.atn.ParserATNSimulator::computeStartState@507 (line 1336)
  0x00001472b57eb4c0: 3c81 67ff | 488b d048 | 8bb4 2450 

  0x00001472b57eb4cc: ;   {optimized virtual_call}
  0x00001472b57eb4cc: 0200 00e8 

  0x00001472b57eb4d0: ; ImmutableOopMap {[272]=Oop [280]=Oop [288]=Oop [312]=Oop [320]=Oop [416]=Oop [424]=Oop [432]=Oop [480]=Oop [592]=Oop [600]=Oop }
                      ;*invokespecial <init> {reexecute=0 rethrow=0 return_oop=0}
                      ; - java.lang.Class::cast@21 (line 3991)
                      ; - java.lang.invoke.VarHandleReferences$FieldInstanceReadWrite::compareAndSet@41 (line 183)
                      ; - java.lang.invoke.VarHandleGuards::guard_LLL_Z@50 (line 68)
                      ; - java.util.concurrent.atomic.AtomicReference::compareAndSet@6 (line 123)
                      ; - groovyjarjarantlr4.v4.runtime.atn.ParserATNSimulator::computeStartState@507 (line 1336)
  0x00001472b57eb4d0: 2c81 67ff | 488b 8424 | 5002 0000 | e9e3 0400 | 0048 898c | 24e0 0100 

  0x00001472b57eb4e8: ;   {metadata('java/lang/NullPointerException')}
  0x00001472b57eb4e8: 0048 ba88 | e806 0008 | 0000 0049 | 8b87 f800 | 0000 488d | 7830 493b | bf08 0100 | 000f 8744 
  0x00001472b57eb508: 0400 0049 | 89bf f800 | 0000 48c7 | 0001 0000 | 0048 8bca | 49ba 0000 | 0000 0800 | 0000 492b 
  0x00001472b57eb528: ca89 4808 | 4833 c989 | 480c 4833 | c948 8948 | 1048 8948 | 1848 8948 | 2048 8948 | 2848 8bf0 
  0x00001472b57eb548: 4889 8424 | 6002 0000 | 0f1f 8000 

  0x00001472b57eb554: ;   {optimized virtual_call}
  0x00001472b57eb554: 0000 00e8 

  0x00001472b57eb558: ; ImmutableOopMap {[272]=Oop [280]=Oop [288]=Oop [312]=Oop [320]=Oop [416]=Oop [424]=Oop [432]=Oop [480]=Oop [600]=Oop [608]=Oop }
                      ;*invokespecial <init> {reexecute=0 rethrow=0 return_oop=0}
                      ; - java.util.Objects::requireNonNull@8 (line 233)
                      ; - java.lang.invoke.VarHandleReferences$FieldInstanceReadWrite::compareAndSet@18 (line 180)
                      ; - java.lang.invoke.VarHandleGuards::guard_LLL_Z@50 (line 68)
                      ; - java.util.concurrent.atomic.AtomicReference::compareAndSet@6 (line 123)
                      ; - groovyjarjarantlr4.v4.runtime.atn.ParserATNSimulator::computeStartState@507 (line 1336)
  0x00001472b57eb558: a480 67ff | 488b 8424 | 6002 0000 | e95b 0400 | 0048 898c | 24e0 0100 

  0x00001472b57eb570: ;   {metadata('java/lang/ClassCastException')}
  0x00001472b57eb570: 0048 ba08 | c406 0008 | 0000 0049 | 8b87 f800 | 0000 488d | 7828 493b | bf08 0100 | 000f 87c9 
  0x00001472b57eb590: 0300 0049 | 89bf f800 | 0000 48c7 | 0001 0000 | 0048 8bca | 49ba 0000 | 0000 0800 | 0000 492b 
  0x00001472b57eb5b0: ca89 4808 | 4833 c989 | 480c 4833 | c948 8948 | 1048 8948 | 1848 8948 

  0x00001472b57eb5c8: ;   {oop(a 'java/lang/Class'{0x00000000c0a2c5a0} = 'java/util/concurrent/atomic/AtomicReference')}
  0x00001472b57eb5c8: 2048 bea0 | c5a2 c000 | 0000 0048 | 8b94 24e0 | 0100 0048 | 8984 2468 | 0200 000f 

  0x00001472b57eb5e4: ;   {optimized virtual_call}
  0x00001472b57eb5e4: 1f40 00e8 

  0x00001472b57eb5e8: ; ImmutableOopMap {[272]=Oop [280]=Oop [288]=Oop [312]=Oop [320]=Oop [416]=Oop [424]=Oop [432]=Oop [480]=Oop [600]=Oop [616]=Oop }
                      ;*invokevirtual cannotCastMsg {reexecute=0 rethrow=0 return_oop=0}
                      ; - java.lang.Class::cast@18 (line 3991)
                      ; - java.lang.invoke.VarHandleReferences$FieldInstanceReadWrite::compareAndSet@15 (line 180)
                      ; - java.lang.invoke.VarHandleGuards::guard_LLL_Z@50 (line 68)
                      ; - java.util.concurrent.atomic.AtomicReference::compareAndSet@6 (line 123)
                      ; - groovyjarjarantlr4.v4.runtime.atn.ParserATNSimulator::computeStartState@507 (line 1336)
  0x00001472b57eb5e8: 1480 67ff | 488b d048 | 8bb4 2468 

  0x00001472b57eb5f4: ;   {optimized virtual_call}
  0x00001472b57eb5f4: 0200 00e8 

  0x00001472b57eb5f8: ; ImmutableOopMap {[272]=Oop [280]=Oop [288]=Oop [312]=Oop [320]=Oop [416]=Oop [424]=Oop [432]=Oop [480]=Oop [600]=Oop [616]=Oop }
                      ;*invokespecial <init> {reexecute=0 rethrow=0 return_oop=0}
                      ; - java.lang.Class::cast@21 (line 3991)
                      ; - java.lang.invoke.VarHandleReferences$FieldInstanceReadWrite::compareAndSet@15 (line 180)
                      ; - java.lang.invoke.VarHandleGuards::guard_LLL_Z@50 (line 68)
                      ; - java.util.concurrent.atomic.AtomicReference::compareAndSet@6 (line 123)
                      ; - groovyjarjarantlr4.v4.runtime.atn.ParserATNSimulator::computeStartState@507 (line 1336)
  0x00001472b57eb5f8: 0480 67ff | 488b 8424 | 6802 0000 | e9bb 0300 

  0x00001472b57eb608: ;   {metadata('java/lang/IndexOutOfBoundsException')}
  0x00001472b57eb608: 0048 bae8 | f904 0108 | 0000 0080 | ba23 0100 | 0005 0f85 | 4e03 0000 | 498b 87f8 | 0000 0048 
  0x00001472b57eb628: 8d78 2849 | 3bbf 0801 | 0000 0f87 | 3603 0000 | 4989 bff8 | 0000 0048 | c700 0100 | 0000 488b 
  0x00001472b57eb648: ca49 ba00 | 0000 0008 | 0000 0049 | 2bca 8948 | 0848 33c9 | 8948 0c48 | 33c9 4889 | 4810 4889 
  0x00001472b57eb668: 4818 4889 | 4820 488b | f048 8984 | 2470 0200 | 0066 0f1f 

  0x00001472b57eb67c: ;   {optimized virtual_call}
  0x00001472b57eb67c: 4400 00e8 

  0x00001472b57eb680: ; ImmutableOopMap {[272]=Oop [280]=Oop [288]=Oop [624]=Oop }
                      ;*invokespecial <init> {reexecute=0 rethrow=0 return_oop=0}
                      ; - groovyjarjarantlr4.v4.runtime.misc.IntegerList::get@16 (line 91)
                      ; - groovyjarjarantlr4.v4.runtime.misc.IntegerStack::peek@7 (line 34)
                      ; - groovyjarjarantlr4.v4.runtime.Parser::getPrecedence@16 (line 696)
                      ; - groovyjarjarantlr4.v4.runtime.atn.ParserATNSimulator::computeStartState@12 (line 1246)
  0x00001472b57eb680: 7c7f 67ff | 488b 8424 | 7002 0000 | e933 0300 | 0049 8b87 | 2804 0000 | 4d33 d24d | 8997 2804 
  0x00001472b57eb6a0: 0000 4d33 | d24d 8997 | 3004 0000 | 488b f048 | 8d84 2478 | 0200 0048 | 8b38 4885 | ff0f 840f 
  0x00001472b57eb6c0: 0000 0048 | 8b58 08f0 | 480f b13b | 0f85 a902 | 0000 49ff | 8f78 0400 | 0048 8bc6 | e9e3 0200 
  0x00001472b57eb6e0: 0049 8b87 | 2804 0000 | 4d33 d24d | 8997 2804 | 0000 4d33 | d24d 8997 | 3004 0000 | 488b f048 
  0x00001472b57eb700: 8d84 2478 | 0200 0048 | 8b38 4885 | ff0f 840f | 0000 0048 | 8b58 08f0 | 480f b13b | 0f85 6f02 
  0x00001472b57eb720: 0000 49ff | 8f78 0400 | 0048 8bc6 | e993 0200 

  0x00001472b57eb730: ;   {runtime_call throw_null_pointer_exception Runtime1 stub}
  0x00001472b57eb730: 00e8 4afc 

  0x00001472b57eb734: ; ImmutableOopMap {rsi=Oop rdx=Oop rcx=Oop [272]=Oop [280]=Oop [288]=Oop }
                      ;*invokevirtual isPrecedenceDfa {reexecute=0 rethrow=0 return_oop=0}
                      ; - groovyjarjarantlr4.v4.runtime.atn.ParserATNSimulator::computeStartState@1 (line 1246)
                      ;   {runtime_call throw_null_pointer_exception Runtime1 stub}
  0x00001472b57eb734: 72ff e845 

  0x00001472b57eb738: ; ImmutableOopMap {rsi=Oop rdx=Oop rcx=Oop [272]=Oop [280]=Oop [288]=Oop }
                      ;*invokevirtual getPrecedence {reexecute=0 rethrow=0 return_oop=0}
                      ; - groovyjarjarantlr4.v4.runtime.atn.ParserATNSimulator::computeStartState@12 (line 1246)
                      ;   {runtime_call throw_null_pointer_exception Runtime1 stub}
  0x00001472b57eb738: fc72 ffe8 

  0x00001472b57eb73c: ; ImmutableOopMap {rsi=Oop rdx=Oop rcx=Oop rdi=Oop [272]=Oop [280]=Oop [288]=Oop }
                      ;*invokevirtual isEmpty {reexecute=0 rethrow=0 return_oop=0}
                      ; - groovyjarjarantlr4.v4.runtime.Parser::getPrecedence@4 (line 692)
                      ; - groovyjarjarantlr4.v4.runtime.atn.ParserATNSimulator::computeStartState@12 (line 1246)
  0x00001472b57eb73c: 40fc 72ff 

  0x00001472b57eb740: ;   {runtime_call throw_null_pointer_exception Runtime1 stub}
  0x00001472b57eb740: e83b fc72 

  0x00001472b57eb744: ; ImmutableOopMap {rsi=Oop rdx=Oop rcx=Oop rdi=Oop [272]=Oop [280]=Oop [288]=Oop }
                      ;*iaload {reexecute=0 rethrow=0 return_oop=0}
                      ; - groovyjarjarantlr4.v4.runtime.misc.IntegerList::get@25 (line 94)
                      ; - groovyjarjarantlr4.v4.runtime.misc.IntegerStack::peek@7 (line 34)
                      ; - groovyjarjarantlr4.v4.runtime.Parser::getPrecedence@16 (line 696)
                      ; - groovyjarjarantlr4.v4.runtime.atn.ParserATNSimulator::computeStartState@12 (line 1246)
                      ;   {runtime_call throw_null_pointer_exception Runtime1 stub}
  0x00001472b57eb744: ffe8 36fc 

  0x00001472b57eb748: ; ImmutableOopMap {rsi=Oop rdx=Oop rcx=Oop rdi=Oop [272]=Oop [280]=Oop [288]=Oop }
                      ;*iaload {reexecute=0 rethrow=0 return_oop=0}
                      ; - groovyjarjarantlr4.v4.runtime.misc.IntegerList::get@25 (line 94)
                      ; - groovyjarjarantlr4.v4.runtime.misc.IntegerStack::peek@7 (line 34)
                      ; - groovyjarjarantlr4.v4.runtime.Parser::getPrecedence@16 (line 696)
                      ; - groovyjarjarantlr4.v4.runtime.atn.ParserATNSimulator::computeStartState@12 (line 1246)
  0x00001472b57eb748: 72ff 4889 | 0424 4889 

  0x00001472b57eb750: ;   {runtime_call throw_range_check_failed Runtime1 stub}
  0x00001472b57eb750: 7c24 08e8 

  0x00001472b57eb754: ; ImmutableOopMap {rsi=Oop rdx=Oop rcx=Oop rdi=Oop [272]=Oop [280]=Oop [288]=Oop }
                      ;*iaload {reexecute=0 rethrow=0 return_oop=0}
                      ; - groovyjarjarantlr4.v4.runtime.misc.IntegerList::get@25 (line 94)
                      ; - groovyjarjarantlr4.v4.runtime.misc.IntegerStack::peek@7 (line 34)
                      ; - groovyjarjarantlr4.v4.runtime.Parser::getPrecedence@16 (line 696)
                      ; - groovyjarjarantlr4.v4.runtime.atn.ParserATNSimulator::computeStartState@12 (line 1246)
  0x00001472b57eb754: 28f3 72ff 

  0x00001472b57eb758: ;   {runtime_call throw_null_pointer_exception Runtime1 stub}
  0x00001472b57eb758: e823 fc72 

  0x00001472b57eb75c: ; ImmutableOopMap {rdx=Oop [272]=Oop [280]=Oop [288]=Oop }
                      ;*invokevirtual get {reexecute=0 rethrow=0 return_oop=0}
                      ; - groovyjarjarantlr4.v4.runtime.atn.ParserATNSimulator::computeStartState@30 (line 1247)
  0x00001472b57eb75c: ff48 8934 

  0x00001472b57eb760: ;   {runtime_call throw_class_cast_exception Runtime1 stub}
  0x00001472b57eb760: 24e8 1a32 

  0x00001472b57eb764: ; ImmutableOopMap {rdx=Oop [272]=Oop [280]=Oop [288]=Oop }
                      ;*checkcast {reexecute=0 rethrow=0 return_oop=0}
                      ; - groovyjarjarantlr4.v4.runtime.atn.ParserATNSimulator::computeStartState@33 (line 1247)
                      ;   {runtime_call throw_null_pointer_exception Runtime1 stub}
  0x00001472b57eb764: 73ff e815 

  0x00001472b57eb768: ; ImmutableOopMap {rdx=Oop [272]=Oop [280]=Oop [288]=Oop }
                      ;*invokevirtual get {reexecute=0 rethrow=0 return_oop=0}
                      ; - groovyjarjarantlr4.v4.runtime.atn.ParserATNSimulator::computeStartState@43 (line 1248)
  0x00001472b57eb768: fc72 ff48 

  0x00001472b57eb76c: ;   {runtime_call throw_class_cast_exception Runtime1 stub}
  0x00001472b57eb76c: 8934 24e8 

  0x00001472b57eb770: ; ImmutableOopMap {rdx=Oop [272]=Oop [280]=Oop [288]=Oop }
                      ;*checkcast {reexecute=0 rethrow=0 return_oop=0}
                      ; - groovyjarjarantlr4.v4.runtime.atn.ParserATNSimulator::computeStartState@46 (line 1248)
  0x00001472b57eb770: 0c32 73ff 

  0x00001472b57eb774: ;   {runtime_call throw_null_pointer_exception Runtime1 stub}
  0x00001472b57eb774: e807 fc72 

  0x00001472b57eb778: ; ImmutableOopMap {rax=Oop rsi=Oop rdi=Oop [272]=Oop [280]=Oop [288]=Oop }
                      ;*invokevirtual setContextSensitive {reexecute=0 rethrow=0 return_oop=0}
                      ; - groovyjarjarantlr4.v4.runtime.atn.ParserATNSimulator::computeStartState@79 (line 1255)
  0x00001472b57eb778: ff48 8bd2 

  0x00001472b57eb77c: ;   {runtime_call fast_new_instance Runtime1 stub}
  0x00001472b57eb77c: e87f 1273 

  0x00001472b57eb780: ; ImmutableOopMap {rbx=Oop r9=Oop [272]=Oop [280]=Oop [288]=Oop [296]=Oop [320]=Oop }
                      ;*new {reexecute=0 rethrow=0 return_oop=0}
                      ; - groovyjarjarantlr4.v4.runtime.atn.ParserATNSimulator::computeStartState@115 (line 1265)
  0x00001472b57eb780: ffe9 0eec 

  0x00001472b57eb784: ;   {runtime_call throw_null_pointer_exception Runtime1 stub}
  0x00001472b57eb784: ffff e8f5 

  0x00001472b57eb788: ; ImmutableOopMap {rsi=Oop rcx=Oop [272]=Oop [280]=Oop [288]=Oop [296]=Oop [312]=Oop [320]=Oop [328]=Oop }
                      ;*invokevirtual isEmpty {reexecute=0 rethrow=0 return_oop=0}
                      ; - groovyjarjarantlr4.v4.runtime.atn.ParserATNSimulator::computeStartState@142 (line 1269)
  0x00001472b57eb788: fb72 ff48 

  0x00001472b57eb78c: ;   {runtime_call throw_class_cast_exception Runtime1 stub}
  0x00001472b57eb78c: 8914 24e8 

  0x00001472b57eb790: ; ImmutableOopMap {rax=Oop [272]=Oop [280]=Oop [288]=Oop [296]=Oop [312]=Oop [320]=Oop }
                      ;*checkcast {reexecute=0 rethrow=0 return_oop=0}
                      ; - groovyjarjarantlr4.v4.runtime.ParserRuleContext::getParent@4 (line 211)
                      ; - groovyjarjarantlr4.v4.runtime.atn.ParserATNSimulator::computeStartState@180 (line 1276)
  0x00001472b57eb790: ec31 73ff 

  0x00001472b57eb794: ;   {runtime_call throw_null_pointer_exception Runtime1 stub}
  0x00001472b57eb794: e8e7 fb72 

  0x00001472b57eb798: ; ImmutableOopMap {rcx=Oop rax=Oop rsi=Oop [272]=Oop [280]=Oop [288]=Oop [312]=Oop [320]=Oop [352]=Oop }
                      ;*invokevirtual isContextSensitive {reexecute=0 rethrow=0 return_oop=0}
                      ; - groovyjarjarantlr4.v4.runtime.atn.ParserATNSimulator::computeStartState@195 (line 1281)
                      ;   {runtime_call throw_null_pointer_exception Runtime1 stub}
  0x00001472b57eb798: ffe8 e2fb 

  0x00001472b57eb79c: ; ImmutableOopMap {rax=Oop [272]=Oop [280]=Oop [288]=Oop [312]=Oop [320]=Oop [344]=Oop [352]=Oop [360]=Oop }
                      ;*invokevirtual isEmpty {reexecute=0 rethrow=0 return_oop=0}
                      ; - groovyjarjarantlr4.v4.runtime.atn.ParserATNSimulator::computeStartState@216 (line 1284)
  0x00001472b57eb79c: 72ff 4889 | 7c24 0848 

  0x00001472b57eb7a4: ;   {runtime_call monitorenter_nofpu Runtime1 stub}
  0x00001472b57eb7a4: 8914 24e8 

  0x00001472b57eb7a8: ; ImmutableOopMap {rdi=Oop [272]=Oop [280]=Oop [288]=Oop [312]=Oop [320]=Oop [352]=Oop [640]=Oop }
                      ;*synchronization entry
                      ; - groovyjarjarantlr4.v4.runtime.dfa.DFAState::getContextTarget@-1 (line 210)
                      ; - groovyjarjarantlr4.v4.runtime.atn.ParserATNSimulator::computeStartState@227 (line 1285)
  0x00001472b57eb7a8: 5442 73ff | e962 eeff | ff48 8904 

  0x00001472b57eb7b4: ;   {runtime_call throw_class_cast_exception Runtime1 stub}
  0x00001472b57eb7b4: 24e8 c631 

  0x00001472b57eb7b8: ; ImmutableOopMap {[272]=Oop [280]=Oop [288]=Oop [312]=Oop [320]=Oop [344]=Oop [352]=Oop [640]=Oop }
                      ;*checkcast {reexecute=0 rethrow=0 return_oop=0}
                      ; - groovyjarjarantlr4.v4.runtime.dfa.DFAState::getContextTarget@16 (line 214)
                      ; - groovyjarjarantlr4.v4.runtime.atn.ParserATNSimulator::computeStartState@227 (line 1285)
  0x00001472b57eb7b8: 73ff 488d | 8424 7802 | 0000 4889 

  0x00001472b57eb7c4: ;   {runtime_call monitorexit_nofpu Runtime1 stub}
  0x00001472b57eb7c4: 0424 e835 | 4873 ffe9 | c3ee ffff | 4889 7c24 | 0848 8914 

  0x00001472b57eb7d8: ;   {runtime_call monitorenter_nofpu Runtime1 stub}
  0x00001472b57eb7d8: 24e8 2242 

  0x00001472b57eb7dc: ; ImmutableOopMap {rdi=Oop [272]=Oop [280]=Oop [288]=Oop [312]=Oop [320]=Oop [352]=Oop [360]=Oop [640]=Oop }
                      ;*synchronization entry
                      ; - groovyjarjarantlr4.v4.runtime.dfa.DFAState::getContextTarget@-1 (line 210)
                      ; - groovyjarjarantlr4.v4.runtime.atn.ParserATNSimulator::computeStartState@255 (line 1291)
  0x00001472b57eb7dc: 73ff e926 | efff ff48 

  0x00001472b57eb7e4: ;   {runtime_call throw_class_cast_exception Runtime1 stub}
  0x00001472b57eb7e4: 8904 24e8 

  0x00001472b57eb7e8: ; ImmutableOopMap {[272]=Oop [280]=Oop [288]=Oop [312]=Oop [320]=Oop [344]=Oop [352]=Oop [360]=Oop [640]=Oop }
                      ;*checkcast {reexecute=0 rethrow=0 return_oop=0}
                      ; - groovyjarjarantlr4.v4.runtime.dfa.DFAState::getContextTarget@16 (line 214)
                      ; - groovyjarjarantlr4.v4.runtime.atn.ParserATNSimulator::computeStartState@255 (line 1291)
  0x00001472b57eb7e8: 9431 73ff | 488d 8424 | 7802 0000 | 4889 0424 

  0x00001472b57eb7f8: ;   {runtime_call monitorexit_nofpu Runtime1 stub}
  0x00001472b57eb7f8: e803 4873 | ffe9 a9ef | ffff 4889 

  0x00001472b57eb804: ;   {runtime_call throw_class_cast_exception Runtime1 stub}
  0x00001472b57eb804: 1424 e875 

  0x00001472b57eb808: ; ImmutableOopMap {rax=Oop [272]=Oop [280]=Oop [288]=Oop [312]=Oop [320]=Oop [344]=Oop [376]=Oop }
                      ;*checkcast {reexecute=0 rethrow=0 return_oop=0}
                      ; - groovyjarjarantlr4.v4.runtime.ParserRuleContext::getParent@4 (line 211)
                      ; - groovyjarjarantlr4.v4.runtime.atn.ParserATNSimulator::computeStartState@273 (line 1293)
                      ;   {runtime_call throw_null_pointer_exception Runtime1 stub}
  0x00001472b57eb808: 3173 ffe8 

  0x00001472b57eb80c: ; ImmutableOopMap {r9=Oop rcx=Oop rax=Oop [272]=Oop [280]=Oop [288]=Oop [312]=Oop [320]=Oop }
                      ;*invokevirtual isContextSensitive {reexecute=0 rethrow=0 return_oop=0}
                      ; - groovyjarjarantlr4.v4.runtime.atn.ParserATNSimulator::computeStartState@300 (line 1304)
  0x00001472b57eb80c: 70fb 72ff 

  0x00001472b57eb810: ;   {runtime_call fast_new_instance Runtime1 stub}
  0x00001472b57eb810: 488b d2e8 

  0x00001472b57eb814: ; ImmutableOopMap {[272]=Oop [280]=Oop [288]=Oop [312]=Oop [320]=Oop [392]=Oop [400]=Oop [408]=Oop }
                      ;*new {reexecute=0 rethrow=0 return_oop=0}
                      ; - groovyjarjarantlr4.v4.runtime.atn.ParserATNSimulator::computeStartState@320 (line 1308)
  0x00001472b57eb814: e811 73ff | e913 f1ff | ff48 8bd2 

  0x00001472b57eb820: ;   {runtime_call fast_new_instance Runtime1 stub}
  0x00001472b57eb820: e8db 1173 

  0x00001472b57eb824: ; ImmutableOopMap {[272]=Oop [280]=Oop [288]=Oop [312]=Oop [320]=Oop [416]=Oop [424]=Oop [432]=Oop [448]=Oop }
                      ;*new {reexecute=0 rethrow=0 return_oop=0}
                      ; - groovyjarjarantlr4.v4.runtime.atn.ParserATNSimulator::computeStartState@329 (line 1310)
  0x00001472b57eb824: ffe9 c5f1 

  0x00001472b57eb828: ;   {runtime_call throw_null_pointer_exception Runtime1 stub}
  0x00001472b57eb828: ffff e851 

  0x00001472b57eb82c: ; ImmutableOopMap {rbx=Oop [272]=Oop [280]=Oop [288]=Oop [312]=Oop [320]=Oop [416]=Oop [424]=Oop [432]=Oop [440]=Oop [448]=Oop }
                      ;*invokevirtual getNumberOfTransitions {reexecute=0 rethrow=0 return_oop=0}
                      ; - groovyjarjarantlr4.v4.runtime.atn.ParserATNSimulator::computeStartState@340 (line 1311)
  0x00001472b57eb82c: fb72 ff48 

  0x00001472b57eb830: ;   {runtime_call throw_class_cast_exception Runtime1 stub}
  0x00001472b57eb830: 8904 24e8 

  0x00001472b57eb834: ; ImmutableOopMap {[272]=Oop [280]=Oop [288]=Oop [312]=Oop [320]=Oop [416]=Oop [424]=Oop [432]=Oop [440]=Oop [448]=Oop }
                      ;*checkcast {reexecute=0 rethrow=0 return_oop=0}
                      ; - groovyjarjarantlr4.v4.runtime.atn.ATNState::transition@10 (line 195)
                      ; - groovyjarjarantlr4.v4.runtime.atn.ParserATNSimulator::computeStartState@359 (line 1314)
  0x00001472b57eb834: 4831 73ff 

  0x00001472b57eb838: ;   {runtime_call throw_null_pointer_exception Runtime1 stub}
  0x00001472b57eb838: e843 fb72 

  0x00001472b57eb83c: ; ImmutableOopMap {[272]=Oop [280]=Oop [288]=Oop [312]=Oop [320]=Oop [416]=Oop [424]=Oop [432]=Oop [440]=Oop [448]=Oop }
                      ;*getfield target {reexecute=1 rethrow=0 return_oop=0}
                      ; - (reexecute) groovyjarjarantlr4.v4.runtime.atn.ParserATNSimulator::computeStartState@362 (line 1314)
                      ;   {runtime_call throw_null_pointer_exception Runtime1 stub}
  0x00001472b57eb83c: ffe8 3efb 

  0x00001472b57eb840: ; ImmutableOopMap {rax=Oop [272]=Oop [280]=Oop [288]=Oop [312]=Oop [320]=Oop [416]=Oop [432]=Oop [440]=Oop [448]=Oop }
                      ;*invokevirtual setOutermostConfigSet {reexecute=0 rethrow=0 return_oop=0}
                      ; - groovyjarjarantlr4.v4.runtime.atn.ParserATNSimulator::computeStartState@410 (line 1320)
                      ;   {runtime_call throw_null_pointer_exception Runtime1 stub}
  0x00001472b57eb840: 72ff e839 

  0x00001472b57eb844: ; ImmutableOopMap {rax=Oop [272]=Oop [280]=Oop [288]=Oop [312]=Oop [320]=Oop [416]=Oop [432]=Oop [448]=Oop }
                      ;*invokevirtual getDipsIntoOuterContext {reexecute=0 rethrow=0 return_oop=0}
                      ; - groovyjarjarantlr4.v4.runtime.atn.ParserATNSimulator::computeStartState@432 (line 1325)
                      ;   {runtime_call throw_null_pointer_exception Runtime1 stub}
  0x00001472b57eb844: fb72 ffe8 

  0x00001472b57eb848: ; ImmutableOopMap {rax=Oop rcx=Oop [272]=Oop [280]=Oop [288]=Oop [312]=Oop [320]=Oop [416]=Oop [424]=Oop [432]=Oop [600]=Oop }
                      ;*invokevirtual compareAndSet {reexecute=0 rethrow=0 return_oop=0}
                      ; - groovyjarjarantlr4.v4.runtime.atn.ParserATNSimulator::computeStartState@507 (line 1336)
  0x00001472b57eb848: 34fb 72ff | 448b 0249 | 83f8 000f | 841f f5ff | ff4c 8904 

  0x00001472b57eb85c: ;   {runtime_call g1_pre_barrier_slow}
  0x00001472b57eb85c: 24e8 9e66 | 73ff e911 | f5ff ff48 | 83fb 000f | 8442 f5ff | ff48 8914 

  0x00001472b57eb874: ;   {runtime_call g1_post_barrier_slow}
  0x00001472b57eb874: 24e8 8669 | 73ff e934 | f5ff ff48 

  0x00001472b57eb880: ;   {runtime_call throw_class_cast_exception Runtime1 stub}
  0x00001472b57eb880: 8914 24e8 

  0x00001472b57eb884: ; ImmutableOopMap {[272]=Oop [280]=Oop [288]=Oop [312]=Oop [320]=Oop [416]=Oop [424]=Oop [432]=Oop }
                      ;*checkcast {reexecute=0 rethrow=0 return_oop=0}
                      ; - groovyjarjarantlr4.v4.runtime.atn.ParserATNSimulator::computeStartState@518 (line 1337)
  0x00001472b57eb884: f830 73ff 

  0x00001472b57eb888: ;   {runtime_call throw_null_pointer_exception Runtime1 stub}
  0x00001472b57eb888: e8f3 fa72 

  0x00001472b57eb88c: ; ImmutableOopMap {rax=Oop rsi=Oop [272]=Oop [280]=Oop [288]=Oop [312]=Oop [320]=Oop [416]=Oop [432]=Oop [488]=Oop [496]=Oop }
                      ;*invokevirtual getPrecedence {reexecute=0 rethrow=0 return_oop=0}
                      ; - groovyjarjarantlr4.v4.runtime.atn.ParserATNSimulator::computeStartState@553 (line 1349)
                      ;   {runtime_call throw_null_pointer_exception Runtime1 stub}
  0x00001472b57eb88c: ffe8 eefa 

  0x00001472b57eb890: ; ImmutableOopMap {rax=Oop rsi=Oop rdx=Oop [272]=Oop [280]=Oop [288]=Oop [312]=Oop [320]=Oop [416]=Oop [432]=Oop [488]=Oop [496]=Oop }
                      ;*invokevirtual isEmpty {reexecute=0 rethrow=0 return_oop=0}
                      ; - groovyjarjarantlr4.v4.runtime.Parser::getPrecedence@4 (line 692)
                      ; - groovyjarjarantlr4.v4.runtime.atn.ParserATNSimulator::computeStartState@553 (line 1349)
                      ;   {runtime_call throw_null_pointer_exception Runtime1 stub}
  0x00001472b57eb890: 72ff e8e9 

  0x00001472b57eb894: ; ImmutableOopMap {rax=Oop rsi=Oop rdx=Oop [272]=Oop [280]=Oop [288]=Oop [312]=Oop [320]=Oop [416]=Oop [432]=Oop [488]=Oop [496]=Oop }
                      ;*iaload {reexecute=0 rethrow=0 return_oop=0}
                      ; - groovyjarjarantlr4.v4.runtime.misc.IntegerList::get@25 (line 94)
                      ; - groovyjarjarantlr4.v4.runtime.misc.IntegerStack::peek@7 (line 34)
                      ; - groovyjarjarantlr4.v4.runtime.Parser::getPrecedence@16 (line 696)
                      ; - groovyjarjarantlr4.v4.runtime.atn.ParserATNSimulator::computeStartState@553 (line 1349)
                      ;   {runtime_call throw_null_pointer_exception Runtime1 stub}
  0x00001472b57eb894: fa72 ffe8 

  0x00001472b57eb898: ; ImmutableOopMap {rax=Oop rsi=Oop rdx=Oop [272]=Oop [280]=Oop [288]=Oop [312]=Oop [320]=Oop [416]=Oop [432]=Oop [488]=Oop [496]=Oop }
                      ;*iaload {reexecute=0 rethrow=0 return_oop=0}
                      ; - groovyjarjarantlr4.v4.runtime.misc.IntegerList::get@25 (line 94)
                      ; - groovyjarjarantlr4.v4.runtime.misc.IntegerStack::peek@7 (line 34)
                      ; - groovyjarjarantlr4.v4.runtime.Parser::getPrecedence@16 (line 696)
                      ; - groovyjarjarantlr4.v4.runtime.atn.ParserATNSimulator::computeStartState@553 (line 1349)
  0x00001472b57eb898: e4fa 72ff | 4c89 0424 | 4889 5424 

  0x00001472b57eb8a4: ;   {runtime_call throw_range_check_failed Runtime1 stub}
  0x00001472b57eb8a4: 08e8 d6f1 

  0x00001472b57eb8a8: ; ImmutableOopMap {rax=Oop rsi=Oop rdx=Oop [272]=Oop [280]=Oop [288]=Oop [312]=Oop [320]=Oop [416]=Oop [432]=Oop [488]=Oop [496]=Oop }
                      ;*iaload {reexecute=0 rethrow=0 return_oop=0}
                      ; - groovyjarjarantlr4.v4.runtime.misc.IntegerList::get@25 (line 94)
                      ; - groovyjarjarantlr4.v4.runtime.misc.IntegerStack::peek@7 (line 34)
                      ; - groovyjarjarantlr4.v4.runtime.Parser::getPrecedence@16 (line 696)
                      ; - groovyjarjarantlr4.v4.runtime.atn.ParserATNSimulator::computeStartState@553 (line 1349)
                      ;   {runtime_call throw_null_pointer_exception Runtime1 stub}
  0x00001472b57eb8a8: 72ff e8d1 

  0x00001472b57eb8ac: ; ImmutableOopMap {rax=Oop r8=Oop [272]=Oop [280]=Oop [288]=Oop [312]=Oop [320]=Oop [416]=Oop [432]=Oop [504]=Oop }
                      ;*invokevirtual setContextTarget {reexecute=0 rethrow=0 return_oop=0}
                      ; - groovyjarjarantlr4.v4.runtime.atn.ParserATNSimulator::computeStartState@600 (line 1358)
                      ;   {runtime_call throw_null_pointer_exception Runtime1 stub}
  0x00001472b57eb8ac: fa72 ffe8 

  0x00001472b57eb8b0: ; ImmutableOopMap {rax=Oop rsi=Oop rdx=Oop [272]=Oop [280]=Oop [288]=Oop [312]=Oop [320]=Oop [416]=Oop [432]=Oop [520]=Oop }
                      ;*invokevirtual setContextSensitive {reexecute=0 rethrow=0 return_oop=0}
                      ; - groovyjarjarantlr4.v4.runtime.atn.ParserATNSimulator::computeStartState@625 (line 1368)
  0x00001472b57eb8b0: ccfa 72ff 

  0x00001472b57eb8b4: ;   {runtime_call throw_null_pointer_exception Runtime1 stub}
  0x00001472b57eb8b4: e8c7 fa72 

  0x00001472b57eb8b8: ; ImmutableOopMap {rdi=Oop [272]=Oop [280]=Oop [288]=Oop [312]=Oop [320]=Oop [416]=Oop [432]=Oop [528]=Oop }
                      ;*invokevirtual clear {reexecute=0 rethrow=0 return_oop=0}
                      ; - groovyjarjarantlr4.v4.runtime.atn.ParserATNSimulator::computeStartState@630 (line 1370)
                      ;   {runtime_call throw_null_pointer_exception Runtime1 stub}
  0x00001472b57eb8b8: ffe8 c2fa 

  0x00001472b57eb8bc: ; ImmutableOopMap {rdx=Oop [272]=Oop [280]=Oop [288]=Oop [312]=Oop [320]=Oop [432]=Oop [520]=Oop [528]=Oop }
                      ;*invokevirtual isEmpty {reexecute=0 rethrow=0 return_oop=0}
                      ; - groovyjarjarantlr4.v4.runtime.atn.ParserATNSimulator::computeStartState@651 (line 1374)
  0x00001472b57eb8bc: 72ff 4889 

  0x00001472b57eb8c0: ;   {runtime_call throw_class_cast_exception Runtime1 stub}
  0x00001472b57eb8c0: 1424 e8b9 

  0x00001472b57eb8c4: ; ImmutableOopMap {[272]=Oop [280]=Oop [288]=Oop [312]=Oop [320]=Oop [432]=Oop [520]=Oop [528]=Oop }
                      ;*checkcast {reexecute=0 rethrow=0 return_oop=0}
                      ; - groovyjarjarantlr4.v4.runtime.ParserRuleContext::getParent@4 (line 211)
                      ; - groovyjarjarantlr4.v4.runtime.atn.ParserATNSimulator::computeStartState@665 (line 1377)
  0x00001472b57eb8c4: 3073 ff48 

  0x00001472b57eb8c8: ;   {runtime_call fast_new_instance Runtime1 stub}
  0x00001472b57eb8c8: 8bd2 e831 

  0x00001472b57eb8cc: ; ImmutableOopMap {rbx=Oop [288]=Oop [416]=Oop }
                      ;*new {reexecute=0 rethrow=0 return_oop=0}
                      ; - groovyjarjarantlr4.v4.runtime.atn.ParserATNSimulator::computeStartState@696 (line 1387)
  0x00001472b57eb8cc: 1173 ffe9 | 57f9 ffff 

  0x00001472b57eb8d4: ;   {internal_word}
  0x00001472b57eb8d4: 49ba 6cb2 | 7eb5 7214 | 0000 4d89 | 9790 0300 

  0x00001472b57eb8e4: ;   {runtime_call SafepointBlob}
  0x00001472b57eb8e4: 00e9 96e9 | 67ff 488b 

  0x00001472b57eb8ec: ;   {runtime_call fast_new_instance Runtime1 stub}
  0x00001472b57eb8ec: d2e8 0e11 

  0x00001472b57eb8f0: ; ImmutableOopMap {r8=Oop r9=Oop [288]=Oop }
                      ;*new {reexecute=0 rethrow=0 return_oop=0}
                      ; - groovyjarjarantlr4.v4.runtime.atn.ParserATNSimulator::computeStartState@306 (line 1305)
  0x00001472b57eb8f0: 73ff e9dd 

  0x00001472b57eb8f4: ;   {internal_word}
  0x00001472b57eb8f4: f9ff ff49 | ba0c b37e | b572 1400 | 004d 8997 | 9003 0000 

  0x00001472b57eb908: ;   {runtime_call SafepointBlob}
  0x00001472b57eb908: e973 e967 | ff48 8bd2 

  0x00001472b57eb910: ;   {runtime_call fast_new_instance Runtime1 stub}
  0x00001472b57eb910: e8eb 1073 

  0x00001472b57eb914: ; ImmutableOopMap {r8=Oop [288]=Oop }
                      ;*new {reexecute=0 rethrow=0 return_oop=0}
                      ; - groovyjarjarantlr4.v4.runtime.atn.ParserATNSimulator::computeStartState@60 (line 1252)
  0x00001472b57eb914: ffe9 57fa 

  0x00001472b57eb918: ;   {internal_word}
  0x00001472b57eb918: ffff 49ba | acb3 7eb5 | 7214 0000 | 4d89 9790 

  0x00001472b57eb928: ;   {runtime_call SafepointBlob}
  0x00001472b57eb928: 0300 00e9 | 50e9 67ff 

  0x00001472b57eb930: ;   {runtime_call throw_null_pointer_exception Runtime1 stub}
  0x00001472b57eb930: e84b fa72 

  0x00001472b57eb934: ; ImmutableOopMap {[272]=Oop [280]=Oop [288]=Oop [312]=Oop [320]=Oop [416]=Oop [432]=Oop [488]=Oop [496]=Oop }
                      ;*new {reexecute=0 rethrow=0 return_oop=0}
                      ; - groovyjarjarantlr4.v4.runtime.misc.IntegerList::get@12 (line 91)
                      ; - groovyjarjarantlr4.v4.runtime.misc.IntegerStack::peek@7 (line 34)
                      ; - groovyjarjarantlr4.v4.runtime.Parser::getPrecedence@16 (line 696)
                      ; - groovyjarjarantlr4.v4.runtime.atn.ParserATNSimulator::computeStartState@553 (line 1349)
  0x00001472b57eb934: ff48 8bd2 

  0x00001472b57eb938: ;   {runtime_call fast_new_instance_init_check Runtime1 stub}
  0x00001472b57eb938: e843 1873 

  0x00001472b57eb93c: ; ImmutableOopMap {[272]=Oop [280]=Oop [288]=Oop [312]=Oop [320]=Oop [416]=Oop [432]=Oop [488]=Oop [496]=Oop }
                      ;*new {reexecute=0 rethrow=0 return_oop=0}
                      ; - groovyjarjarantlr4.v4.runtime.misc.IntegerList::get@12 (line 91)
                      ; - groovyjarjarantlr4.v4.runtime.misc.IntegerStack::peek@7 (line 34)
                      ; - groovyjarjarantlr4.v4.runtime.Parser::getPrecedence@16 (line 696)
                      ; - groovyjarjarantlr4.v4.runtime.atn.ParserATNSimulator::computeStartState@553 (line 1349)
  0x00001472b57eb93c: ffe9 ddfa | ffff 488b 

  0x00001472b57eb944: ;   {runtime_call fast_new_instance Runtime1 stub}
  0x00001472b57eb944: d2e8 b610 

  0x00001472b57eb948: ; ImmutableOopMap {rbx=Oop [272]=Oop [280]=Oop [288]=Oop [312]=Oop [320]=Oop [416]=Oop [424]=Oop [432]=Oop [480]=Oop [600]=Oop }
                      ;*new {reexecute=0 rethrow=0 return_oop=0}
                      ; - java.lang.Class::cast@12 (line 3991)
                      ; - java.lang.invoke.VarHandleReferences$FieldInstanceReadWrite::compareAndSet@41 (line 183)
                      ; - java.lang.invoke.VarHandleGuards::guard_LLL_Z@50 (line 68)
                      ; - java.util.concurrent.atomic.AtomicReference::compareAndSet@6 (line 123)
                      ; - groovyjarjarantlr4.v4.runtime.atn.ParserATNSimulator::computeStartState@507 (line 1336)
  0x00001472b57eb948: 73ff e955 | fbff ff48 

  0x00001472b57eb950: ;   {runtime_call fast_new_instance Runtime1 stub}
  0x00001472b57eb950: 8bd2 e8a9 

  0x00001472b57eb954: ; ImmutableOopMap {[272]=Oop [280]=Oop [288]=Oop [312]=Oop [320]=Oop [416]=Oop [424]=Oop [432]=Oop [480]=Oop [600]=Oop }
                      ;*new {reexecute=0 rethrow=0 return_oop=0}
                      ; - java.util.Objects::requireNonNull@4 (line 233)
                      ; - java.lang.invoke.VarHandleReferences$FieldInstanceReadWrite::compareAndSet@18 (line 180)
                      ; - java.lang.invoke.VarHandleGuards::guard_LLL_Z@50 (line 68)
                      ; - java.util.concurrent.atomic.AtomicReference::compareAndSet@6 (line 123)
                      ; - groovyjarjarantlr4.v4.runtime.atn.ParserATNSimulator::computeStartState@507 (line 1336)
  0x00001472b57eb954: 1073 ffe9 | e9fb ffff 

  0x00001472b57eb95c: ;   {runtime_call fast_new_instance Runtime1 stub}
  0x00001472b57eb95c: 488b d2e8 

  0x00001472b57eb960: ; ImmutableOopMap {[272]=Oop [280]=Oop [288]=Oop [312]=Oop [320]=Oop [416]=Oop [424]=Oop [432]=Oop [480]=Oop [600]=Oop }
                      ;*new {reexecute=0 rethrow=0 return_oop=0}
                      ; - java.lang.Class::cast@12 (line 3991)
                      ; - java.lang.invoke.VarHandleReferences$FieldInstanceReadWrite::compareAndSet@15 (line 180)
                      ; - java.lang.invoke.VarHandleGuards::guard_LLL_Z@50 (line 68)
                      ; - java.util.concurrent.atomic.AtomicReference::compareAndSet@6 (line 123)
                      ; - groovyjarjarantlr4.v4.runtime.atn.ParserATNSimulator::computeStartState@507 (line 1336)
  0x00001472b57eb960: 9c10 73ff | e960 fcff 

  0x00001472b57eb968: ;   {runtime_call throw_null_pointer_exception Runtime1 stub}
  0x00001472b57eb968: ffe8 12fa 

  0x00001472b57eb96c: ; ImmutableOopMap {[272]=Oop [280]=Oop [288]=Oop }
                      ;*new {reexecute=0 rethrow=0 return_oop=0}
                      ; - groovyjarjarantlr4.v4.runtime.misc.IntegerList::get@12 (line 91)
                      ; - groovyjarjarantlr4.v4.runtime.misc.IntegerStack::peek@7 (line 34)
                      ; - groovyjarjarantlr4.v4.runtime.Parser::getPrecedence@16 (line 696)
                      ; - groovyjarjarantlr4.v4.runtime.atn.ParserATNSimulator::computeStartState@12 (line 1246)
  0x00001472b57eb96c: 72ff 488b 

  0x00001472b57eb970: ;   {runtime_call fast_new_instance_init_check Runtime1 stub}
  0x00001472b57eb970: d2e8 0a18 

  0x00001472b57eb974: ; ImmutableOopMap {[272]=Oop [280]=Oop [288]=Oop }
                      ;*new {reexecute=0 rethrow=0 return_oop=0}
                      ; - groovyjarjarantlr4.v4.runtime.misc.IntegerList::get@12 (line 91)
                      ; - groovyjarjarantlr4.v4.runtime.misc.IntegerStack::peek@7 (line 34)
                      ; - groovyjarjarantlr4.v4.runtime.Parser::getPrecedence@16 (line 696)
                      ; - groovyjarjarantlr4.v4.runtime.atn.ParserATNSimulator::computeStartState@12 (line 1246)
  0x00001472b57eb974: 73ff e9f3 | fcff ff48 | 8d84 2478 | 0200 0048 

  0x00001472b57eb984: ;   {runtime_call monitorexit_nofpu Runtime1 stub}
  0x00001472b57eb984: 8904 24e8 | 7446 73ff | e948 fdff | ff48 8d84 | 2478 0200 | 0048 8904 

  0x00001472b57eb99c: ;   {runtime_call monitorexit_nofpu Runtime1 stub}
  0x00001472b57eb99c: 24e8 5e46 | 73ff e982 | fdff ff49 | 8b87 2804 | 0000 49c7 | 8728 0400 | 0000 0000 | 0049 c787 
  0x00001472b57eb9bc: 3004 0000 | 0000 0000 | 4881 c490 | 0200 005d 

  0x00001472b57eb9cc: ;   {runtime_call unwind_exception Runtime1 stub}
  0x00001472b57eb9cc: e92f e672 | fff4 f4f4 | f4f4 f4f4 
[Stub Code]
  0x00001472b57eb9d8: ;   {no_reloc}
  0x00001472b57eb9d8: 0f1f 4400 

  0x00001472b57eb9dc: ;   {static_stub}
  0x00001472b57eb9dc: 0048 bb00 | 0000 0000 

  0x00001472b57eb9e4: ;   {runtime_call}
  0x00001472b57eb9e4: 0000 00e9 | fbff ffff 

  0x00001472b57eb9ec: ;   {static_stub}
  0x00001472b57eb9ec: 9048 bb00 | 0000 0000 

  0x00001472b57eb9f4: ;   {runtime_call}
  0x00001472b57eb9f4: 0000 00e9 | fbff ffff 

  0x00001472b57eb9fc: ;   {static_stub}
  0x00001472b57eb9fc: 9048 bb00 | 0000 0000 

  0x00001472b57eba04: ;   {runtime_call}
  0x00001472b57eba04: 0000 00e9 | fbff ffff 

  0x00001472b57eba0c: ;   {static_stub}
  0x00001472b57eba0c: 9048 bb00 | 0000 0000 

  0x00001472b57eba14: ;   {runtime_call}
  0x00001472b57eba14: 0000 00e9 | fbff ffff 

  0x00001472b57eba1c: ;   {static_stub}
  0x00001472b57eba1c: 9048 bb00 | 0000 0000 

  0x00001472b57eba24: ;   {runtime_call}
  0x00001472b57eba24: 0000 00e9 | fbff ffff 

  0x00001472b57eba2c: ;   {static_stub}
  0x00001472b57eba2c: 9048 bb00 | 0000 0000 

  0x00001472b57eba34: ;   {runtime_call}
  0x00001472b57eba34: 0000 00e9 | fbff ffff 

  0x00001472b57eba3c: ;   {static_stub}
  0x00001472b57eba3c: 9048 bb00 | 0000 0000 

  0x00001472b57eba44: ;   {runtime_call}
  0x00001472b57eba44: 0000 00e9 | fbff ffff 

  0x00001472b57eba4c: ;   {static_stub}
  0x00001472b57eba4c: 9048 bb00 | 0000 0000 

  0x00001472b57eba54: ;   {runtime_call}
  0x00001472b57eba54: 0000 00e9 | fbff ffff 

  0x00001472b57eba5c: ;   {static_stub}
  0x00001472b57eba5c: 9048 bb00 | 0000 0000 

  0x00001472b57eba64: ;   {runtime_call}
  0x00001472b57eba64: 0000 00e9 | fbff ffff 

  0x00001472b57eba6c: ;   {static_stub}
  0x00001472b57eba6c: 9048 bb00 | 0000 0000 

  0x00001472b57eba74: ;   {runtime_call}
  0x00001472b57eba74: 0000 00e9 | fbff ffff 

  0x00001472b57eba7c: ;   {static_stub}
  0x00001472b57eba7c: 9048 bb00 | 0000 0000 

  0x00001472b57eba84: ;   {runtime_call}
  0x00001472b57eba84: 0000 00e9 | fbff ffff 

  0x00001472b57eba8c: ;   {static_stub}
  0x00001472b57eba8c: 9048 bb00 | 0000 0000 

  0x00001472b57eba94: ;   {runtime_call}
  0x00001472b57eba94: 0000 00e9 | fbff ffff 

  0x00001472b57eba9c: ;   {static_stub}
  0x00001472b57eba9c: 9048 bb00 | 0000 0000 

  0x00001472b57ebaa4: ;   {runtime_call}
  0x00001472b57ebaa4: 0000 00e9 | fbff ffff 

  0x00001472b57ebaac: ;   {static_stub}
  0x00001472b57ebaac: 9048 bb00 | 0000 0000 

  0x00001472b57ebab4: ;   {runtime_call}
  0x00001472b57ebab4: 0000 00e9 | fbff ffff 

  0x00001472b57ebabc: ;   {static_stub}
  0x00001472b57ebabc: 9048 bb00 | 0000 0000 

  0x00001472b57ebac4: ;   {runtime_call}
  0x00001472b57ebac4: 0000 00e9 | fbff ffff 

  0x00001472b57ebacc: ;   {static_stub}
  0x00001472b57ebacc: 9048 bb00 | 0000 0000 

  0x00001472b57ebad4: ;   {runtime_call}
  0x00001472b57ebad4: 0000 00e9 | fbff ffff 

  0x00001472b57ebadc: ;   {static_stub}
  0x00001472b57ebadc: 9048 bb00 | 0000 0000 

  0x00001472b57ebae4: ;   {runtime_call}
  0x00001472b57ebae4: 0000 00e9 | fbff ffff 

  0x00001472b57ebaec: ;   {static_stub}
  0x00001472b57ebaec: 9048 bb00 | 0000 0000 

  0x00001472b57ebaf4: ;   {runtime_call}
  0x00001472b57ebaf4: 0000 00e9 | fbff ffff 

  0x00001472b57ebafc: ;   {static_stub}
  0x00001472b57ebafc: 9048 bb00 | 0000 0000 

  0x00001472b57ebb04: ;   {runtime_call}
  0x00001472b57ebb04: 0000 00e9 | fbff ffff 

  0x00001472b57ebb0c: ;   {static_stub}
  0x00001472b57ebb0c: 9048 bb00 | 0000 0000 

  0x00001472b57ebb14: ;   {runtime_call}
  0x00001472b57ebb14: 0000 00e9 | fbff ffff 

  0x00001472b57ebb1c: ;   {static_stub}
  0x00001472b57ebb1c: 9048 bb00 | 0000 0000 

  0x00001472b57ebb24: ;   {runtime_call}
  0x00001472b57ebb24: 0000 00e9 | fbff ffff 

  0x00001472b57ebb2c: ;   {static_stub}
  0x00001472b57ebb2c: 9048 bb00 | 0000 0000 

  0x00001472b57ebb34: ;   {runtime_call}
  0x00001472b57ebb34: 0000 00e9 | fbff ffff 
[Exception Handler]
  0x00001472b57ebb3c: ;   {runtime_call handle_exception_from_callee Runtime1 stub}
  0x00001472b57ebb3c: e83f 2873 

  0x00001472b57ebb40: ;   {external_word}
  0x00001472b57ebb40: ff48 bf90 | d2ff c572 | 1400 0048 

  0x00001472b57ebb4c: ;   {runtime_call MacroAssembler::debug64(char*, long, long*)}
  0x00001472b57ebb4c: 83e4 f0e8 | 3c2b 4210 

  0x00001472b57ebb54: ;   {section_word}
  0x00001472b57ebb54: f449 ba55 | bb7e b572 | 1400 0041 

  0x00001472b57ebb60: ;   {runtime_call DeoptimizationBlob}
  0x00001472b57ebb60: 52e9 bad9 

  0x00001472b57ebb64: ;   {static_stub}
  0x00001472b57ebb64: 67ff 48bb | 0000 0000 | 0000 0000 

  0x00001472b57ebb70: ;   {runtime_call}
  0x00001472b57ebb70: e9fb ffff 

  0x00001472b57ebb74: ;   {static_stub}
  0x00001472b57ebb74: ff48 bb00 | 0000 0000 

  0x00001472b57ebb7c: ;   {runtime_call}
  0x00001472b57ebb7c: 0000 00e9 | fbff ffff 

  0x00001472b57ebb84: ;   {static_stub}
  0x00001472b57ebb84: 48bb 0000 | 0000 0000 

  0x00001472b57ebb8c: ;   {runtime_call}
  0x00001472b57ebb8c: 0000 e9fb 

  0x00001472b57ebb90: ;   {static_stub}
  0x00001472b57ebb90: ffff ff48 | bb00 0000 | 0000 0000 

  0x00001472b57ebb9c: ;   {runtime_call}
  0x00001472b57ebb9c: 00e9 fbff 

  0x00001472b57ebba0: ;   {static_stub}
  0x00001472b57ebba0: ffff 48bb | 0000 0000 | 0000 0000 

  0x00001472b57ebbac: ;   {runtime_call}
  0x00001472b57ebbac: e9fb ffff 

  0x00001472b57ebbb0: ;   {static_stub}
  0x00001472b57ebbb0: ff48 bb00 | 0000 0000 

  0x00001472b57ebbb8: ;   {runtime_call}
  0x00001472b57ebbb8: 0000 00e9 | fbff ffff 

  0x00001472b57ebbc0: ;   {static_stub}
  0x00001472b57ebbc0: 48bb 0000 | 0000 0000 

  0x00001472b57ebbc8: ;   {runtime_call}
  0x00001472b57ebbc8: 0000 e9fb 

  0x00001472b57ebbcc: ;   {static_stub}
  0x00001472b57ebbcc: ffff ff48 | bb00 0000 | 0000 0000 

  0x00001472b57ebbd8: ;   {runtime_call}
  0x00001472b57ebbd8: 00e9 fbff 

  0x00001472b57ebbdc: ;   {static_stub}
  0x00001472b57ebbdc: ffff 48bb | 0000 0000 | 0000 0000 

  0x00001472b57ebbe8: ;   {runtime_call}
  0x00001472b57ebbe8: e9fb ffff 

  0x00001472b57ebbec: ;   {static_stub}
  0x00001472b57ebbec: ff48 bb00 | 0000 0000 

  0x00001472b57ebbf4: ;   {runtime_call}
  0x00001472b57ebbf4: 0000 00e9 | fbff ffff 

  0x00001472b57ebbfc: ;   {static_stub}
  0x00001472b57ebbfc: 48bb 0000 | 0000 0000 

  0x00001472b57ebc04: ;   {runtime_call}
  0x00001472b57ebc04: 0000 e9fb | ffff fff4 | f4f4 f4f4 
[/MachCode]


Compiled method (c1)    5076 3534   !   1       groovyjarjarantlr4.v4.runtime.atn.ParserATNSimulator::adaptivePredict (288 bytes)
 total in heap  [0x00001472b5576710,0x00001472b55777e8] = 4312
 relocation     [0x00001472b5576858,0x00001472b5576980] = 296
 main code      [0x00001472b5576980,0x00001472b5577118] = 1944
 stub code      [0x00001472b5577118,0x00001472b5577228] = 272
 oops           [0x00001472b5577228,0x00001472b5577230] = 8
 metadata       [0x00001472b5577230,0x00001472b55772c8] = 152
 scopes data    [0x00001472b55772c8,0x00001472b5577510] = 584
 scopes pcs     [0x00001472b5577510,0x00001472b5577740] = 560
 dependencies   [0x00001472b5577740,0x00001472b5577770] = 48
 handler table  [0x00001472b5577770,0x00001472b5577788] = 24
 nul chk table  [0x00001472b5577788,0x00001472b55777e8] = 96

[Constant Pool (empty)]

[MachCode]
[Entry Point]
  # {method} {0x0000147291164ce8} 'adaptivePredict' '(Lgroovyjarjarantlr4/v4/runtime/TokenStream;ILgroovyjarjarantlr4/v4/runtime/ParserRuleContext;Z)I' in 'groovyjarjarantlr4/v4/runtime/atn/ParserATNSimulator'
  # this:     rsi:rsi   = 'groovyjarjarantlr4/v4/runtime/atn/ParserATNSimulator'
  # parm0:    rdx:rdx   = 'groovyjarjarantlr4/v4/runtime/TokenStream'
  # parm1:    rcx       = int
  # parm2:    r8:r8     = 'groovyjarjarantlr4/v4/runtime/ParserRuleContext'
  # parm3:    r9        = boolean
  #           [sp+0xf0]  (sp of caller)
  0x00001472b5576980: 448b 5608 | 49bb 0000 | 0000 0800 | 0000 4d03 | d34c 3bd0 

  0x00001472b5576994: ;   {runtime_call ic_miss_stub}
  0x00001472b5576994: 0f85 66c9 | 8eff 660f | 1f44 0000 
[Verified Entry Point]
  0x00001472b55769a0: 8984 2400 | c0fe ff55 | 4881 ece0 | 0000 0090 | 4181 7f20 | 0300 0000 

  0x00001472b55769b8: ;   {runtime_call StubRoutines (2)}
  0x00001472b55769b8: 7405 e8e1 | 258d ff48 | 89b4 2498 | 0000 0048 | 8994 2488 | 0000 004c | 8984 24a8 | 0000 0044 
  0x00001472b55769d8: 898c 2494 | 0000 008b | 7e0c 8b7f | 3c3b 4f0c | 0f83 0b06 | 0000 4863 | d98b 7c9f | 1048 89bc 
  0x00001472b55769f8: 24a0 0000 | 000f be5e | 1483 fb00 | 0f85 0c00 | 0000 898c | 2490 0000 | 00e9 8000 | 0000 0fbe 
  0x00001472b5576a18: 5f18 83e3 | 0183 fb00 | 898c 2490 | 0000 000f | 8569 0000 | 0048 8bf7 | 0f1f 8000 

  0x00001472b5576a34: ;   {optimized virtual_call}
  0x00001472b5576a34: 0000 00e8 

  0x00001472b5576a38: ; ImmutableOopMap {[136]=Oop [152]=Oop [160]=Oop [168]=Oop }
                      ;*invokevirtual isEmpty {reexecute=0 rethrow=0 return_oop=0}
                      ; - groovyjarjarantlr4.v4.runtime.atn.ParserATNSimulator::adaptivePredict@47 (line 365)
  0x00001472b5576a38: c4dc ffff | 83f8 000f | 8415 0000 | 0048 8bbc | 24a0 0000 | 0048 8bb4 | 2498 0000 | 00e9 3c00 
  0x00001472b5576a58: 0000 488b | 9424 8800 | 0000 8b8c | 2490 0000 | 0048 8bb4 | 2498 0000 | 0066 0f1f 

  0x00001472b5576a74: ;   {optimized virtual_call}
  0x00001472b5576a74: 4400 00e8 

  0x00001472b5576a78: ; ImmutableOopMap {[136]=Oop [152]=Oop [160]=Oop [168]=Oop }
                      ;*invokespecial tryLL1Prediction {reexecute=0 rethrow=0 return_oop=0}
                      ; - groovyjarjarantlr4.v4.runtime.atn.ParserATNSimulator::adaptivePredict@56 (line 366)
  0x00001472b5576a78: 641a 0000 | 4883 f800 | 0f85 9c04 | 0000 488b | bc24 a000 | 0000 488b | b424 9800 | 0000 410f 
  0x00001472b5576a98: be5f 4083 | fb00 0f85 | 6805 0000 | 4c8b d744 | 8956 2448 | 8bde 4833 | df48 c1eb | 1448 83fb 
  0x00001472b5576ab8: 000f 8568 | 0500 000f | be5e 1083 | fb00 0f84 | 0b00 0000 | 41b9 0100 | 0000 e92f | 0000 000f 
  0x00001472b5576ad8: be5e 1183 | fb00 0f84 | 0d00 0000 | 448b 8c24 | 9400 0000 | e915 0000 | 0048 3b07 

  0x00001472b5576af4: ;   {optimized virtual_call}
  0x00001472b5576af4: 488b f7e8 

  0x00001472b5576af8: ; ImmutableOopMap {[136]=Oop [152]=Oop [160]=Oop [168]=Oop }
                      ;*invokevirtual isContextSensitive {reexecute=0 rethrow=0 return_oop=0}
                      ; - groovyjarjarantlr4.v4.runtime.atn.ParserATNSimulator::adaptivePredict@102 (line 376)
  0x00001472b5576af8: 04cb 8eff | 0b84 2494 | 0000 004c | 8bc8 4183 | f900 0f85 | d100 0000 | 488b b424 | 9800 0000 
  0x00001472b5576b18: ;   {oop(a 'groovyjarjarantlr4/v4/runtime/atn/PredictionMode'{0x00000000c1e80078})}
  0x00001472b5576b18: 8b56 1c48 | bf78 00e8 | c100 0000 | 0048 3bd7 | 4c8b 8424 | a800 0000 | 0f84 0a00 | 0000 4983 
  0x00001472b5576b38: f800 0f85 | 1200 0000 | bf00 0000 | 0044 898c | 24b0 0000 | 00e9 ac00 | 0000 4489 | 8c24 b000 
  0x00001472b5576b58: 0000 8b8c | 2490 0000 | 008b 560c 

  0x00001472b5576b64: ; implicit exception: dispatches to 0x00001472b5577044
  0x00001472b5576b64: 8b7a 1848 | 8bd1 488b | f748 b820 | e30b 0008 

  0x00001472b5576b74: ;   {virtual_call}
  0x00001472b5576b74: 0000 00e8 

  0x00001472b5576b78: ; ImmutableOopMap {[136]=Oop [152]=Oop [160]=Oop [168]=Oop }
                      ;*invokeinterface get {reexecute=0 rethrow=0 return_oop=0}
                      ; - groovyjarjarantlr4.v4.runtime.atn.ParserATNSimulator::adaptivePredict@136 (line 379)
  0x00001472b5576b78: 240b b5ff | 4883 f800 | 0f84 2900 

  0x00001472b5576b84: ;   {metadata('groovyjarjarantlr4/v4/runtime/atn/DecisionState')}
  0x00001472b5576b84: 0000 48be | a00a 2c01 | 0800 0000 | 8b58 0849 | ba00 0000 | 0008 0000 | 0049 03da | 483b 7340 
  0x00001472b5576ba4: 0f85 9f04 | 0000 e900 | 0000 0048 | 8bf0 0fbe | 7616 83fe | 00be 0000 | 0000 0f85 | 0500 0000 
  0x00001472b5576bc4: be01 0000 | 0048 8bfe | 4c8b 8424 | a800 0000 | 488b b424 | 9800 0000 | e91d 0000 | 0044 898c 
  0x00001472b5576be4: 24b0 0000 | 00bf 0100 | 0000 4c8b | 8424 a800 | 0000 488b | b424 9800 | 0000 83e7 | 0140 887e 
  0x00001472b5576c04: 1a49 83f8 | 000f 850a 

  0x00001472b5576c0c: ;   {oop(a 'groovyjarjarantlr4/v4/runtime/ParserRuleContext'{0x00000000c1e80090})}
  0x00001472b5576c0c: 0000 0049 | b890 00e8 | c100 0000 | 004c 8984 | 24b8 0000 | 0048 8bbc | 24a0 0000 | 0048 3b07 
  0x00001472b5576c2c: ;   {optimized virtual_call}
  0x00001472b5576c2c: 488b f7e8 

  0x00001472b5576c30: ; ImmutableOopMap {[136]=Oop [152]=Oop [160]=Oop [184]=Oop }
                      ;*invokevirtual isEmpty {reexecute=0 rethrow=0 return_oop=0}
                      ; - groovyjarjarantlr4.v4.runtime.atn.ParserATNSimulator::adaptivePredict@171 (line 385)
  0x00001472b5576c30: ccda ffff | 83f8 000f | 840f 0000 

  0x00001472b5576c3c: ;   {oop(NULL)}
  0x00001472b5576c3c: 0048 be00 | 0000 0000 | 0000 00e9 | 3300 0000 | 488b 9424 | a000 0000 | 488b 8c24 | 8800 0000 
  0x00001472b5576c5c: 4c8b 8424 | b800 0000 | 448b 8c24 | b000 0000 | 488b b424 | 9800 0000 

  0x00001472b5576c74: ;   {optimized virtual_call}
  0x00001472b5576c74: 6666 90e8 

  0x00001472b5576c78: ; ImmutableOopMap {[136]=Oop [152]=Oop [160]=Oop [184]=Oop }
                      ;*invokevirtual getStartState {reexecute=0 rethrow=0 return_oop=0}
                      ; - groovyjarjarantlr4.v4.runtime.atn.ParserATNSimulator::adaptivePredict@184 (line 386)
  0x00001472b5576c78: a494 0100 | 488b f048 | 83fe 000f | 852e 0000 | 004c 8b84 | 24b8 0000 | 0044 8b8c | 24b0 0000 
  0x00001472b5576c98: 0048 8b94 | 24a0 0000 | 0049 8bc8 | 4d8b c148 | 8bb4 2498 

  0x00001472b5576cac: ;   {optimized virtual_call}
  0x00001472b5576cac: 0000 00e8 

  0x00001472b5576cb0: ; ImmutableOopMap {[136]=Oop [152]=Oop [160]=Oop }
                      ;*invokevirtual computeStartState {reexecute=0 rethrow=0 return_oop=0}
                      ; - groovyjarjarantlr4.v4.runtime.atn.ParserATNSimulator::adaptivePredict@200 (line 395)
  0x00001472b5576cb0: ac34 2700 | 488b f048 | 8bbc 24a0 | 0000 0048 | 8b94 2488 | 0000 0048 | 8b9c 2498 | 0000 0048 
  0x00001472b5576cd0: 83fa 000f | 842a 0000 

  0x00001472b5576cd8: ;   {metadata('groovyjarjarantlr4/v4/runtime/BufferedTokenStream')}
  0x00001472b5576cd8: 0048 b8e8 | 432e 0108 | 0000 0044 | 8b4a 0849 | ba00 0000 | 0008 0000 | 004d 03ca | 493b 4138 
  0x00001472b5576cf8: 0f85 5e03 | 0000 e900 | 0000 0048 | 8bca 483b | 0248 83fa | 000f 842a 

  0x00001472b5576d10: ;   {metadata('groovyjarjarantlr4/v4/runtime/BufferedTokenStream')}
  0x00001472b5576d10: 0000 0048 | b8e8 432e | 0108 0000 | 0044 8b4a | 0849 ba00 | 0000 0008 | 0000 004d | 03ca 493b 
  0x00001472b5576d30: 4138 0f85 | 2e03 0000 | e900 0000 | 0048 8bca | 8b42 0c4c | 8bda 488b | d749 8bcb | 4c8b c04c 
  0x00001472b5576d50: 8bce 488b | f389 8424 | b400 0000 

  0x00001472b5576d5c: ;   {optimized virtual_call}
  0x00001472b5576d5c: 6666 90e8 

  0x00001472b5576d60: ; ImmutableOopMap {[136]=Oop [152]=Oop }
                      ;*invokevirtual execDFA {reexecute=0 rethrow=0 return_oop=0}
                      ; - groovyjarjarantlr4.v4.runtime.atn.ParserATNSimulator::adaptivePredict@229 (line 400)
  0x00001472b5576d60: 3c12 0100 | 8984 24c0 | 0000 0041 | 0fbe 5740 | 83fa 0048 | 8bb4 2498 | 0000 000f | 85ea 0200 
  0x00001472b5576d80: 00c7 4624 | 0000 0000 | 488b 9424 | 8800 0000 | 4883 fa00 | 0f84 2900 

  0x00001472b5576d98: ;   {metadata('groovyjarjarantlr4/v4/runtime/BufferedTokenStream')}
  0x00001472b5576d98: 0000 49b8 | e843 2e01 | 0800 0000 | 8b4a 0849 | ba00 0000 | 0008 0000 | 0049 03ca | 4c3b 4138 
  0x00001472b5576db8: 0f85 c802 | 0000 e900 | 0000 0048 | 8bfa 8b7a | 0c83 ffff | 0f85 d500 | 0000 e98f | 0000 0048 
  0x00001472b5576dd8: 8b94 2488 | 0000 0048 | 8bb4 2498 | 0000 0049 | 8b87 2804 | 0000 4d33 | d24d 8997 | 2804 0000 
  0x00001472b5576df8: 4d33 d24d | 8997 3004 | 0000 4889 | 8424 c800 | 0000 410f | be7f 4083 | ff00 0f85 | 7302 0000 
  0x00001472b5576e18: c746 2400 | 0000 0048 | 83fa 000f | 8429 0000 

  0x00001472b5576e28: ;   {metadata('groovyjarjarantlr4/v4/runtime/BufferedTokenStream')}
  0x00001472b5576e28: 0048 b9e8 | 432e 0108 | 0000 008b | 5a08 49ba | 0000 0000 | 0800 0000 | 4903 da48 | 3b4b 380f 
  0x00001472b5576e48: 8559 0200 | 00e9 0000 | 0000 488b | f28b 720c | 83fe ff0f | 8516 0100 | 00e9 d500 | 0000 488b 
  0x00001472b5576e68: faba 0000 | 0000 488b | f766 0f1f 

  0x00001472b5576e74: ;   {optimized virtual_call}
  0x00001472b5576e74: 4400 00e8 

  0x00001472b5576e78: ; ImmutableOopMap {[136]=Oop }
                      ;*invokevirtual sync {reexecute=0 rethrow=0 return_oop=0}
                      ; - groovyjarjarantlr4.v4.runtime.BufferedTokenStream::setup@2 (line 255)
                      ; - groovyjarjarantlr4.v4.runtime.BufferedTokenStream::lazyInit@9 (line 250)
                      ; - groovyjarjarantlr4.v4.runtime.BufferedTokenStream::seek@1 (line 107)
                      ; - groovyjarjarantlr4.v4.runtime.atn.ParserATNSimulator::adaptivePredict@246 (line 406)
  0x00001472b5576e78: 84c7 8eff | ba00 0000 | 0048 8bb4 | 2488 0000 | 000f 1f40 | 0048 b8ff | ffff ffff 

  0x00001472b5576e94: ;   {virtual_call}
  0x00001472b5576e94: ffff ffe8 

  0x00001472b5576e98: ; ImmutableOopMap {[136]=Oop }
                      ;*invokevirtual adjustSeekIndex {reexecute=0 rethrow=0 return_oop=0}
                      ; - groovyjarjarantlr4.v4.runtime.BufferedTokenStream::setup@9 (line 256)
                      ; - groovyjarjarantlr4.v4.runtime.BufferedTokenStream::lazyInit@9 (line 250)
                      ; - groovyjarjarantlr4.v4.runtime.BufferedTokenStream::seek@1 (line 107)
                      ; - groovyjarjarantlr4.v4.runtime.atn.ParserATNSimulator::adaptivePredict@246 (line 406)
  0x00001472b5576e98: 64ca 8eff | 488b 9424 | 8800 0000 | 8942 0c48 | 8bfa 8b94 | 24b4 0000 | 0048 8bf7 | 9048 b898 
  0x00001472b5576eb8: 472e 0108 

  0x00001472b5576ebc: ;   {virtual_call}
  0x00001472b5576ebc: 0000 00e8 

  0x00001472b5576ec0: ; ImmutableOopMap {[136]=Oop }
                      ;*invokevirtual adjustSeekIndex {reexecute=0 rethrow=0 return_oop=0}
                      ; - groovyjarjarantlr4.v4.runtime.BufferedTokenStream::seek@7 (line 108)
                      ; - groovyjarjarantlr4.v4.runtime.atn.ParserATNSimulator::adaptivePredict@246 (line 406)
  0x00001472b5576ec0: dc0a 0000 | 488b 9424 | 8800 0000 | 8942 0c48 | 83fa 000f | 8429 0000 

  0x00001472b5576ed8: ;   {metadata('groovyjarjarantlr4/v4/runtime/BufferedTokenStream')}
  0x00001472b5576ed8: 0048 bfe8 | 432e 0108 | 0000 008b | 7208 49ba | 0000 0000 | 0800 0000 | 4903 f248 | 3b7e 380f 
  0x00001472b5576ef8: 85b3 0100 | 00e9 0000 | 0000 488b | c28b 8424 | c000 0000 | 4881 c4e0 | 0000 005d 

  0x00001472b5576f14: ;   {poll_return}
  0x00001472b5576f14: 493b a778 | 0300 000f | 8794 0100 | 00c3 8b40 | 0c48 81c4 | e000 0000 

  0x00001472b5576f2c: ;   {poll_return}
  0x00001472b5576f2c: 5d49 3ba7 | 7803 0000 | 0f87 9601 | 0000 c348 | 8bfa ba00 | 0000 0048 

  0x00001472b5576f44: ;   {optimized virtual_call}
  0x00001472b5576f44: 8bf7 90e8 

  0x00001472b5576f48: ; ImmutableOopMap {[136]=Oop [200]=Oop }
                      ;*invokevirtual sync {reexecute=0 rethrow=0 return_oop=0}
                      ; - groovyjarjarantlr4.v4.runtime.BufferedTokenStream::setup@2 (line 255)
                      ; - groovyjarjarantlr4.v4.runtime.BufferedTokenStream::lazyInit@9 (line 250)
                      ; - groovyjarjarantlr4.v4.runtime.BufferedTokenStream::seek@1 (line 107)
                      ; - groovyjarjarantlr4.v4.runtime.atn.ParserATNSimulator::adaptivePredict@272 (line 406)
  0x00001472b5576f48: b4c6 8eff | ba00 0000 | 0048 8bb4 | 2488 0000 | 000f 1f40 | 0048 b8ff | ffff ffff 

  0x00001472b5576f64: ;   {virtual_call}
  0x00001472b5576f64: ffff ffe8 

  0x00001472b5576f68: ; ImmutableOopMap {[136]=Oop [200]=Oop }
                      ;*invokevirtual adjustSeekIndex {reexecute=0 rethrow=0 return_oop=0}
                      ; - groovyjarjarantlr4.v4.runtime.BufferedTokenStream::setup@9 (line 256)
                      ; - groovyjarjarantlr4.v4.runtime.BufferedTokenStream::lazyInit@9 (line 250)
                      ; - groovyjarjarantlr4.v4.runtime.BufferedTokenStream::seek@1 (line 107)
                      ; - groovyjarjarantlr4.v4.runtime.atn.ParserATNSimulator::adaptivePredict@272 (line 406)
  0x00001472b5576f68: 94c9 8eff | 488b 9424 | 8800 0000 | 8942 0c8b | 8424 b400 | 0000 488b | da48 8bd0 | 488b f366 
  0x00001472b5576f88: 0f1f 4400 | 0048 b8ff | ffff ffff 

  0x00001472b5576f94: ;   {virtual_call}
  0x00001472b5576f94: ffff ffe8 

  0x00001472b5576f98: ; ImmutableOopMap {[136]=Oop [200]=Oop }
                      ;*invokevirtual adjustSeekIndex {reexecute=0 rethrow=0 return_oop=0}
                      ; - groovyjarjarantlr4.v4.runtime.BufferedTokenStream::seek@7 (line 108)
                      ; - groovyjarjarantlr4.v4.runtime.atn.ParserATNSimulator::adaptivePredict@272 (line 406)
  0x00001472b5576f98: 64c9 8eff | 488b 9424 | 8800 0000 | 8942 0c48 | 83fa 000f | 8429 0000 

  0x00001472b5576fb0: ;   {metadata('groovyjarjarantlr4/v4/runtime/BufferedTokenStream')}
  0x00001472b5576fb0: 0048 bbe8 | 432e 0108 | 0000 008b | 7a08 49ba | 0000 0000 | 0800 0000 | 4903 fa48 | 3b5f 380f 
  0x00001472b5576fd0: 8511 0100 | 00e9 0000 | 0000 488b | c248 8b84 | 24c8 0000 | 00e9 1e01 

  0x00001472b5576fe8: ;   {runtime_call throw_null_pointer_exception Runtime1 stub}
  0x00001472b5576fe8: 0000 e891 

  0x00001472b5576fec: ; ImmutableOopMap {rsi=Oop rdx=Oop r8=Oop [136]=Oop [152]=Oop [168]=Oop }
                      ;*getfield decisionToDFA {reexecute=1 rethrow=0 return_oop=0}
                      ; - (reexecute) groovyjarjarantlr4.v4.runtime.atn.ParserATNSimulator::adaptivePredict@4 (line 363)
                      ;   {runtime_call throw_null_pointer_exception Runtime1 stub}
  0x00001472b5576fec: 439a ffe8 

  0x00001472b5576ff0: ; ImmutableOopMap {rsi=Oop rdx=Oop r8=Oop rdi=Oop [136]=Oop [152]=Oop [168]=Oop }
                      ;*aaload {reexecute=0 rethrow=0 return_oop=0}
                      ; - groovyjarjarantlr4.v4.runtime.atn.ParserATNSimulator::adaptivePredict@8 (line 363)
  0x00001472b5576ff0: 8c43 9aff 

  0x00001472b5576ff4: ;   {runtime_call throw_null_pointer_exception Runtime1 stub}
  0x00001472b5576ff4: e887 439a 

  0x00001472b5576ff8: ; ImmutableOopMap {rsi=Oop rdx=Oop r8=Oop rdi=Oop [136]=Oop [152]=Oop [168]=Oop }
                      ;*aaload {reexecute=0 rethrow=0 return_oop=0}
                      ; - groovyjarjarantlr4.v4.runtime.atn.ParserATNSimulator::adaptivePredict@8 (line 363)
  0x00001472b5576ff8: ff48 890c | 2448 897c 

  0x00001472b5577000: ;   {runtime_call throw_range_check_failed Runtime1 stub}
  0x00001472b5577000: 2408 e879 

  0x00001472b5577004: ; ImmutableOopMap {rsi=Oop rdx=Oop r8=Oop rdi=Oop [136]=Oop [152]=Oop [168]=Oop }
                      ;*aaload {reexecute=0 rethrow=0 return_oop=0}
                      ; - groovyjarjarantlr4.v4.runtime.atn.ParserATNSimulator::adaptivePredict@8 (line 363)
                      ;   {runtime_call throw_null_pointer_exception Runtime1 stub}
  0x00001472b5577004: 3a9a ffe8 

  0x00001472b5577008: ; ImmutableOopMap {rsi=Oop rdx=Oop r8=Oop rdi=Oop [136]=Oop [152]=Oop [160]=Oop [168]=Oop }
                      ;*invokevirtual isPrecedenceDfa {reexecute=0 rethrow=0 return_oop=0}
                      ; - groovyjarjarantlr4.v4.runtime.atn.ParserATNSimulator::adaptivePredict@39 (line 365)
  0x00001472b5577008: 7443 9aff | 8b5e 2448 | 83fb 000f | 848b faff | ff48 891c 

  0x00001472b557701c: ;   {runtime_call g1_pre_barrier_slow}
  0x00001472b557701c: 24e8 deae | 9aff e97d | faff ff48 | 83ff 000f | 848e faff | ff48 8934 

  0x00001472b5577034: ;   {runtime_call g1_post_barrier_slow}
  0x00001472b5577034: 24e8 c6b1 | 9aff e980 

  0x00001472b557703c: ;   {runtime_call throw_null_pointer_exception Runtime1 stub}
  0x00001472b557703c: faff ffe8 

  0x00001472b5577040: ; ImmutableOopMap {rdi=Oop [136]=Oop [152]=Oop [160]=Oop [168]=Oop }
                      ;*invokevirtual isContextSensitive {reexecute=0 rethrow=0 return_oop=0}
                      ; - groovyjarjarantlr4.v4.runtime.atn.ParserATNSimulator::adaptivePredict@102 (line 376)
  0x00001472b5577040: 3c43 9aff 

  0x00001472b5577044: ;   {runtime_call throw_null_pointer_exception Runtime1 stub}
  0x00001472b5577044: e837 439a 

  0x00001472b5577048: ; ImmutableOopMap {rsi=Oop [136]=Oop [152]=Oop [160]=Oop [168]=Oop }
                      ;*getfield decisionToState {reexecute=1 rethrow=0 return_oop=0}
                      ; - (reexecute) groovyjarjarantlr4.v4.runtime.atn.ParserATNSimulator::adaptivePredict@132 (line 379)
  0x00001472b5577048: ff48 8904 

  0x00001472b557704c: ;   {runtime_call throw_class_cast_exception Runtime1 stub}
  0x00001472b557704c: 24e8 2e79 

  0x00001472b5577050: ; ImmutableOopMap {[136]=Oop [152]=Oop [160]=Oop [168]=Oop }
                      ;*checkcast {reexecute=0 rethrow=0 return_oop=0}
                      ; - groovyjarjarantlr4.v4.runtime.atn.ParserATNSimulator::adaptivePredict@141 (line 379)
                      ;   {runtime_call throw_null_pointer_exception Runtime1 stub}
  0x00001472b5577050: 9aff e829 

  0x00001472b5577054: ; ImmutableOopMap {[136]=Oop [152]=Oop [160]=Oop [168]=Oop }
                      ;*getfield sll {reexecute=1 rethrow=0 return_oop=0}
                      ; - (reexecute) groovyjarjarantlr4.v4.runtime.atn.ParserATNSimulator::adaptivePredict@144 (line 379)
                      ;   {runtime_call throw_null_pointer_exception Runtime1 stub}
  0x00001472b5577054: 439a ffe8 

  0x00001472b5577058: ; ImmutableOopMap {rdi=Oop [136]=Oop [152]=Oop [160]=Oop [184]=Oop }
                      ;*invokevirtual isEmpty {reexecute=0 rethrow=0 return_oop=0}
                      ; - groovyjarjarantlr4.v4.runtime.atn.ParserATNSimulator::adaptivePredict@171 (line 385)
  0x00001472b5577058: 2443 9aff 

  0x00001472b557705c: ;   {runtime_call throw_incompatible_class_change_error Runtime1 stub}
  0x00001472b557705c: e89f 809a 

  0x00001472b5577060: ; ImmutableOopMap {rsi=Oop rbx=Oop rdi=Oop rdx=Oop [136]=Oop [152]=Oop [160]=Oop }
                      ;*invokeinterface mark {reexecute=0 rethrow=0 return_oop=0}
                      ; - groovyjarjarantlr4.v4.runtime.atn.ParserATNSimulator::adaptivePredict@206 (line 398)
                      ;   {runtime_call throw_null_pointer_exception Runtime1 stub}
  0x00001472b5577060: ffe8 1a43 

  0x00001472b5577064: ; ImmutableOopMap {rsi=Oop rbx=Oop rdi=Oop rdx=Oop [136]=Oop [152]=Oop [160]=Oop }
                      ;*invokeinterface mark {reexecute=0 rethrow=0 return_oop=0}
                      ; - groovyjarjarantlr4.v4.runtime.atn.ParserATNSimulator::adaptivePredict@206 (line 398)
                      ;   {runtime_call throw_incompatible_class_change_error Runtime1 stub}
  0x00001472b5577064: 9aff e895 

  0x00001472b5577068: ; ImmutableOopMap {rsi=Oop rbx=Oop rdi=Oop rdx=Oop [136]=Oop [152]=Oop [160]=Oop }
                      ;*invokeinterface index {reexecute=0 rethrow=0 return_oop=0}
                      ; - groovyjarjarantlr4.v4.runtime.atn.ParserATNSimulator::adaptivePredict@214 (line 398)
  0x00001472b5577068: 809a ff8b | 5624 4883 | fa00 0f84 | 09fd ffff | 4889 1424 

  0x00001472b557707c: ;   {runtime_call g1_pre_barrier_slow}
  0x00001472b557707c: e87f ae9a | ffe9 fbfc 

  0x00001472b5577084: ;   {runtime_call throw_incompatible_class_change_error Runtime1 stub}
  0x00001472b5577084: ffff e875 

  0x00001472b5577088: ; ImmutableOopMap {rsi=Oop rdx=Oop [136]=Oop [152]=Oop }
                      ;*invokeinterface seek {reexecute=0 rethrow=0 return_oop=0}
                      ; - groovyjarjarantlr4.v4.runtime.atn.ParserATNSimulator::adaptivePredict@246 (line 406)
  0x00001472b5577088: 809a ff8b | 7e24 4883 | ff00 0f84 | 80fd ffff | 4889 3c24 

  0x00001472b557709c: ;   {runtime_call g1_pre_barrier_slow}
  0x00001472b557709c: e85f ae9a | ffe9 72fd 

  0x00001472b55770a4: ;   {runtime_call throw_incompatible_class_change_error Runtime1 stub}
  0x00001472b55770a4: ffff e855 

  0x00001472b55770a8: ; ImmutableOopMap {rdx=Oop rax=Oop [136]=Oop [200]=Oop }
                      ;*invokeinterface seek {reexecute=0 rethrow=0 return_oop=0}
                      ; - groovyjarjarantlr4.v4.runtime.atn.ParserATNSimulator::adaptivePredict@272 (line 406)
                      ;   {runtime_call throw_null_pointer_exception Runtime1 stub}
  0x00001472b55770a8: 809a ffe8 

  0x00001472b55770ac: ; ImmutableOopMap {rdx=Oop rax=Oop [136]=Oop [200]=Oop }
                      ;*invokeinterface seek {reexecute=0 rethrow=0 return_oop=0}
                      ; - groovyjarjarantlr4.v4.runtime.atn.ParserATNSimulator::adaptivePredict@272 (line 406)
  0x00001472b55770ac: d042 9aff 

  0x00001472b55770b0: ;   {runtime_call throw_incompatible_class_change_error Runtime1 stub}
  0x00001472b55770b0: e84b 809a 

  0x00001472b55770b4: ; ImmutableOopMap {}
                      ;*invokeinterface release {reexecute=0 rethrow=0 return_oop=0}
                      ; - groovyjarjarantlr4.v4.runtime.atn.ParserATNSimulator::adaptivePredict@254 (line 407)
                      ;   {internal_word}
  0x00001472b55770b4: ff49 ba14 | 6f57 b572 | 1400 004d | 8997 9003 

  0x00001472b55770c4: ;   {runtime_call SafepointBlob}
  0x00001472b55770c4: 0000 e9b5 

  0x00001472b55770c8: ;   {runtime_call throw_null_pointer_exception Runtime1 stub}
  0x00001472b55770c8: 318f ffe8 

  0x00001472b55770cc: ; ImmutableOopMap {}
                      ;*invokevirtual intValue {reexecute=0 rethrow=0 return_oop=0}
                      ; - groovyjarjarantlr4.v4.runtime.atn.ParserATNSimulator::adaptivePredict@68 (line 367)
  0x00001472b55770cc: b042 9aff 

  0x00001472b55770d0: ;   {internal_word}
  0x00001472b55770d0: 49ba 2d6f | 57b5 7214 | 0000 4d89 | 9790 0300 

  0x00001472b55770e0: ;   {runtime_call SafepointBlob}
  0x00001472b55770e0: 00e9 9a31 

  0x00001472b55770e4: ;   {runtime_call throw_incompatible_class_change_error Runtime1 stub}
  0x00001472b55770e4: 8fff e815 

  0x00001472b55770e8: ; ImmutableOopMap {[200]=Oop }
                      ;*invokeinterface release {reexecute=0 rethrow=0 return_oop=0}
                      ; - groovyjarjarantlr4.v4.runtime.atn.ParserATNSimulator::adaptivePredict@280 (line 407)
  0x00001472b55770e8: 809a ff49 | 8b87 2804 | 0000 49c7 | 8728 0400 | 0000 0000 | 0049 c787 | 3004 0000 | 0000 0000 
  0x00001472b5577108: 4881 c4e0 | 0000 005d 

  0x00001472b5577110: ;   {runtime_call unwind_exception Runtime1 stub}
  0x00001472b5577110: e9eb 2e9a | fff4 f4f4 
[Stub Code]
  0x00001472b5577118: ;   {no_reloc}
  0x00001472b5577118: 0f1f 4400 

  0x00001472b557711c: ;   {static_stub}
  0x00001472b557711c: 0048 bb00 | 0000 0000 

  0x00001472b5577124: ;   {runtime_call}
  0x00001472b5577124: 0000 00e9 | fbff ffff 

  0x00001472b557712c: ;   {static_stub}
  0x00001472b557712c: 9048 bb00 | 0000 0000 

  0x00001472b5577134: ;   {runtime_call}
  0x00001472b5577134: 0000 00e9 | fbff ffff 

  0x00001472b557713c: ;   {static_stub}
  0x00001472b557713c: 9048 bb00 | 0000 0000 

  0x00001472b5577144: ;   {runtime_call}
  0x00001472b5577144: 0000 00e9 | fbff ffff 

  0x00001472b557714c: ;   {static_stub}
  0x00001472b557714c: 9048 bb00 | 0000 0000 

  0x00001472b5577154: ;   {runtime_call}
  0x00001472b5577154: 0000 00e9 | fbff ffff 

  0x00001472b557715c: ;   {static_stub}
  0x00001472b557715c: 9048 bb68 | 5016 9172 

  0x00001472b5577164: ;   {runtime_call I2C/C2I adapters}
  0x00001472b5577164: 1400 00e9 | f75f 8cff 

  0x00001472b557716c: ;   {static_stub}
  0x00001472b557716c: 9048 bbb8 | 6f16 9172 

  0x00001472b5577174: ;   {runtime_call I2C/C2I adapters}
  0x00001472b5577174: 1400 00e9 | e317 8cff 

  0x00001472b557717c: ;   {static_stub}
  0x00001472b557717c: 9048 bb60 | 5516 9172 

  0x00001472b5577184: ;   {runtime_call I2C/C2I adapters}
  0x00001472b5577184: 1400 00e9 | 5745 9aff 

  0x00001472b557718c: ;   {static_stub}
  0x00001472b557718c: 9048 bb00 | 0000 0000 

  0x00001472b5577194: ;   {runtime_call}
  0x00001472b5577194: 0000 00e9 | fbff ffff 

  0x00001472b557719c: ;   {static_stub}
  0x00001472b557719c: 9048 bb00 | 0000 0000 

  0x00001472b55771a4: ;   {runtime_call}
  0x00001472b55771a4: 0000 00e9 | fbff ffff 

  0x00001472b55771ac: ;   {static_stub}
  0x00001472b55771ac: 9048 bb00 | 0000 0000 

  0x00001472b55771b4: ;   {runtime_call}
  0x00001472b55771b4: 0000 00e9 | fbff ffff 

  0x00001472b55771bc: ;   {static_stub}
  0x00001472b55771bc: 9048 bb00 | 0000 0000 

  0x00001472b55771c4: ;   {runtime_call}
  0x00001472b55771c4: 0000 00e9 | fbff ffff 

  0x00001472b55771cc: ;   {static_stub}
  0x00001472b55771cc: 9048 bb00 | 0000 0000 

  0x00001472b55771d4: ;   {runtime_call}
  0x00001472b55771d4: 0000 00e9 | fbff ffff 

  0x00001472b55771dc: ;   {static_stub}
  0x00001472b55771dc: 9048 bb00 | 0000 0000 

  0x00001472b55771e4: ;   {runtime_call}
  0x00001472b55771e4: 0000 00e9 | fbff ffff 
[Exception Handler]
  0x00001472b55771ec: ;   {runtime_call handle_exception_from_callee Runtime1 stub}
  0x00001472b55771ec: e88f 719a 

  0x00001472b55771f0: ;   {external_word}
  0x00001472b55771f0: ff48 bf90 | d2ff c572 | 1400 0048 

  0x00001472b55771fc: ;   {runtime_call MacroAssembler::debug64(char*, long, long*)}
  0x00001472b55771fc: 83e4 f0e8 | 8c74 6910 

  0x00001472b5577204: ;   {section_word}
  0x00001472b5577204: f449 ba05 | 7257 b572 | 1400 0041 

  0x00001472b5577210: ;   {runtime_call DeoptimizationBlob}
  0x00001472b5577210: 52e9 0a23 

  0x00001472b5577214: ;   {static_stub}
  0x00001472b5577214: 8fff 48bb | 0000 0000 | 0000 0000 

  0x00001472b5577220: ;   {runtime_call}
  0x00001472b5577220: e9fb ffff | fff4 f4f4 
[/MachCode]


---------------  P R O C E S S  ---------------

Threads class SMR info:
_java_thread_list=0x00001472c0eb3fc0, length=16, elements={
0x00001472c002b5a0, 0x00001472c0412290, 0x00001472c04137d0, 0x00001472c04151a0,
0x00001472c0416640, 0x00001472c0417ad0, 0x00001472c0419080, 0x00001472640a3c00,
0x00001472c0466340, 0x00001472c0468750, 0x00001472c08f44c0, 0x00001472c0a35380,
0x00001472c0a38370, 0x00001472c0e19ed0, 0x00001472c0eb1a60, 0x00001472c0eb4660
}

Java Threads: ( => current thread )
=>0x00001472c002b5a0 JavaThread "main" [_thread_in_vm, id=2724316, stack(0x00001472c661b000,0x00001472c671b000)]
  0x00001472c0412290 JavaThread "Reference Handler" daemon [_thread_blocked, id=2724323, stack(0x00001472b11f8000,0x00001472b12f8000)]
  0x00001472c04137d0 JavaThread "Finalizer" daemon [_thread_blocked, id=2724324, stack(0x00001472b10f8000,0x00001472b11f8000)]
  0x00001472c04151a0 JavaThread "Signal Dispatcher" daemon [_thread_blocked, id=2724325, stack(0x00001472b0ff8000,0x00001472b10f8000)]
  0x00001472c0416640 JavaThread "Service Thread" daemon [_thread_blocked, id=2724326, stack(0x00001472b0ef8000,0x00001472b0ff8000)]
  0x00001472c0417ad0 JavaThread "Monitor Deflation Thread" daemon [_thread_blocked, id=2724327, stack(0x00001472b0df8000,0x00001472b0ef8000)]
  0x00001472c0419080 JavaThread "C1 CompilerThread0" daemon [_thread_blocked, id=2724328, stack(0x00001472b0cf8000,0x00001472b0df8000)]
  0x00001472640a3c00 JavaThread "C1 CompilerThread1" daemon [_thread_blocked, id=2724329, stack(0x00001472b0bf8000,0x00001472b0cf8000)]
  0x00001472c0466340 JavaThread "Common-Cleaner" daemon [_thread_blocked, id=2724330, stack(0x00001472b0af8000,0x00001472b0bf8000)]
  0x00001472c0468750 JavaThread "Notification Thread" daemon [_thread_blocked, id=2724331, stack(0x00001472b09f8000,0x00001472b0af8000)]
  0x00001472c08f44c0 JavaThread "process reaper" daemon [_thread_blocked, id=2724335, stack(0x00001472b0591000,0x00001472b05b3000)]
  0x00001472c0a35380 JavaThread "HttpClient-1-SelectorManager" daemon [_thread_in_native, id=2724336, stack(0x00001472b0491000,0x00001472b0591000)]
  0x00001472c0a38370 JavaThread "HttpClient-2-SelectorManager" daemon [_thread_in_native, id=2724337, stack(0x00001472b0100000,0x00001472b0200000)]
  0x00001472c0e19ed0 JavaThread "Thread-1" daemon [_thread_blocked, id=2724339, stack(0x00001472b0000000,0x00001472b0100000)]
  0x00001472c0eb1a60 JavaThread "AnsiLogObserver" daemon [_thread_blocked, id=2724340, stack(0x00001472abd00000,0x00001472abe00000)]
  0x00001472c0eb4660 JavaThread "Actor Thread 1" daemon [_thread_blocked, id=2724341, stack(0x00001472abc00000,0x00001472abd00000)]

Other Threads:
  0x00001472c04028f0 VMThread "VM Thread" [stack: 0x00001472b12fa000,0x00001472b13fa000] [id=2724322]
  0x00001472c046a8a0 WatcherThread "VM Periodic Task Thread" [stack: 0x00001472b08f8000,0x00001472b09f8000] [id=2724332]
  0x00001472c006baf0 WorkerThread "GC Thread#0" [stack: 0x00001472c42fe000,0x00001472c43fe000] [id=2724317]
  0x00001472880062f0 WorkerThread "GC Thread#1" [stack: 0x00001472b05b5000,0x00001472b06b5000] [id=2724333]
  0x00001472c00750b0 ConcurrentGCThread "G1 Main Marker" [stack: 0x00001472c41fc000,0x00001472c42fc000] [id=2724318]
  0x00001472c0075fe0 WorkerThread "G1 Conc#0" [stack: 0x00001472c40fa000,0x00001472c41fa000] [id=2724319]
  0x00001472c03db7d0 ConcurrentGCThread "G1 Refine#0" [stack: 0x00001472b14fe000,0x00001472b15fe000] [id=2724320]
  0x00001472c03dc720 ConcurrentGCThread "G1 Service" [stack: 0x00001472b13fc000,0x00001472b14fc000] [id=2724321]

Threads with active compile tasks:

VM state: not at safepoint (normal execution)

VM Mutex/Monitor currently owned by a thread: None

Heap address: 0x00000000c0000000, size: 1024 MB, Compressed Oops mode: 32-bit

CDS archive(s) mapped at: [0x0000000800000000-0x0000000800c75000-0x0000000800c75000), size 13062144, SharedBaseAddress: 0x0000000800000000, ArchiveRelocationMode: 0.
Compressed class space mapped at: 0x0000000801000000-0x0000000841000000, reserved size: 1073741824
Narrow klass base: 0x0000000800000000, Narrow klass shift: 0, Narrow klass range: 0x100000000

GC Precious Log:
 CardTable entry size: 512
 Card Set container configuration: InlinePtr #cards 5 size 8 Array Of Cards #cards 12 size 40 Howl #buckets 4 coarsen threshold 1843 Howl Bitmap #cards 512 size 80 coarsen threshold 460 Card regions per heap region 1 cards per card region 2048
 CPUs: 28 total, 2 available
 Memory: 251G
 Large Page Support: Disabled
 NUMA Support: Disabled
 Compressed Oops: Enabled (32-bit)
 Heap Region Size: 1M
 Heap Min Capacity: 8M
 Heap Initial Capacity: 1G
 Heap Max Capacity: 1G
 Pre-touch: Disabled
 Parallel Workers: 2
 Concurrent Workers: 1
 Concurrent Refinement Workers: 2
 Periodic GC: Disabled

Heap:
 garbage-first heap   total 574464K, used 53518K [0x00000000c0000000, 0x0000000100000000)
  region size 1024K, 12 young (12288K), 4 survivors (4096K)
 Metaspace       used 28946K, committed 29824K, reserved 1114112K
  class space    used 3807K, committed 4224K, reserved 1048576K

Heap Regions: E=young(eden), S=young(survivor), O=old, HS=humongous(starts), HC=humongous(continues), CS=collection set, F=free, OA=open archive, CA=closed archive, TAMS=top-at-mark-start, PB=parsable bottom
|   0|0x00000000c0000000, 0x00000000c0100000, 0x00000000c0100000|100%| O|  |TAMS 0x00000000c0000000| PB 0x00000000c0000000| Untracked 
|   1|0x00000000c0100000, 0x00000000c0200000, 0x00000000c0200000|100%| O|  |TAMS 0x00000000c0100000| PB 0x00000000c0100000| Untracked 
|   2|0x00000000c0200000, 0x00000000c0300000, 0x00000000c0300000|100%| O|  |TAMS 0x00000000c0200000| PB 0x00000000c0200000| Untracked 
|   3|0x00000000c0300000, 0x00000000c0400000, 0x00000000c0400000|100%|HS|  |TAMS 0x00000000c0300000| PB 0x00000000c0300000| Complete 
|   4|0x00000000c0400000, 0x00000000c0500000, 0x00000000c0500000|100%|HC|  |TAMS 0x00000000c0400000| PB 0x00000000c0400000| Complete 
|   5|0x00000000c0500000, 0x00000000c0600000, 0x00000000c0600000|100%|HC|  |TAMS 0x00000000c0500000| PB 0x00000000c0500000| Complete 
|   6|0x00000000c0600000, 0x00000000c0700000, 0x00000000c0700000|100%| O|  |TAMS 0x00000000c0600000| PB 0x00000000c0600000| Untracked 
|   7|0x00000000c0700000, 0x00000000c0800000, 0x00000000c0800000|100%| O|  |TAMS 0x00000000c0700000| PB 0x00000000c0700000| Untracked 
|   8|0x00000000c0800000, 0x00000000c0900000, 0x00000000c0900000|100%| O|  |TAMS 0x00000000c0800000| PB 0x00000000c0800000| Untracked 
|   9|0x00000000c0900000, 0x00000000c0a00000, 0x00000000c0a00000|100%| O|  |TAMS 0x00000000c0900000| PB 0x00000000c0900000| Untracked 
|  10|0x00000000c0a00000, 0x00000000c0b00000, 0x00000000c0b00000|100%| O|  |TAMS 0x00000000c0a00000| PB 0x00000000c0a00000| Untracked 
|  11|0x00000000c0b00000, 0x00000000c0c00000, 0x00000000c0c00000|100%| O|  |TAMS 0x00000000c0b00000| PB 0x00000000c0b00000| Untracked 
|  12|0x00000000c0c00000, 0x00000000c0d00000, 0x00000000c0d00000|100%| O|  |TAMS 0x00000000c0c00000| PB 0x00000000c0c00000| Untracked 
|  13|0x00000000c0d00000, 0x00000000c0e00000, 0x00000000c0e00000|100%| O|  |TAMS 0x00000000c0d00000| PB 0x00000000c0d00000| Untracked 
|  14|0x00000000c0e00000, 0x00000000c0f00000, 0x00000000c0f00000|100%| O|  |TAMS 0x00000000c0e00000| PB 0x00000000c0e00000| Untracked 
|  15|0x00000000c0f00000, 0x00000000c1000000, 0x00000000c1000000|100%| O|  |TAMS 0x00000000c0f00000| PB 0x00000000c0f00000| Untracked 
|  16|0x00000000c1000000, 0x00000000c1100000, 0x00000000c1100000|100%| O|  |TAMS 0x00000000c1000000| PB 0x00000000c1000000| Untracked 
|  17|0x00000000c1100000, 0x00000000c1200000, 0x00000000c1200000|100%| O|  |TAMS 0x00000000c1100000| PB 0x00000000c1100000| Untracked 
|  18|0x00000000c1200000, 0x00000000c1300000, 0x00000000c1300000|100%| O|  |TAMS 0x00000000c1200000| PB 0x00000000c1200000| Untracked 
|  19|0x00000000c1300000, 0x00000000c1400000, 0x00000000c1400000|100%| O|  |TAMS 0x00000000c1300000| PB 0x00000000c1300000| Untracked 
|  20|0x00000000c1400000, 0x00000000c1500000, 0x00000000c1500000|100%| O|  |TAMS 0x00000000c1400000| PB 0x00000000c1400000| Untracked 
|  21|0x00000000c1500000, 0x00000000c1600000, 0x00000000c1600000|100%| O|  |TAMS 0x00000000c1500000| PB 0x00000000c1500000| Untracked 
|  22|0x00000000c1600000, 0x00000000c1700000, 0x00000000c1700000|100%| O|  |TAMS 0x00000000c1600000| PB 0x00000000c1600000| Untracked 
|  23|0x00000000c1700000, 0x00000000c1800000, 0x00000000c1800000|100%| O|  |TAMS 0x00000000c1700000| PB 0x00000000c1700000| Untracked 
|  24|0x00000000c1800000, 0x00000000c1900000, 0x00000000c1900000|100%| O|  |TAMS 0x00000000c1800000| PB 0x00000000c1800000| Untracked 
|  25|0x00000000c1900000, 0x00000000c1a00000, 0x00000000c1a00000|100%| O|  |TAMS 0x00000000c1900000| PB 0x00000000c1900000| Untracked 
|  26|0x00000000c1a00000, 0x00000000c1b00000, 0x00000000c1b00000|100%| O|  |TAMS 0x00000000c1a00000| PB 0x00000000c1a00000| Untracked 
|  27|0x00000000c1b00000, 0x00000000c1c00000, 0x00000000c1c00000|100%| O|  |TAMS 0x00000000c1b00000| PB 0x00000000c1b00000| Untracked 
|  28|0x00000000c1c00000, 0x00000000c1d00000, 0x00000000c1d00000|100%| O|  |TAMS 0x00000000c1c00000| PB 0x00000000c1c00000| Untracked 
|  29|0x00000000c1d00000, 0x00000000c1e00000, 0x00000000c1e00000|100%| O|  |TAMS 0x00000000c1d00000| PB 0x00000000c1d00000| Untracked 
|  30|0x00000000c1e00000, 0x00000000c1f00000, 0x00000000c1f00000|100%| O|  |TAMS 0x00000000c1e00000| PB 0x00000000c1e00000| Untracked 
|  31|0x00000000c1f00000, 0x00000000c2000000, 0x00000000c2000000|100%| O|  |TAMS 0x00000000c1f00000| PB 0x00000000c1f00000| Untracked 
|  32|0x00000000c2000000, 0x00000000c2100000, 0x00000000c2100000|100%| O|  |TAMS 0x00000000c2000000| PB 0x00000000c2000000| Untracked 
|  33|0x00000000c2100000, 0x00000000c2200000, 0x00000000c2200000|100%| O|  |TAMS 0x00000000c2100000| PB 0x00000000c2100000| Untracked 
|  34|0x00000000c2200000, 0x00000000c2300000, 0x00000000c2300000|100%| O|  |TAMS 0x00000000c2200000| PB 0x00000000c2200000| Untracked 
|  35|0x00000000c2300000, 0x00000000c2400000, 0x00000000c2400000|100%| O|  |TAMS 0x00000000c2300000| PB 0x00000000c2300000| Untracked 
|  36|0x00000000c2400000, 0x00000000c2500000, 0x00000000c2500000|100%| O|  |TAMS 0x00000000c2400000| PB 0x00000000c2400000| Untracked 
|  37|0x00000000c2500000, 0x00000000c2600000, 0x00000000c2600000|100%| O|  |TAMS 0x00000000c2500000| PB 0x00000000c2500000| Untracked 
|  38|0x00000000c2600000, 0x00000000c2700000, 0x00000000c2700000|100%| O|  |TAMS 0x00000000c2600000| PB 0x00000000c2600000| Untracked 
|  39|0x00000000c2700000, 0x00000000c2800000, 0x00000000c2800000|100%| O|  |TAMS 0x00000000c2700000| PB 0x00000000c2700000| Untracked 
|  40|0x00000000c2800000, 0x00000000c2848800, 0x00000000c2900000| 28%| O|  |TAMS 0x00000000c2800000| PB 0x00000000c2800000| Untracked 
|  41|0x00000000c2900000, 0x00000000c2900000, 0x00000000c2a00000|  0%| F|  |TAMS 0x00000000c2900000| PB 0x00000000c2900000| Untracked 
|  42|0x00000000c2a00000, 0x00000000c2a00000, 0x00000000c2b00000|  0%| F|  |TAMS 0x00000000c2a00000| PB 0x00000000c2a00000| Untracked 
|  43|0x00000000c2b00000, 0x00000000c2b00000, 0x00000000c2c00000|  0%| F|  |TAMS 0x00000000c2b00000| PB 0x00000000c2b00000| Untracked 
|  44|0x00000000c2c00000, 0x00000000c2c00000, 0x00000000c2d00000|  0%| F|  |TAMS 0x00000000c2c00000| PB 0x00000000c2c00000| Untracked 
|  45|0x00000000c2d00000, 0x00000000c2d00000, 0x00000000c2e00000|  0%| F|  |TAMS 0x00000000c2d00000| PB 0x00000000c2d00000| Untracked 
|  46|0x00000000c2e00000, 0x00000000c2f00000, 0x00000000c2f00000|100%| S|CS|TAMS 0x00000000c2e00000| PB 0x00000000c2e00000| Complete 
|  47|0x00000000c2f00000, 0x00000000c2f00000, 0x00000000c3000000|  0%| F|  |TAMS 0x00000000c2f00000| PB 0x00000000c2f00000| Untracked 
|  48|0x00000000c3000000, 0x00000000c3000000, 0x00000000c3100000|  0%| F|  |TAMS 0x00000000c3000000| PB 0x00000000c3000000| Untracked 
|  49|0x00000000c3100000, 0x00000000c3100000, 0x00000000c3200000|  0%| F|  |TAMS 0x00000000c3100000| PB 0x00000000c3100000| Untracked 
|  50|0x00000000c3200000, 0x00000000c3200000, 0x00000000c3300000|  0%| F|  |TAMS 0x00000000c3200000| PB 0x00000000c3200000| Untracked 
|  51|0x00000000c3300000, 0x00000000c3300000, 0x00000000c3400000|  0%| F|  |TAMS 0x00000000c3300000| PB 0x00000000c3300000| Untracked 
|  52|0x00000000c3400000, 0x00000000c3500000, 0x00000000c3500000|100%| S|CS|TAMS 0x00000000c3400000| PB 0x00000000c3400000| Complete 
|  53|0x00000000c3500000, 0x00000000c3600000, 0x00000000c3600000|100%| S|CS|TAMS 0x00000000c3500000| PB 0x00000000c3500000| Complete 
|  54|0x00000000c3600000, 0x00000000c3700000, 0x00000000c3700000|100%| S|CS|TAMS 0x00000000c3600000| PB 0x00000000c3600000| Complete 
|  55|0x00000000c3700000, 0x00000000c3700000, 0x00000000c3800000|  0%| F|  |TAMS 0x00000000c3700000| PB 0x00000000c3700000| Untracked 
|  56|0x00000000c3800000, 0x00000000c3800000, 0x00000000c3900000|  0%| F|  |TAMS 0x00000000c3800000| PB 0x00000000c3800000| Untracked 
|  57|0x00000000c3900000, 0x00000000c3900000, 0x00000000c3a00000|  0%| F|  |TAMS 0x00000000c3900000| PB 0x00000000c3900000| Untracked 
|  58|0x00000000c3a00000, 0x00000000c3a00000, 0x00000000c3b00000|  0%| F|  |TAMS 0x00000000c3a00000| PB 0x00000000c3a00000| Untracked 
|  59|0x00000000c3b00000, 0x00000000c3b00000, 0x00000000c3c00000|  0%| F|  |TAMS 0x00000000c3b00000| PB 0x00000000c3b00000| Untracked 
|  60|0x00000000c3c00000, 0x00000000c3c00000, 0x00000000c3d00000|  0%| F|  |TAMS 0x00000000c3c00000| PB 0x00000000c3c00000| Untracked 
|  61|0x00000000c3d00000, 0x00000000c3d00000, 0x00000000c3e00000|  0%| F|  |TAMS 0x00000000c3d00000| PB 0x00000000c3d00000| Untracked 
|  62|0x00000000c3e00000, 0x00000000c3e00000, 0x00000000c3f00000|  0%| F|  |TAMS 0x00000000c3e00000| PB 0x00000000c3e00000| Untracked 
|  63|0x00000000c3f00000, 0x00000000c3f00000, 0x00000000c4000000|  0%| F|  |TAMS 0x00000000c3f00000| PB 0x00000000c3f00000| Untracked 
|  64|0x00000000c4000000, 0x00000000c4000000, 0x00000000c4100000|  0%| F|  |TAMS 0x00000000c4000000| PB 0x00000000c4000000| Untracked 
|  65|0x00000000c4100000, 0x00000000c4100000, 0x00000000c4200000|  0%| F|  |TAMS 0x00000000c4100000| PB 0x00000000c4100000| Untracked 
|  66|0x00000000c4200000, 0x00000000c4200000, 0x00000000c4300000|  0%| F|  |TAMS 0x00000000c4200000| PB 0x00000000c4200000| Untracked 
|  67|0x00000000c4300000, 0x00000000c4300000, 0x00000000c4400000|  0%| F|  |TAMS 0x00000000c4300000| PB 0x00000000c4300000| Untracked 
|  68|0x00000000c4400000, 0x00000000c4400000, 0x00000000c4500000|  0%| F|  |TAMS 0x00000000c4400000| PB 0x00000000c4400000| Untracked 
|  69|0x00000000c4500000, 0x00000000c4500000, 0x00000000c4600000|  0%| F|  |TAMS 0x00000000c4500000| PB 0x00000000c4500000| Untracked 
|  70|0x00000000c4600000, 0x00000000c4600000, 0x00000000c4700000|  0%| F|  |TAMS 0x00000000c4600000| PB 0x00000000c4600000| Untracked 
|  71|0x00000000c4700000, 0x00000000c4700000, 0x00000000c4800000|  0%| F|  |TAMS 0x00000000c4700000| PB 0x00000000c4700000| Untracked 
|  72|0x00000000c4800000, 0x00000000c4800000, 0x00000000c4900000|  0%| F|  |TAMS 0x00000000c4800000| PB 0x00000000c4800000| Untracked 
|  73|0x00000000c4900000, 0x00000000c4900000, 0x00000000c4a00000|  0%| F|  |TAMS 0x00000000c4900000| PB 0x00000000c4900000| Untracked 
|  74|0x00000000c4a00000, 0x00000000c4a00000, 0x00000000c4b00000|  0%| F|  |TAMS 0x00000000c4a00000| PB 0x00000000c4a00000| Untracked 
|  75|0x00000000c4b00000, 0x00000000c4b00000, 0x00000000c4c00000|  0%| F|  |TAMS 0x00000000c4b00000| PB 0x00000000c4b00000| Untracked 
|  76|0x00000000c4c00000, 0x00000000c4c00000, 0x00000000c4d00000|  0%| F|  |TAMS 0x00000000c4c00000| PB 0x00000000c4c00000| Untracked 
|  77|0x00000000c4d00000, 0x00000000c4d00000, 0x00000000c4e00000|  0%| F|  |TAMS 0x00000000c4d00000| PB 0x00000000c4d00000| Untracked 
|  78|0x00000000c4e00000, 0x00000000c4e00000, 0x00000000c4f00000|  0%| F|  |TAMS 0x00000000c4e00000| PB 0x00000000c4e00000| Untracked 
|  79|0x00000000c4f00000, 0x00000000c4f00000, 0x00000000c5000000|  0%| F|  |TAMS 0x00000000c4f00000| PB 0x00000000c4f00000| Untracked 
|  80|0x00000000c5000000, 0x00000000c5000000, 0x00000000c5100000|  0%| F|  |TAMS 0x00000000c5000000| PB 0x00000000c5000000| Untracked 
|  81|0x00000000c5100000, 0x00000000c5100000, 0x00000000c5200000|  0%| F|  |TAMS 0x00000000c5100000| PB 0x00000000c5100000| Untracked 
|  82|0x00000000c5200000, 0x00000000c5200000, 0x00000000c5300000|  0%| F|  |TAMS 0x00000000c5200000| PB 0x00000000c5200000| Untracked 
|  83|0x00000000c5300000, 0x00000000c5300000, 0x00000000c5400000|  0%| F|  |TAMS 0x00000000c5300000| PB 0x00000000c5300000| Untracked 
|  84|0x00000000c5400000, 0x00000000c5400000, 0x00000000c5500000|  0%| F|  |TAMS 0x00000000c5400000| PB 0x00000000c5400000| Untracked 
|  85|0x00000000c5500000, 0x00000000c5500000, 0x00000000c5600000|  0%| F|  |TAMS 0x00000000c5500000| PB 0x00000000c5500000| Untracked 
|  86|0x00000000c5600000, 0x00000000c5600000, 0x00000000c5700000|  0%| F|  |TAMS 0x00000000c5600000| PB 0x00000000c5600000| Untracked 
|  87|0x00000000c5700000, 0x00000000c5700000, 0x00000000c5800000|  0%| F|  |TAMS 0x00000000c5700000| PB 0x00000000c5700000| Untracked 
|  88|0x00000000c5800000, 0x00000000c5800000, 0x00000000c5900000|  0%| F|  |TAMS 0x00000000c5800000| PB 0x00000000c5800000| Untracked 
|  89|0x00000000c5900000, 0x00000000c5900000, 0x00000000c5a00000|  0%| F|  |TAMS 0x00000000c5900000| PB 0x00000000c5900000| Untracked 
|  90|0x00000000c5a00000, 0x00000000c5a00000, 0x00000000c5b00000|  0%| F|  |TAMS 0x00000000c5a00000| PB 0x00000000c5a00000| Untracked 
|  91|0x00000000c5b00000, 0x00000000c5b00000, 0x00000000c5c00000|  0%| F|  |TAMS 0x00000000c5b00000| PB 0x00000000c5b00000| Untracked 
|  92|0x00000000c5c00000, 0x00000000c5c00000, 0x00000000c5d00000|  0%| F|  |TAMS 0x00000000c5c00000| PB 0x00000000c5c00000| Untracked 
|  93|0x00000000c5d00000, 0x00000000c5d00000, 0x00000000c5e00000|  0%| F|  |TAMS 0x00000000c5d00000| PB 0x00000000c5d00000| Untracked 
|  94|0x00000000c5e00000, 0x00000000c5e00000, 0x00000000c5f00000|  0%| F|  |TAMS 0x00000000c5e00000| PB 0x00000000c5e00000| Untracked 
|  95|0x00000000c5f00000, 0x00000000c5f00000, 0x00000000c6000000|  0%| F|  |TAMS 0x00000000c5f00000| PB 0x00000000c5f00000| Untracked 
|  96|0x00000000c6000000, 0x00000000c6000000, 0x00000000c6100000|  0%| F|  |TAMS 0x00000000c6000000| PB 0x00000000c6000000| Untracked 
|  97|0x00000000c6100000, 0x00000000c6100000, 0x00000000c6200000|  0%| F|  |TAMS 0x00000000c6100000| PB 0x00000000c6100000| Untracked 
|  98|0x00000000c6200000, 0x00000000c6200000, 0x00000000c6300000|  0%| F|  |TAMS 0x00000000c6200000| PB 0x00000000c6200000| Untracked 
|  99|0x00000000c6300000, 0x00000000c6300000, 0x00000000c6400000|  0%| F|  |TAMS 0x00000000c6300000| PB 0x00000000c6300000| Untracked 
| 100|0x00000000c6400000, 0x00000000c6400000, 0x00000000c6500000|  0%| F|  |TAMS 0x00000000c6400000| PB 0x00000000c6400000| Untracked 
| 101|0x00000000c6500000, 0x00000000c6500000, 0x00000000c6600000|  0%| F|  |TAMS 0x00000000c6500000| PB 0x00000000c6500000| Untracked 
| 102|0x00000000c6600000, 0x00000000c6600000, 0x00000000c6700000|  0%| F|  |TAMS 0x00000000c6600000| PB 0x00000000c6600000| Untracked 
| 103|0x00000000c6700000, 0x00000000c6700000, 0x00000000c6800000|  0%| F|  |TAMS 0x00000000c6700000| PB 0x00000000c6700000| Untracked 
| 104|0x00000000c6800000, 0x00000000c6800000, 0x00000000c6900000|  0%| F|  |TAMS 0x00000000c6800000| PB 0x00000000c6800000| Untracked 
| 105|0x00000000c6900000, 0x00000000c6900000, 0x00000000c6a00000|  0%| F|  |TAMS 0x00000000c6900000| PB 0x00000000c6900000| Untracked 
| 106|0x00000000c6a00000, 0x00000000c6a00000, 0x00000000c6b00000|  0%| F|  |TAMS 0x00000000c6a00000| PB 0x00000000c6a00000| Untracked 
| 107|0x00000000c6b00000, 0x00000000c6b00000, 0x00000000c6c00000|  0%| F|  |TAMS 0x00000000c6b00000| PB 0x00000000c6b00000| Untracked 
| 108|0x00000000c6c00000, 0x00000000c6c00000, 0x00000000c6d00000|  0%| F|  |TAMS 0x00000000c6c00000| PB 0x00000000c6c00000| Untracked 
| 109|0x00000000c6d00000, 0x00000000c6d00000, 0x00000000c6e00000|  0%| F|  |TAMS 0x00000000c6d00000| PB 0x00000000c6d00000| Untracked 
| 110|0x00000000c6e00000, 0x00000000c6e00000, 0x00000000c6f00000|  0%| F|  |TAMS 0x00000000c6e00000| PB 0x00000000c6e00000| Untracked 
| 111|0x00000000c6f00000, 0x00000000c6f00000, 0x00000000c7000000|  0%| F|  |TAMS 0x00000000c6f00000| PB 0x00000000c6f00000| Untracked 
| 112|0x00000000c7000000, 0x00000000c7000000, 0x00000000c7100000|  0%| F|  |TAMS 0x00000000c7000000| PB 0x00000000c7000000| Untracked 
| 113|0x00000000c7100000, 0x00000000c7100000, 0x00000000c7200000|  0%| F|  |TAMS 0x00000000c7100000| PB 0x00000000c7100000| Untracked 
| 114|0x00000000c7200000, 0x00000000c7200000, 0x00000000c7300000|  0%| F|  |TAMS 0x00000000c7200000| PB 0x00000000c7200000| Untracked 
| 115|0x00000000c7300000, 0x00000000c7300000, 0x00000000c7400000|  0%| F|  |TAMS 0x00000000c7300000| PB 0x00000000c7300000| Untracked 
| 116|0x00000000c7400000, 0x00000000c7400000, 0x00000000c7500000|  0%| F|  |TAMS 0x00000000c7400000| PB 0x00000000c7400000| Untracked 
| 117|0x00000000c7500000, 0x00000000c7500000, 0x00000000c7600000|  0%| F|  |TAMS 0x00000000c7500000| PB 0x00000000c7500000| Untracked 
| 118|0x00000000c7600000, 0x00000000c7600000, 0x00000000c7700000|  0%| F|  |TAMS 0x00000000c7600000| PB 0x00000000c7600000| Untracked 
| 119|0x00000000c7700000, 0x00000000c7700000, 0x00000000c7800000|  0%| F|  |TAMS 0x00000000c7700000| PB 0x00000000c7700000| Untracked 
| 120|0x00000000c7800000, 0x00000000c7800000, 0x00000000c7900000|  0%| F|  |TAMS 0x00000000c7800000| PB 0x00000000c7800000| Untracked 
| 121|0x00000000c7900000, 0x00000000c7900000, 0x00000000c7a00000|  0%| F|  |TAMS 0x00000000c7900000| PB 0x00000000c7900000| Untracked 
| 122|0x00000000c7a00000, 0x00000000c7a00000, 0x00000000c7b00000|  0%| F|  |TAMS 0x00000000c7a00000| PB 0x00000000c7a00000| Untracked 
| 123|0x00000000c7b00000, 0x00000000c7b00000, 0x00000000c7c00000|  0%| F|  |TAMS 0x00000000c7b00000| PB 0x00000000c7b00000| Untracked 
| 124|0x00000000c7c00000, 0x00000000c7c00000, 0x00000000c7d00000|  0%| F|  |TAMS 0x00000000c7c00000| PB 0x00000000c7c00000| Untracked 
| 125|0x00000000c7d00000, 0x00000000c7d00000, 0x00000000c7e00000|  0%| F|  |TAMS 0x00000000c7d00000| PB 0x00000000c7d00000| Untracked 
| 126|0x00000000c7e00000, 0x00000000c7e00000, 0x00000000c7f00000|  0%| F|  |TAMS 0x00000000c7e00000| PB 0x00000000c7e00000| Untracked 
| 127|0x00000000c7f00000, 0x00000000c7f00000, 0x00000000c8000000|  0%| F|  |TAMS 0x00000000c7f00000| PB 0x00000000c7f00000| Untracked 
| 128|0x00000000c8000000, 0x00000000c8000000, 0x00000000c8100000|  0%| F|  |TAMS 0x00000000c8000000| PB 0x00000000c8000000| Untracked 
| 129|0x00000000c8100000, 0x00000000c8100000, 0x00000000c8200000|  0%| F|  |TAMS 0x00000000c8100000| PB 0x00000000c8100000| Untracked 
| 130|0x00000000c8200000, 0x00000000c8200000, 0x00000000c8300000|  0%| F|  |TAMS 0x00000000c8200000| PB 0x00000000c8200000| Untracked 
| 131|0x00000000c8300000, 0x00000000c8300000, 0x00000000c8400000|  0%| F|  |TAMS 0x00000000c8300000| PB 0x00000000c8300000| Untracked 
| 132|0x00000000c8400000, 0x00000000c8400000, 0x00000000c8500000|  0%| F|  |TAMS 0x00000000c8400000| PB 0x00000000c8400000| Untracked 
| 133|0x00000000c8500000, 0x00000000c8500000, 0x00000000c8600000|  0%| F|  |TAMS 0x00000000c8500000| PB 0x00000000c8500000| Untracked 
| 134|0x00000000c8600000, 0x00000000c8600000, 0x00000000c8700000|  0%| F|  |TAMS 0x00000000c8600000| PB 0x00000000c8600000| Untracked 
| 135|0x00000000c8700000, 0x00000000c8700000, 0x00000000c8800000|  0%| F|  |TAMS 0x00000000c8700000| PB 0x00000000c8700000| Untracked 
| 136|0x00000000c8800000, 0x00000000c8800000, 0x00000000c8900000|  0%| F|  |TAMS 0x00000000c8800000| PB 0x00000000c8800000| Untracked 
| 137|0x00000000c8900000, 0x00000000c8900000, 0x00000000c8a00000|  0%| F|  |TAMS 0x00000000c8900000| PB 0x00000000c8900000| Untracked 
| 138|0x00000000c8a00000, 0x00000000c8a00000, 0x00000000c8b00000|  0%| F|  |TAMS 0x00000000c8a00000| PB 0x00000000c8a00000| Untracked 
| 139|0x00000000c8b00000, 0x00000000c8b00000, 0x00000000c8c00000|  0%| F|  |TAMS 0x00000000c8b00000| PB 0x00000000c8b00000| Untracked 
| 140|0x00000000c8c00000, 0x00000000c8c00000, 0x00000000c8d00000|  0%| F|  |TAMS 0x00000000c8c00000| PB 0x00000000c8c00000| Untracked 
| 141|0x00000000c8d00000, 0x00000000c8d00000, 0x00000000c8e00000|  0%| F|  |TAMS 0x00000000c8d00000| PB 0x00000000c8d00000| Untracked 
| 142|0x00000000c8e00000, 0x00000000c8e00000, 0x00000000c8f00000|  0%| F|  |TAMS 0x00000000c8e00000| PB 0x00000000c8e00000| Untracked 
| 143|0x00000000c8f00000, 0x00000000c8f00000, 0x00000000c9000000|  0%| F|  |TAMS 0x00000000c8f00000| PB 0x00000000c8f00000| Untracked 
| 144|0x00000000c9000000, 0x00000000c9000000, 0x00000000c9100000|  0%| F|  |TAMS 0x00000000c9000000| PB 0x00000000c9000000| Untracked 
| 145|0x00000000c9100000, 0x00000000c9100000, 0x00000000c9200000|  0%| F|  |TAMS 0x00000000c9100000| PB 0x00000000c9100000| Untracked 
| 146|0x00000000c9200000, 0x00000000c9200000, 0x00000000c9300000|  0%| F|  |TAMS 0x00000000c9200000| PB 0x00000000c9200000| Untracked 
| 147|0x00000000c9300000, 0x00000000c9300000, 0x00000000c9400000|  0%| F|  |TAMS 0x00000000c9300000| PB 0x00000000c9300000| Untracked 
| 148|0x00000000c9400000, 0x00000000c9400000, 0x00000000c9500000|  0%| F|  |TAMS 0x00000000c9400000| PB 0x00000000c9400000| Untracked 
| 149|0x00000000c9500000, 0x00000000c9500000, 0x00000000c9600000|  0%| F|  |TAMS 0x00000000c9500000| PB 0x00000000c9500000| Untracked 
| 150|0x00000000c9600000, 0x00000000c9600000, 0x00000000c9700000|  0%| F|  |TAMS 0x00000000c9600000| PB 0x00000000c9600000| Untracked 
| 151|0x00000000c9700000, 0x00000000c9700000, 0x00000000c9800000|  0%| F|  |TAMS 0x00000000c9700000| PB 0x00000000c9700000| Untracked 
| 152|0x00000000c9800000, 0x00000000c9800000, 0x00000000c9900000|  0%| F|  |TAMS 0x00000000c9800000| PB 0x00000000c9800000| Untracked 
| 153|0x00000000c9900000, 0x00000000c9900000, 0x00000000c9a00000|  0%| F|  |TAMS 0x00000000c9900000| PB 0x00000000c9900000| Untracked 
| 154|0x00000000c9a00000, 0x00000000c9a00000, 0x00000000c9b00000|  0%| F|  |TAMS 0x00000000c9a00000| PB 0x00000000c9a00000| Untracked 
| 155|0x00000000c9b00000, 0x00000000c9b00000, 0x00000000c9c00000|  0%| F|  |TAMS 0x00000000c9b00000| PB 0x00000000c9b00000| Untracked 
| 156|0x00000000c9c00000, 0x00000000c9c00000, 0x00000000c9d00000|  0%| F|  |TAMS 0x00000000c9c00000| PB 0x00000000c9c00000| Untracked 
| 157|0x00000000c9d00000, 0x00000000c9d00000, 0x00000000c9e00000|  0%| F|  |TAMS 0x00000000c9d00000| PB 0x00000000c9d00000| Untracked 
| 158|0x00000000c9e00000, 0x00000000c9e00000, 0x00000000c9f00000|  0%| F|  |TAMS 0x00000000c9e00000| PB 0x00000000c9e00000| Untracked 
| 159|0x00000000c9f00000, 0x00000000c9f00000, 0x00000000ca000000|  0%| F|  |TAMS 0x00000000c9f00000| PB 0x00000000c9f00000| Untracked 
| 160|0x00000000ca000000, 0x00000000ca000000, 0x00000000ca100000|  0%| F|  |TAMS 0x00000000ca000000| PB 0x00000000ca000000| Untracked 
| 161|0x00000000ca100000, 0x00000000ca100000, 0x00000000ca200000|  0%| F|  |TAMS 0x00000000ca100000| PB 0x00000000ca100000| Untracked 
| 162|0x00000000ca200000, 0x00000000ca200000, 0x00000000ca300000|  0%| F|  |TAMS 0x00000000ca200000| PB 0x00000000ca200000| Untracked 
| 163|0x00000000ca300000, 0x00000000ca300000, 0x00000000ca400000|  0%| F|  |TAMS 0x00000000ca300000| PB 0x00000000ca300000| Untracked 
| 164|0x00000000ca400000, 0x00000000ca400000, 0x00000000ca500000|  0%| F|  |TAMS 0x00000000ca400000| PB 0x00000000ca400000| Untracked 
| 165|0x00000000ca500000, 0x00000000ca500000, 0x00000000ca600000|  0%| F|  |TAMS 0x00000000ca500000| PB 0x00000000ca500000| Untracked 
| 166|0x00000000ca600000, 0x00000000ca600000, 0x00000000ca700000|  0%| F|  |TAMS 0x00000000ca600000| PB 0x00000000ca600000| Untracked 
| 167|0x00000000ca700000, 0x00000000ca700000, 0x00000000ca800000|  0%| F|  |TAMS 0x00000000ca700000| PB 0x00000000ca700000| Untracked 
| 168|0x00000000ca800000, 0x00000000ca800000, 0x00000000ca900000|  0%| F|  |TAMS 0x00000000ca800000| PB 0x00000000ca800000| Untracked 
| 169|0x00000000ca900000, 0x00000000ca900000, 0x00000000caa00000|  0%| F|  |TAMS 0x00000000ca900000| PB 0x00000000ca900000| Untracked 
| 170|0x00000000caa00000, 0x00000000caa00000, 0x00000000cab00000|  0%| F|  |TAMS 0x00000000caa00000| PB 0x00000000caa00000| Untracked 
| 171|0x00000000cab00000, 0x00000000cab00000, 0x00000000cac00000|  0%| F|  |TAMS 0x00000000cab00000| PB 0x00000000cab00000| Untracked 
| 172|0x00000000cac00000, 0x00000000cac00000, 0x00000000cad00000|  0%| F|  |TAMS 0x00000000cac00000| PB 0x00000000cac00000| Untracked 
| 173|0x00000000cad00000, 0x00000000cad00000, 0x00000000cae00000|  0%| F|  |TAMS 0x00000000cad00000| PB 0x00000000cad00000| Untracked 
| 174|0x00000000cae00000, 0x00000000cae00000, 0x00000000caf00000|  0%| F|  |TAMS 0x00000000cae00000| PB 0x00000000cae00000| Untracked 
| 175|0x00000000caf00000, 0x00000000caf00000, 0x00000000cb000000|  0%| F|  |TAMS 0x00000000caf00000| PB 0x00000000caf00000| Untracked 
| 176|0x00000000cb000000, 0x00000000cb000000, 0x00000000cb100000|  0%| F|  |TAMS 0x00000000cb000000| PB 0x00000000cb000000| Untracked 
| 177|0x00000000cb100000, 0x00000000cb100000, 0x00000000cb200000|  0%| F|  |TAMS 0x00000000cb100000| PB 0x00000000cb100000| Untracked 
| 178|0x00000000cb200000, 0x00000000cb200000, 0x00000000cb300000|  0%| F|  |TAMS 0x00000000cb200000| PB 0x00000000cb200000| Untracked 
| 179|0x00000000cb300000, 0x00000000cb300000, 0x00000000cb400000|  0%| F|  |TAMS 0x00000000cb300000| PB 0x00000000cb300000| Untracked 
| 180|0x00000000cb400000, 0x00000000cb400000, 0x00000000cb500000|  0%| F|  |TAMS 0x00000000cb400000| PB 0x00000000cb400000| Untracked 
| 181|0x00000000cb500000, 0x00000000cb500000, 0x00000000cb600000|  0%| F|  |TAMS 0x00000000cb500000| PB 0x00000000cb500000| Untracked 
| 182|0x00000000cb600000, 0x00000000cb600000, 0x00000000cb700000|  0%| F|  |TAMS 0x00000000cb600000| PB 0x00000000cb600000| Untracked 
| 183|0x00000000cb700000, 0x00000000cb700000, 0x00000000cb800000|  0%| F|  |TAMS 0x00000000cb700000| PB 0x00000000cb700000| Untracked 
| 184|0x00000000cb800000, 0x00000000cb800000, 0x00000000cb900000|  0%| F|  |TAMS 0x00000000cb800000| PB 0x00000000cb800000| Untracked 
| 185|0x00000000cb900000, 0x00000000cb900000, 0x00000000cba00000|  0%| F|  |TAMS 0x00000000cb900000| PB 0x00000000cb900000| Untracked 
| 186|0x00000000cba00000, 0x00000000cba00000, 0x00000000cbb00000|  0%| F|  |TAMS 0x00000000cba00000| PB 0x00000000cba00000| Untracked 
| 187|0x00000000cbb00000, 0x00000000cbb00000, 0x00000000cbc00000|  0%| F|  |TAMS 0x00000000cbb00000| PB 0x00000000cbb00000| Untracked 
| 188|0x00000000cbc00000, 0x00000000cbc00000, 0x00000000cbd00000|  0%| F|  |TAMS 0x00000000cbc00000| PB 0x00000000cbc00000| Untracked 
| 189|0x00000000cbd00000, 0x00000000cbd00000, 0x00000000cbe00000|  0%| F|  |TAMS 0x00000000cbd00000| PB 0x00000000cbd00000| Untracked 
| 190|0x00000000cbe00000, 0x00000000cbe00000, 0x00000000cbf00000|  0%| F|  |TAMS 0x00000000cbe00000| PB 0x00000000cbe00000| Untracked 
| 191|0x00000000cbf00000, 0x00000000cbf00000, 0x00000000cc000000|  0%| F|  |TAMS 0x00000000cbf00000| PB 0x00000000cbf00000| Untracked 
| 192|0x00000000cc000000, 0x00000000cc000000, 0x00000000cc100000|  0%| F|  |TAMS 0x00000000cc000000| PB 0x00000000cc000000| Untracked 
| 193|0x00000000cc100000, 0x00000000cc100000, 0x00000000cc200000|  0%| F|  |TAMS 0x00000000cc100000| PB 0x00000000cc100000| Untracked 
| 194|0x00000000cc200000, 0x00000000cc200000, 0x00000000cc300000|  0%| F|  |TAMS 0x00000000cc200000| PB 0x00000000cc200000| Untracked 
| 195|0x00000000cc300000, 0x00000000cc300000, 0x00000000cc400000|  0%| F|  |TAMS 0x00000000cc300000| PB 0x00000000cc300000| Untracked 
| 196|0x00000000cc400000, 0x00000000cc400000, 0x00000000cc500000|  0%| F|  |TAMS 0x00000000cc400000| PB 0x00000000cc400000| Untracked 
| 197|0x00000000cc500000, 0x00000000cc500000, 0x00000000cc600000|  0%| F|  |TAMS 0x00000000cc500000| PB 0x00000000cc500000| Untracked 
| 198|0x00000000cc600000, 0x00000000cc600000, 0x00000000cc700000|  0%| F|  |TAMS 0x00000000cc600000| PB 0x00000000cc600000| Untracked 
| 199|0x00000000cc700000, 0x00000000cc700000, 0x00000000cc800000|  0%| F|  |TAMS 0x00000000cc700000| PB 0x00000000cc700000| Untracked 
| 200|0x00000000cc800000, 0x00000000cc800000, 0x00000000cc900000|  0%| F|  |TAMS 0x00000000cc800000| PB 0x00000000cc800000| Untracked 
| 201|0x00000000cc900000, 0x00000000cc900000, 0x00000000cca00000|  0%| F|  |TAMS 0x00000000cc900000| PB 0x00000000cc900000| Untracked 
| 202|0x00000000cca00000, 0x00000000cca00000, 0x00000000ccb00000|  0%| F|  |TAMS 0x00000000cca00000| PB 0x00000000cca00000| Untracked 
| 203|0x00000000ccb00000, 0x00000000ccb00000, 0x00000000ccc00000|  0%| F|  |TAMS 0x00000000ccb00000| PB 0x00000000ccb00000| Untracked 
| 204|0x00000000ccc00000, 0x00000000ccc00000, 0x00000000ccd00000|  0%| F|  |TAMS 0x00000000ccc00000| PB 0x00000000ccc00000| Untracked 
| 205|0x00000000ccd00000, 0x00000000ccd00000, 0x00000000cce00000|  0%| F|  |TAMS 0x00000000ccd00000| PB 0x00000000ccd00000| Untracked 
| 206|0x00000000cce00000, 0x00000000cce00000, 0x00000000ccf00000|  0%| F|  |TAMS 0x00000000cce00000| PB 0x00000000cce00000| Untracked 
| 207|0x00000000ccf00000, 0x00000000ccf00000, 0x00000000cd000000|  0%| F|  |TAMS 0x00000000ccf00000| PB 0x00000000ccf00000| Untracked 
| 208|0x00000000cd000000, 0x00000000cd000000, 0x00000000cd100000|  0%| F|  |TAMS 0x00000000cd000000| PB 0x00000000cd000000| Untracked 
| 209|0x00000000cd100000, 0x00000000cd100000, 0x00000000cd200000|  0%| F|  |TAMS 0x00000000cd100000| PB 0x00000000cd100000| Untracked 
| 210|0x00000000cd200000, 0x00000000cd200000, 0x00000000cd300000|  0%| F|  |TAMS 0x00000000cd200000| PB 0x00000000cd200000| Untracked 
| 211|0x00000000cd300000, 0x00000000cd300000, 0x00000000cd400000|  0%| F|  |TAMS 0x00000000cd300000| PB 0x00000000cd300000| Untracked 
| 212|0x00000000cd400000, 0x00000000cd400000, 0x00000000cd500000|  0%| F|  |TAMS 0x00000000cd400000| PB 0x00000000cd400000| Untracked 
| 213|0x00000000cd500000, 0x00000000cd500000, 0x00000000cd600000|  0%| F|  |TAMS 0x00000000cd500000| PB 0x00000000cd500000| Untracked 
| 214|0x00000000cd600000, 0x00000000cd600000, 0x00000000cd700000|  0%| F|  |TAMS 0x00000000cd600000| PB 0x00000000cd600000| Untracked 
| 215|0x00000000cd700000, 0x00000000cd700000, 0x00000000cd800000|  0%| F|  |TAMS 0x00000000cd700000| PB 0x00000000cd700000| Untracked 
| 216|0x00000000cd800000, 0x00000000cd800000, 0x00000000cd900000|  0%| F|  |TAMS 0x00000000cd800000| PB 0x00000000cd800000| Untracked 
| 217|0x00000000cd900000, 0x00000000cd900000, 0x00000000cda00000|  0%| F|  |TAMS 0x00000000cd900000| PB 0x00000000cd900000| Untracked 
| 218|0x00000000cda00000, 0x00000000cda00000, 0x00000000cdb00000|  0%| F|  |TAMS 0x00000000cda00000| PB 0x00000000cda00000| Untracked 
| 219|0x00000000cdb00000, 0x00000000cdb00000, 0x00000000cdc00000|  0%| F|  |TAMS 0x00000000cdb00000| PB 0x00000000cdb00000| Untracked 
| 220|0x00000000cdc00000, 0x00000000cdc00000, 0x00000000cdd00000|  0%| F|  |TAMS 0x00000000cdc00000| PB 0x00000000cdc00000| Untracked 
| 221|0x00000000cdd00000, 0x00000000cdd00000, 0x00000000cde00000|  0%| F|  |TAMS 0x00000000cdd00000| PB 0x00000000cdd00000| Untracked 
| 222|0x00000000cde00000, 0x00000000cde00000, 0x00000000cdf00000|  0%| F|  |TAMS 0x00000000cde00000| PB 0x00000000cde00000| Untracked 
| 223|0x00000000cdf00000, 0x00000000cdf00000, 0x00000000ce000000|  0%| F|  |TAMS 0x00000000cdf00000| PB 0x00000000cdf00000| Untracked 
| 224|0x00000000ce000000, 0x00000000ce000000, 0x00000000ce100000|  0%| F|  |TAMS 0x00000000ce000000| PB 0x00000000ce000000| Untracked 
| 225|0x00000000ce100000, 0x00000000ce100000, 0x00000000ce200000|  0%| F|  |TAMS 0x00000000ce100000| PB 0x00000000ce100000| Untracked 
| 226|0x00000000ce200000, 0x00000000ce200000, 0x00000000ce300000|  0%| F|  |TAMS 0x00000000ce200000| PB 0x00000000ce200000| Untracked 
| 227|0x00000000ce300000, 0x00000000ce300000, 0x00000000ce400000|  0%| F|  |TAMS 0x00000000ce300000| PB 0x00000000ce300000| Untracked 
| 228|0x00000000ce400000, 0x00000000ce400000, 0x00000000ce500000|  0%| F|  |TAMS 0x00000000ce400000| PB 0x00000000ce400000| Untracked 
| 229|0x00000000ce500000, 0x00000000ce500000, 0x00000000ce600000|  0%| F|  |TAMS 0x00000000ce500000| PB 0x00000000ce500000| Untracked 
| 230|0x00000000ce600000, 0x00000000ce600000, 0x00000000ce700000|  0%| F|  |TAMS 0x00000000ce600000| PB 0x00000000ce600000| Untracked 
| 231|0x00000000ce700000, 0x00000000ce700000, 0x00000000ce800000|  0%| F|  |TAMS 0x00000000ce700000| PB 0x00000000ce700000| Untracked 
| 232|0x00000000ce800000, 0x00000000ce800000, 0x00000000ce900000|  0%| F|  |TAMS 0x00000000ce800000| PB 0x00000000ce800000| Untracked 
| 233|0x00000000ce900000, 0x00000000ce900000, 0x00000000cea00000|  0%| F|  |TAMS 0x00000000ce900000| PB 0x00000000ce900000| Untracked 
| 234|0x00000000cea00000, 0x00000000cea00000, 0x00000000ceb00000|  0%| F|  |TAMS 0x00000000cea00000| PB 0x00000000cea00000| Untracked 
| 235|0x00000000ceb00000, 0x00000000ceb00000, 0x00000000cec00000|  0%| F|  |TAMS 0x00000000ceb00000| PB 0x00000000ceb00000| Untracked 
| 236|0x00000000cec00000, 0x00000000cec00000, 0x00000000ced00000|  0%| F|  |TAMS 0x00000000cec00000| PB 0x00000000cec00000| Untracked 
| 237|0x00000000ced00000, 0x00000000ced00000, 0x00000000cee00000|  0%| F|  |TAMS 0x00000000ced00000| PB 0x00000000ced00000| Untracked 
| 238|0x00000000cee00000, 0x00000000cee00000, 0x00000000cef00000|  0%| F|  |TAMS 0x00000000cee00000| PB 0x00000000cee00000| Untracked 
| 239|0x00000000cef00000, 0x00000000cef00000, 0x00000000cf000000|  0%| F|  |TAMS 0x00000000cef00000| PB 0x00000000cef00000| Untracked 
| 240|0x00000000cf000000, 0x00000000cf000000, 0x00000000cf100000|  0%| F|  |TAMS 0x00000000cf000000| PB 0x00000000cf000000| Untracked 
| 241|0x00000000cf100000, 0x00000000cf100000, 0x00000000cf200000|  0%| F|  |TAMS 0x00000000cf100000| PB 0x00000000cf100000| Untracked 
| 242|0x00000000cf200000, 0x00000000cf200000, 0x00000000cf300000|  0%| F|  |TAMS 0x00000000cf200000| PB 0x00000000cf200000| Untracked 
| 243|0x00000000cf300000, 0x00000000cf300000, 0x00000000cf400000|  0%| F|  |TAMS 0x00000000cf300000| PB 0x00000000cf300000| Untracked 
| 244|0x00000000cf400000, 0x00000000cf400000, 0x00000000cf500000|  0%| F|  |TAMS 0x00000000cf400000| PB 0x00000000cf400000| Untracked 
| 245|0x00000000cf500000, 0x00000000cf500000, 0x00000000cf600000|  0%| F|  |TAMS 0x00000000cf500000| PB 0x00000000cf500000| Untracked 
| 246|0x00000000cf600000, 0x00000000cf600000, 0x00000000cf700000|  0%| F|  |TAMS 0x00000000cf600000| PB 0x00000000cf600000| Untracked 
| 247|0x00000000cf700000, 0x00000000cf700000, 0x00000000cf800000|  0%| F|  |TAMS 0x00000000cf700000| PB 0x00000000cf700000| Untracked 
| 248|0x00000000cf800000, 0x00000000cf800000, 0x00000000cf900000|  0%| F|  |TAMS 0x00000000cf800000| PB 0x00000000cf800000| Untracked 
| 249|0x00000000cf900000, 0x00000000cf900000, 0x00000000cfa00000|  0%| F|  |TAMS 0x00000000cf900000| PB 0x00000000cf900000| Untracked 
| 250|0x00000000cfa00000, 0x00000000cfa00000, 0x00000000cfb00000|  0%| F|  |TAMS 0x00000000cfa00000| PB 0x00000000cfa00000| Untracked 
| 251|0x00000000cfb00000, 0x00000000cfb00000, 0x00000000cfc00000|  0%| F|  |TAMS 0x00000000cfb00000| PB 0x00000000cfb00000| Untracked 
| 252|0x00000000cfc00000, 0x00000000cfc00000, 0x00000000cfd00000|  0%| F|  |TAMS 0x00000000cfc00000| PB 0x00000000cfc00000| Untracked 
| 253|0x00000000cfd00000, 0x00000000cfd00000, 0x00000000cfe00000|  0%| F|  |TAMS 0x00000000cfd00000| PB 0x00000000cfd00000| Untracked 
| 254|0x00000000cfe00000, 0x00000000cfe00000, 0x00000000cff00000|  0%| F|  |TAMS 0x00000000cfe00000| PB 0x00000000cfe00000| Untracked 
| 255|0x00000000cff00000, 0x00000000cff00000, 0x00000000d0000000|  0%| F|  |TAMS 0x00000000cff00000| PB 0x00000000cff00000| Untracked 
| 256|0x00000000d0000000, 0x00000000d0000000, 0x00000000d0100000|  0%| F|  |TAMS 0x00000000d0000000| PB 0x00000000d0000000| Untracked 
| 257|0x00000000d0100000, 0x00000000d0100000, 0x00000000d0200000|  0%| F|  |TAMS 0x00000000d0100000| PB 0x00000000d0100000| Untracked 
| 258|0x00000000d0200000, 0x00000000d0200000, 0x00000000d0300000|  0%| F|  |TAMS 0x00000000d0200000| PB 0x00000000d0200000| Untracked 
| 259|0x00000000d0300000, 0x00000000d0300000, 0x00000000d0400000|  0%| F|  |TAMS 0x00000000d0300000| PB 0x00000000d0300000| Untracked 
| 260|0x00000000d0400000, 0x00000000d0400000, 0x00000000d0500000|  0%| F|  |TAMS 0x00000000d0400000| PB 0x00000000d0400000| Untracked 
| 261|0x00000000d0500000, 0x00000000d0500000, 0x00000000d0600000|  0%| F|  |TAMS 0x00000000d0500000| PB 0x00000000d0500000| Untracked 
| 262|0x00000000d0600000, 0x00000000d0600000, 0x00000000d0700000|  0%| F|  |TAMS 0x00000000d0600000| PB 0x00000000d0600000| Untracked 
| 263|0x00000000d0700000, 0x00000000d0700000, 0x00000000d0800000|  0%| F|  |TAMS 0x00000000d0700000| PB 0x00000000d0700000| Untracked 
| 264|0x00000000d0800000, 0x00000000d0800000, 0x00000000d0900000|  0%| F|  |TAMS 0x00000000d0800000| PB 0x00000000d0800000| Untracked 
| 265|0x00000000d0900000, 0x00000000d0900000, 0x00000000d0a00000|  0%| F|  |TAMS 0x00000000d0900000| PB 0x00000000d0900000| Untracked 
| 266|0x00000000d0a00000, 0x00000000d0a00000, 0x00000000d0b00000|  0%| F|  |TAMS 0x00000000d0a00000| PB 0x00000000d0a00000| Untracked 
| 267|0x00000000d0b00000, 0x00000000d0b00000, 0x00000000d0c00000|  0%| F|  |TAMS 0x00000000d0b00000| PB 0x00000000d0b00000| Untracked 
| 268|0x00000000d0c00000, 0x00000000d0c00000, 0x00000000d0d00000|  0%| F|  |TAMS 0x00000000d0c00000| PB 0x00000000d0c00000| Untracked 
| 269|0x00000000d0d00000, 0x00000000d0d00000, 0x00000000d0e00000|  0%| F|  |TAMS 0x00000000d0d00000| PB 0x00000000d0d00000| Untracked 
| 270|0x00000000d0e00000, 0x00000000d0e00000, 0x00000000d0f00000|  0%| F|  |TAMS 0x00000000d0e00000| PB 0x00000000d0e00000| Untracked 
| 271|0x00000000d0f00000, 0x00000000d0f00000, 0x00000000d1000000|  0%| F|  |TAMS 0x00000000d0f00000| PB 0x00000000d0f00000| Untracked 
| 272|0x00000000d1000000, 0x00000000d1000000, 0x00000000d1100000|  0%| F|  |TAMS 0x00000000d1000000| PB 0x00000000d1000000| Untracked 
| 273|0x00000000d1100000, 0x00000000d1100000, 0x00000000d1200000|  0%| F|  |TAMS 0x00000000d1100000| PB 0x00000000d1100000| Untracked 
| 274|0x00000000d1200000, 0x00000000d1200000, 0x00000000d1300000|  0%| F|  |TAMS 0x00000000d1200000| PB 0x00000000d1200000| Untracked 
| 275|0x00000000d1300000, 0x00000000d1300000, 0x00000000d1400000|  0%| F|  |TAMS 0x00000000d1300000| PB 0x00000000d1300000| Untracked 
| 276|0x00000000d1400000, 0x00000000d1400000, 0x00000000d1500000|  0%| F|  |TAMS 0x00000000d1400000| PB 0x00000000d1400000| Untracked 
| 277|0x00000000d1500000, 0x00000000d1500000, 0x00000000d1600000|  0%| F|  |TAMS 0x00000000d1500000| PB 0x00000000d1500000| Untracked 
| 278|0x00000000d1600000, 0x00000000d1600000, 0x00000000d1700000|  0%| F|  |TAMS 0x00000000d1600000| PB 0x00000000d1600000| Untracked 
| 279|0x00000000d1700000, 0x00000000d1700000, 0x00000000d1800000|  0%| F|  |TAMS 0x00000000d1700000| PB 0x00000000d1700000| Untracked 
| 280|0x00000000d1800000, 0x00000000d1800000, 0x00000000d1900000|  0%| F|  |TAMS 0x00000000d1800000| PB 0x00000000d1800000| Untracked 
| 281|0x00000000d1900000, 0x00000000d1900000, 0x00000000d1a00000|  0%| F|  |TAMS 0x00000000d1900000| PB 0x00000000d1900000| Untracked 
| 282|0x00000000d1a00000, 0x00000000d1a00000, 0x00000000d1b00000|  0%| F|  |TAMS 0x00000000d1a00000| PB 0x00000000d1a00000| Untracked 
| 283|0x00000000d1b00000, 0x00000000d1b00000, 0x00000000d1c00000|  0%| F|  |TAMS 0x00000000d1b00000| PB 0x00000000d1b00000| Untracked 
| 284|0x00000000d1c00000, 0x00000000d1c00000, 0x00000000d1d00000|  0%| F|  |TAMS 0x00000000d1c00000| PB 0x00000000d1c00000| Untracked 
| 285|0x00000000d1d00000, 0x00000000d1d00000, 0x00000000d1e00000|  0%| F|  |TAMS 0x00000000d1d00000| PB 0x00000000d1d00000| Untracked 
| 286|0x00000000d1e00000, 0x00000000d1e00000, 0x00000000d1f00000|  0%| F|  |TAMS 0x00000000d1e00000| PB 0x00000000d1e00000| Untracked 
| 287|0x00000000d1f00000, 0x00000000d1f00000, 0x00000000d2000000|  0%| F|  |TAMS 0x00000000d1f00000| PB 0x00000000d1f00000| Untracked 
| 288|0x00000000d2000000, 0x00000000d2000000, 0x00000000d2100000|  0%| F|  |TAMS 0x00000000d2000000| PB 0x00000000d2000000| Untracked 
| 289|0x00000000d2100000, 0x00000000d2100000, 0x00000000d2200000|  0%| F|  |TAMS 0x00000000d2100000| PB 0x00000000d2100000| Untracked 
| 290|0x00000000d2200000, 0x00000000d2200000, 0x00000000d2300000|  0%| F|  |TAMS 0x00000000d2200000| PB 0x00000000d2200000| Untracked 
| 291|0x00000000d2300000, 0x00000000d2300000, 0x00000000d2400000|  0%| F|  |TAMS 0x00000000d2300000| PB 0x00000000d2300000| Untracked 
| 292|0x00000000d2400000, 0x00000000d2400000, 0x00000000d2500000|  0%| F|  |TAMS 0x00000000d2400000| PB 0x00000000d2400000| Untracked 
| 293|0x00000000d2500000, 0x00000000d2500000, 0x00000000d2600000|  0%| F|  |TAMS 0x00000000d2500000| PB 0x00000000d2500000| Untracked 
| 294|0x00000000d2600000, 0x00000000d2600000, 0x00000000d2700000|  0%| F|  |TAMS 0x00000000d2600000| PB 0x00000000d2600000| Untracked 
| 295|0x00000000d2700000, 0x00000000d2700000, 0x00000000d2800000|  0%| F|  |TAMS 0x00000000d2700000| PB 0x00000000d2700000| Untracked 
| 296|0x00000000d2800000, 0x00000000d2800000, 0x00000000d2900000|  0%| F|  |TAMS 0x00000000d2800000| PB 0x00000000d2800000| Untracked 
| 297|0x00000000d2900000, 0x00000000d2900000, 0x00000000d2a00000|  0%| F|  |TAMS 0x00000000d2900000| PB 0x00000000d2900000| Untracked 
| 298|0x00000000d2a00000, 0x00000000d2a00000, 0x00000000d2b00000|  0%| F|  |TAMS 0x00000000d2a00000| PB 0x00000000d2a00000| Untracked 
| 299|0x00000000d2b00000, 0x00000000d2b00000, 0x00000000d2c00000|  0%| F|  |TAMS 0x00000000d2b00000| PB 0x00000000d2b00000| Untracked 
| 300|0x00000000d2c00000, 0x00000000d2c00000, 0x00000000d2d00000|  0%| F|  |TAMS 0x00000000d2c00000| PB 0x00000000d2c00000| Untracked 
| 301|0x00000000d2d00000, 0x00000000d2d00000, 0x00000000d2e00000|  0%| F|  |TAMS 0x00000000d2d00000| PB 0x00000000d2d00000| Untracked 
| 302|0x00000000d2e00000, 0x00000000d2e00000, 0x00000000d2f00000|  0%| F|  |TAMS 0x00000000d2e00000| PB 0x00000000d2e00000| Untracked 
| 303|0x00000000d2f00000, 0x00000000d2f00000, 0x00000000d3000000|  0%| F|  |TAMS 0x00000000d2f00000| PB 0x00000000d2f00000| Untracked 
| 304|0x00000000d3000000, 0x00000000d3000000, 0x00000000d3100000|  0%| F|  |TAMS 0x00000000d3000000| PB 0x00000000d3000000| Untracked 
| 305|0x00000000d3100000, 0x00000000d3100000, 0x00000000d3200000|  0%| F|  |TAMS 0x00000000d3100000| PB 0x00000000d3100000| Untracked 
| 306|0x00000000d3200000, 0x00000000d3200000, 0x00000000d3300000|  0%| F|  |TAMS 0x00000000d3200000| PB 0x00000000d3200000| Untracked 
| 307|0x00000000d3300000, 0x00000000d3300000, 0x00000000d3400000|  0%| F|  |TAMS 0x00000000d3300000| PB 0x00000000d3300000| Untracked 
| 308|0x00000000d3400000, 0x00000000d3400000, 0x00000000d3500000|  0%| F|  |TAMS 0x00000000d3400000| PB 0x00000000d3400000| Untracked 
| 309|0x00000000d3500000, 0x00000000d3500000, 0x00000000d3600000|  0%| F|  |TAMS 0x00000000d3500000| PB 0x00000000d3500000| Untracked 
| 310|0x00000000d3600000, 0x00000000d3600000, 0x00000000d3700000|  0%| F|  |TAMS 0x00000000d3600000| PB 0x00000000d3600000| Untracked 
| 311|0x00000000d3700000, 0x00000000d3700000, 0x00000000d3800000|  0%| F|  |TAMS 0x00000000d3700000| PB 0x00000000d3700000| Untracked 
| 312|0x00000000d3800000, 0x00000000d3800000, 0x00000000d3900000|  0%| F|  |TAMS 0x00000000d3800000| PB 0x00000000d3800000| Untracked 
| 313|0x00000000d3900000, 0x00000000d3900000, 0x00000000d3a00000|  0%| F|  |TAMS 0x00000000d3900000| PB 0x00000000d3900000| Untracked 
| 314|0x00000000d3a00000, 0x00000000d3a00000, 0x00000000d3b00000|  0%| F|  |TAMS 0x00000000d3a00000| PB 0x00000000d3a00000| Untracked 
| 315|0x00000000d3b00000, 0x00000000d3b00000, 0x00000000d3c00000|  0%| F|  |TAMS 0x00000000d3b00000| PB 0x00000000d3b00000| Untracked 
| 316|0x00000000d3c00000, 0x00000000d3c00000, 0x00000000d3d00000|  0%| F|  |TAMS 0x00000000d3c00000| PB 0x00000000d3c00000| Untracked 
| 317|0x00000000d3d00000, 0x00000000d3d00000, 0x00000000d3e00000|  0%| F|  |TAMS 0x00000000d3d00000| PB 0x00000000d3d00000| Untracked 
| 318|0x00000000d3e00000, 0x00000000d3e00000, 0x00000000d3f00000|  0%| F|  |TAMS 0x00000000d3e00000| PB 0x00000000d3e00000| Untracked 
| 319|0x00000000d3f00000, 0x00000000d3f00000, 0x00000000d4000000|  0%| F|  |TAMS 0x00000000d3f00000| PB 0x00000000d3f00000| Untracked 
| 320|0x00000000d4000000, 0x00000000d4000000, 0x00000000d4100000|  0%| F|  |TAMS 0x00000000d4000000| PB 0x00000000d4000000| Untracked 
| 321|0x00000000d4100000, 0x00000000d4100000, 0x00000000d4200000|  0%| F|  |TAMS 0x00000000d4100000| PB 0x00000000d4100000| Untracked 
| 322|0x00000000d4200000, 0x00000000d4200000, 0x00000000d4300000|  0%| F|  |TAMS 0x00000000d4200000| PB 0x00000000d4200000| Untracked 
| 323|0x00000000d4300000, 0x00000000d4300000, 0x00000000d4400000|  0%| F|  |TAMS 0x00000000d4300000| PB 0x00000000d4300000| Untracked 
| 324|0x00000000d4400000, 0x00000000d4400000, 0x00000000d4500000|  0%| F|  |TAMS 0x00000000d4400000| PB 0x00000000d4400000| Untracked 
| 325|0x00000000d4500000, 0x00000000d4500000, 0x00000000d4600000|  0%| F|  |TAMS 0x00000000d4500000| PB 0x00000000d4500000| Untracked 
| 326|0x00000000d4600000, 0x00000000d4600000, 0x00000000d4700000|  0%| F|  |TAMS 0x00000000d4600000| PB 0x00000000d4600000| Untracked 
| 327|0x00000000d4700000, 0x00000000d4700000, 0x00000000d4800000|  0%| F|  |TAMS 0x00000000d4700000| PB 0x00000000d4700000| Untracked 
| 328|0x00000000d4800000, 0x00000000d4800000, 0x00000000d4900000|  0%| F|  |TAMS 0x00000000d4800000| PB 0x00000000d4800000| Untracked 
| 329|0x00000000d4900000, 0x00000000d4900000, 0x00000000d4a00000|  0%| F|  |TAMS 0x00000000d4900000| PB 0x00000000d4900000| Untracked 
| 330|0x00000000d4a00000, 0x00000000d4a00000, 0x00000000d4b00000|  0%| F|  |TAMS 0x00000000d4a00000| PB 0x00000000d4a00000| Untracked 
| 331|0x00000000d4b00000, 0x00000000d4b00000, 0x00000000d4c00000|  0%| F|  |TAMS 0x00000000d4b00000| PB 0x00000000d4b00000| Untracked 
| 332|0x00000000d4c00000, 0x00000000d4c00000, 0x00000000d4d00000|  0%| F|  |TAMS 0x00000000d4c00000| PB 0x00000000d4c00000| Untracked 
| 333|0x00000000d4d00000, 0x00000000d4d00000, 0x00000000d4e00000|  0%| F|  |TAMS 0x00000000d4d00000| PB 0x00000000d4d00000| Untracked 
| 334|0x00000000d4e00000, 0x00000000d4e00000, 0x00000000d4f00000|  0%| F|  |TAMS 0x00000000d4e00000| PB 0x00000000d4e00000| Untracked 
| 335|0x00000000d4f00000, 0x00000000d4f00000, 0x00000000d5000000|  0%| F|  |TAMS 0x00000000d4f00000| PB 0x00000000d4f00000| Untracked 
| 336|0x00000000d5000000, 0x00000000d5000000, 0x00000000d5100000|  0%| F|  |TAMS 0x00000000d5000000| PB 0x00000000d5000000| Untracked 
| 337|0x00000000d5100000, 0x00000000d5100000, 0x00000000d5200000|  0%| F|  |TAMS 0x00000000d5100000| PB 0x00000000d5100000| Untracked 
| 338|0x00000000d5200000, 0x00000000d5200000, 0x00000000d5300000|  0%| F|  |TAMS 0x00000000d5200000| PB 0x00000000d5200000| Untracked 
| 339|0x00000000d5300000, 0x00000000d5300000, 0x00000000d5400000|  0%| F|  |TAMS 0x00000000d5300000| PB 0x00000000d5300000| Untracked 
| 340|0x00000000d5400000, 0x00000000d5400000, 0x00000000d5500000|  0%| F|  |TAMS 0x00000000d5400000| PB 0x00000000d5400000| Untracked 
| 341|0x00000000d5500000, 0x00000000d5500000, 0x00000000d5600000|  0%| F|  |TAMS 0x00000000d5500000| PB 0x00000000d5500000| Untracked 
| 342|0x00000000d5600000, 0x00000000d5600000, 0x00000000d5700000|  0%| F|  |TAMS 0x00000000d5600000| PB 0x00000000d5600000| Untracked 
| 343|0x00000000d5700000, 0x00000000d5700000, 0x00000000d5800000|  0%| F|  |TAMS 0x00000000d5700000| PB 0x00000000d5700000| Untracked 
| 344|0x00000000d5800000, 0x00000000d5800000, 0x00000000d5900000|  0%| F|  |TAMS 0x00000000d5800000| PB 0x00000000d5800000| Untracked 
| 345|0x00000000d5900000, 0x00000000d5900000, 0x00000000d5a00000|  0%| F|  |TAMS 0x00000000d5900000| PB 0x00000000d5900000| Untracked 
| 346|0x00000000d5a00000, 0x00000000d5a00000, 0x00000000d5b00000|  0%| F|  |TAMS 0x00000000d5a00000| PB 0x00000000d5a00000| Untracked 
| 347|0x00000000d5b00000, 0x00000000d5b00000, 0x00000000d5c00000|  0%| F|  |TAMS 0x00000000d5b00000| PB 0x00000000d5b00000| Untracked 
| 348|0x00000000d5c00000, 0x00000000d5c00000, 0x00000000d5d00000|  0%| F|  |TAMS 0x00000000d5c00000| PB 0x00000000d5c00000| Untracked 
| 349|0x00000000d5d00000, 0x00000000d5d00000, 0x00000000d5e00000|  0%| F|  |TAMS 0x00000000d5d00000| PB 0x00000000d5d00000| Untracked 
| 350|0x00000000d5e00000, 0x00000000d5e00000, 0x00000000d5f00000|  0%| F|  |TAMS 0x00000000d5e00000| PB 0x00000000d5e00000| Untracked 
| 351|0x00000000d5f00000, 0x00000000d5f00000, 0x00000000d6000000|  0%| F|  |TAMS 0x00000000d5f00000| PB 0x00000000d5f00000| Untracked 
| 352|0x00000000d6000000, 0x00000000d6000000, 0x00000000d6100000|  0%| F|  |TAMS 0x00000000d6000000| PB 0x00000000d6000000| Untracked 
| 353|0x00000000d6100000, 0x00000000d6100000, 0x00000000d6200000|  0%| F|  |TAMS 0x00000000d6100000| PB 0x00000000d6100000| Untracked 
| 354|0x00000000d6200000, 0x00000000d6200000, 0x00000000d6300000|  0%| F|  |TAMS 0x00000000d6200000| PB 0x00000000d6200000| Untracked 
| 355|0x00000000d6300000, 0x00000000d6300000, 0x00000000d6400000|  0%| F|  |TAMS 0x00000000d6300000| PB 0x00000000d6300000| Untracked 
| 356|0x00000000d6400000, 0x00000000d6400000, 0x00000000d6500000|  0%| F|  |TAMS 0x00000000d6400000| PB 0x00000000d6400000| Untracked 
| 357|0x00000000d6500000, 0x00000000d6500000, 0x00000000d6600000|  0%| F|  |TAMS 0x00000000d6500000| PB 0x00000000d6500000| Untracked 
| 358|0x00000000d6600000, 0x00000000d6600000, 0x00000000d6700000|  0%| F|  |TAMS 0x00000000d6600000| PB 0x00000000d6600000| Untracked 
| 359|0x00000000d6700000, 0x00000000d6700000, 0x00000000d6800000|  0%| F|  |TAMS 0x00000000d6700000| PB 0x00000000d6700000| Untracked 
| 360|0x00000000d6800000, 0x00000000d6800000, 0x00000000d6900000|  0%| F|  |TAMS 0x00000000d6800000| PB 0x00000000d6800000| Untracked 
| 361|0x00000000d6900000, 0x00000000d6900000, 0x00000000d6a00000|  0%| F|  |TAMS 0x00000000d6900000| PB 0x00000000d6900000| Untracked 
| 362|0x00000000d6a00000, 0x00000000d6a00000, 0x00000000d6b00000|  0%| F|  |TAMS 0x00000000d6a00000| PB 0x00000000d6a00000| Untracked 
| 363|0x00000000d6b00000, 0x00000000d6b00000, 0x00000000d6c00000|  0%| F|  |TAMS 0x00000000d6b00000| PB 0x00000000d6b00000| Untracked 
| 364|0x00000000d6c00000, 0x00000000d6c00000, 0x00000000d6d00000|  0%| F|  |TAMS 0x00000000d6c00000| PB 0x00000000d6c00000| Untracked 
| 365|0x00000000d6d00000, 0x00000000d6d00000, 0x00000000d6e00000|  0%| F|  |TAMS 0x00000000d6d00000| PB 0x00000000d6d00000| Untracked 
| 366|0x00000000d6e00000, 0x00000000d6e00000, 0x00000000d6f00000|  0%| F|  |TAMS 0x00000000d6e00000| PB 0x00000000d6e00000| Untracked 
| 367|0x00000000d6f00000, 0x00000000d6f00000, 0x00000000d7000000|  0%| F|  |TAMS 0x00000000d6f00000| PB 0x00000000d6f00000| Untracked 
| 368|0x00000000d7000000, 0x00000000d7000000, 0x00000000d7100000|  0%| F|  |TAMS 0x00000000d7000000| PB 0x00000000d7000000| Untracked 
| 369|0x00000000d7100000, 0x00000000d7100000, 0x00000000d7200000|  0%| F|  |TAMS 0x00000000d7100000| PB 0x00000000d7100000| Untracked 
| 370|0x00000000d7200000, 0x00000000d7200000, 0x00000000d7300000|  0%| F|  |TAMS 0x00000000d7200000| PB 0x00000000d7200000| Untracked 
| 371|0x00000000d7300000, 0x00000000d7300000, 0x00000000d7400000|  0%| F|  |TAMS 0x00000000d7300000| PB 0x00000000d7300000| Untracked 
| 372|0x00000000d7400000, 0x00000000d7400000, 0x00000000d7500000|  0%| F|  |TAMS 0x00000000d7400000| PB 0x00000000d7400000| Untracked 
| 373|0x00000000d7500000, 0x00000000d7500000, 0x00000000d7600000|  0%| F|  |TAMS 0x00000000d7500000| PB 0x00000000d7500000| Untracked 
| 374|0x00000000d7600000, 0x00000000d7600000, 0x00000000d7700000|  0%| F|  |TAMS 0x00000000d7600000| PB 0x00000000d7600000| Untracked 
| 375|0x00000000d7700000, 0x00000000d7700000, 0x00000000d7800000|  0%| F|  |TAMS 0x00000000d7700000| PB 0x00000000d7700000| Untracked 
| 376|0x00000000d7800000, 0x00000000d7800000, 0x00000000d7900000|  0%| F|  |TAMS 0x00000000d7800000| PB 0x00000000d7800000| Untracked 
| 377|0x00000000d7900000, 0x00000000d7900000, 0x00000000d7a00000|  0%| F|  |TAMS 0x00000000d7900000| PB 0x00000000d7900000| Untracked 
| 378|0x00000000d7a00000, 0x00000000d7a00000, 0x00000000d7b00000|  0%| F|  |TAMS 0x00000000d7a00000| PB 0x00000000d7a00000| Untracked 
| 379|0x00000000d7b00000, 0x00000000d7b00000, 0x00000000d7c00000|  0%| F|  |TAMS 0x00000000d7b00000| PB 0x00000000d7b00000| Untracked 
| 380|0x00000000d7c00000, 0x00000000d7c00000, 0x00000000d7d00000|  0%| F|  |TAMS 0x00000000d7c00000| PB 0x00000000d7c00000| Untracked 
| 381|0x00000000d7d00000, 0x00000000d7d00000, 0x00000000d7e00000|  0%| F|  |TAMS 0x00000000d7d00000| PB 0x00000000d7d00000| Untracked 
| 382|0x00000000d7e00000, 0x00000000d7e00000, 0x00000000d7f00000|  0%| F|  |TAMS 0x00000000d7e00000| PB 0x00000000d7e00000| Untracked 
| 383|0x00000000d7f00000, 0x00000000d7f00000, 0x00000000d8000000|  0%| F|  |TAMS 0x00000000d7f00000| PB 0x00000000d7f00000| Untracked 
| 384|0x00000000d8000000, 0x00000000d8000000, 0x00000000d8100000|  0%| F|  |TAMS 0x00000000d8000000| PB 0x00000000d8000000| Untracked 
| 385|0x00000000d8100000, 0x00000000d8100000, 0x00000000d8200000|  0%| F|  |TAMS 0x00000000d8100000| PB 0x00000000d8100000| Untracked 
| 386|0x00000000d8200000, 0x00000000d8200000, 0x00000000d8300000|  0%| F|  |TAMS 0x00000000d8200000| PB 0x00000000d8200000| Untracked 
| 387|0x00000000d8300000, 0x00000000d8300000, 0x00000000d8400000|  0%| F|  |TAMS 0x00000000d8300000| PB 0x00000000d8300000| Untracked 
| 388|0x00000000d8400000, 0x00000000d8400000, 0x00000000d8500000|  0%| F|  |TAMS 0x00000000d8400000| PB 0x00000000d8400000| Untracked 
| 389|0x00000000d8500000, 0x00000000d8500000, 0x00000000d8600000|  0%| F|  |TAMS 0x00000000d8500000| PB 0x00000000d8500000| Untracked 
| 390|0x00000000d8600000, 0x00000000d8600000, 0x00000000d8700000|  0%| F|  |TAMS 0x00000000d8600000| PB 0x00000000d8600000| Untracked 
| 391|0x00000000d8700000, 0x00000000d8700000, 0x00000000d8800000|  0%| F|  |TAMS 0x00000000d8700000| PB 0x00000000d8700000| Untracked 
| 392|0x00000000d8800000, 0x00000000d8800000, 0x00000000d8900000|  0%| F|  |TAMS 0x00000000d8800000| PB 0x00000000d8800000| Untracked 
| 393|0x00000000d8900000, 0x00000000d8900000, 0x00000000d8a00000|  0%| F|  |TAMS 0x00000000d8900000| PB 0x00000000d8900000| Untracked 
| 394|0x00000000d8a00000, 0x00000000d8a00000, 0x00000000d8b00000|  0%| F|  |TAMS 0x00000000d8a00000| PB 0x00000000d8a00000| Untracked 
| 395|0x00000000d8b00000, 0x00000000d8b00000, 0x00000000d8c00000|  0%| F|  |TAMS 0x00000000d8b00000| PB 0x00000000d8b00000| Untracked 
| 396|0x00000000d8c00000, 0x00000000d8c00000, 0x00000000d8d00000|  0%| F|  |TAMS 0x00000000d8c00000| PB 0x00000000d8c00000| Untracked 
| 397|0x00000000d8d00000, 0x00000000d8d00000, 0x00000000d8e00000|  0%| F|  |TAMS 0x00000000d8d00000| PB 0x00000000d8d00000| Untracked 
| 398|0x00000000d8e00000, 0x00000000d8e00000, 0x00000000d8f00000|  0%| F|  |TAMS 0x00000000d8e00000| PB 0x00000000d8e00000| Untracked 
| 399|0x00000000d8f00000, 0x00000000d8f00000, 0x00000000d9000000|  0%| F|  |TAMS 0x00000000d8f00000| PB 0x00000000d8f00000| Untracked 
| 400|0x00000000d9000000, 0x00000000d9000000, 0x00000000d9100000|  0%| F|  |TAMS 0x00000000d9000000| PB 0x00000000d9000000| Untracked 
| 401|0x00000000d9100000, 0x00000000d9100000, 0x00000000d9200000|  0%| F|  |TAMS 0x00000000d9100000| PB 0x00000000d9100000| Untracked 
| 402|0x00000000d9200000, 0x00000000d9200000, 0x00000000d9300000|  0%| F|  |TAMS 0x00000000d9200000| PB 0x00000000d9200000| Untracked 
| 403|0x00000000d9300000, 0x00000000d9300000, 0x00000000d9400000|  0%| F|  |TAMS 0x00000000d9300000| PB 0x00000000d9300000| Untracked 
| 404|0x00000000d9400000, 0x00000000d9400000, 0x00000000d9500000|  0%| F|  |TAMS 0x00000000d9400000| PB 0x00000000d9400000| Untracked 
| 405|0x00000000d9500000, 0x00000000d9500000, 0x00000000d9600000|  0%| F|  |TAMS 0x00000000d9500000| PB 0x00000000d9500000| Untracked 
| 406|0x00000000d9600000, 0x00000000d9600000, 0x00000000d9700000|  0%| F|  |TAMS 0x00000000d9600000| PB 0x00000000d9600000| Untracked 
| 407|0x00000000d9700000, 0x00000000d9700000, 0x00000000d9800000|  0%| F|  |TAMS 0x00000000d9700000| PB 0x00000000d9700000| Untracked 
| 408|0x00000000d9800000, 0x00000000d9800000, 0x00000000d9900000|  0%| F|  |TAMS 0x00000000d9800000| PB 0x00000000d9800000| Untracked 
| 409|0x00000000d9900000, 0x00000000d9900000, 0x00000000d9a00000|  0%| F|  |TAMS 0x00000000d9900000| PB 0x00000000d9900000| Untracked 
| 410|0x00000000d9a00000, 0x00000000d9a00000, 0x00000000d9b00000|  0%| F|  |TAMS 0x00000000d9a00000| PB 0x00000000d9a00000| Untracked 
| 411|0x00000000d9b00000, 0x00000000d9b00000, 0x00000000d9c00000|  0%| F|  |TAMS 0x00000000d9b00000| PB 0x00000000d9b00000| Untracked 
| 412|0x00000000d9c00000, 0x00000000d9c00000, 0x00000000d9d00000|  0%| F|  |TAMS 0x00000000d9c00000| PB 0x00000000d9c00000| Untracked 
| 413|0x00000000d9d00000, 0x00000000d9d00000, 0x00000000d9e00000|  0%| F|  |TAMS 0x00000000d9d00000| PB 0x00000000d9d00000| Untracked 
| 414|0x00000000d9e00000, 0x00000000d9e00000, 0x00000000d9f00000|  0%| F|  |TAMS 0x00000000d9e00000| PB 0x00000000d9e00000| Untracked 
| 415|0x00000000d9f00000, 0x00000000d9f00000, 0x00000000da000000|  0%| F|  |TAMS 0x00000000d9f00000| PB 0x00000000d9f00000| Untracked 
| 416|0x00000000da000000, 0x00000000da000000, 0x00000000da100000|  0%| F|  |TAMS 0x00000000da000000| PB 0x00000000da000000| Untracked 
| 417|0x00000000da100000, 0x00000000da100000, 0x00000000da200000|  0%| F|  |TAMS 0x00000000da100000| PB 0x00000000da100000| Untracked 
| 418|0x00000000da200000, 0x00000000da200000, 0x00000000da300000|  0%| F|  |TAMS 0x00000000da200000| PB 0x00000000da200000| Untracked 
| 419|0x00000000da300000, 0x00000000da300000, 0x00000000da400000|  0%| F|  |TAMS 0x00000000da300000| PB 0x00000000da300000| Untracked 
| 420|0x00000000da400000, 0x00000000da400000, 0x00000000da500000|  0%| F|  |TAMS 0x00000000da400000| PB 0x00000000da400000| Untracked 
| 421|0x00000000da500000, 0x00000000da500000, 0x00000000da600000|  0%| F|  |TAMS 0x00000000da500000| PB 0x00000000da500000| Untracked 
| 422|0x00000000da600000, 0x00000000da600000, 0x00000000da700000|  0%| F|  |TAMS 0x00000000da600000| PB 0x00000000da600000| Untracked 
| 423|0x00000000da700000, 0x00000000da700000, 0x00000000da800000|  0%| F|  |TAMS 0x00000000da700000| PB 0x00000000da700000| Untracked 
| 424|0x00000000da800000, 0x00000000da800000, 0x00000000da900000|  0%| F|  |TAMS 0x00000000da800000| PB 0x00000000da800000| Untracked 
| 425|0x00000000da900000, 0x00000000da900000, 0x00000000daa00000|  0%| F|  |TAMS 0x00000000da900000| PB 0x00000000da900000| Untracked 
| 426|0x00000000daa00000, 0x00000000daa00000, 0x00000000dab00000|  0%| F|  |TAMS 0x00000000daa00000| PB 0x00000000daa00000| Untracked 
| 427|0x00000000dab00000, 0x00000000dab00000, 0x00000000dac00000|  0%| F|  |TAMS 0x00000000dab00000| PB 0x00000000dab00000| Untracked 
| 428|0x00000000dac00000, 0x00000000dac00000, 0x00000000dad00000|  0%| F|  |TAMS 0x00000000dac00000| PB 0x00000000dac00000| Untracked 
| 429|0x00000000dad00000, 0x00000000dad00000, 0x00000000dae00000|  0%| F|  |TAMS 0x00000000dad00000| PB 0x00000000dad00000| Untracked 
| 430|0x00000000dae00000, 0x00000000dae00000, 0x00000000daf00000|  0%| F|  |TAMS 0x00000000dae00000| PB 0x00000000dae00000| Untracked 
| 431|0x00000000daf00000, 0x00000000daf00000, 0x00000000db000000|  0%| F|  |TAMS 0x00000000daf00000| PB 0x00000000daf00000| Untracked 
| 432|0x00000000db000000, 0x00000000db000000, 0x00000000db100000|  0%| F|  |TAMS 0x00000000db000000| PB 0x00000000db000000| Untracked 
| 433|0x00000000db100000, 0x00000000db100000, 0x00000000db200000|  0%| F|  |TAMS 0x00000000db100000| PB 0x00000000db100000| Untracked 
| 434|0x00000000db200000, 0x00000000db200000, 0x00000000db300000|  0%| F|  |TAMS 0x00000000db200000| PB 0x00000000db200000| Untracked 
| 435|0x00000000db300000, 0x00000000db300000, 0x00000000db400000|  0%| F|  |TAMS 0x00000000db300000| PB 0x00000000db300000| Untracked 
| 436|0x00000000db400000, 0x00000000db400000, 0x00000000db500000|  0%| F|  |TAMS 0x00000000db400000| PB 0x00000000db400000| Untracked 
| 437|0x00000000db500000, 0x00000000db500000, 0x00000000db600000|  0%| F|  |TAMS 0x00000000db500000| PB 0x00000000db500000| Untracked 
| 438|0x00000000db600000, 0x00000000db600000, 0x00000000db700000|  0%| F|  |TAMS 0x00000000db600000| PB 0x00000000db600000| Untracked 
| 439|0x00000000db700000, 0x00000000db700000, 0x00000000db800000|  0%| F|  |TAMS 0x00000000db700000| PB 0x00000000db700000| Untracked 
| 440|0x00000000db800000, 0x00000000db800000, 0x00000000db900000|  0%| F|  |TAMS 0x00000000db800000| PB 0x00000000db800000| Untracked 
| 441|0x00000000db900000, 0x00000000db900000, 0x00000000dba00000|  0%| F|  |TAMS 0x00000000db900000| PB 0x00000000db900000| Untracked 
| 442|0x00000000dba00000, 0x00000000dba00000, 0x00000000dbb00000|  0%| F|  |TAMS 0x00000000dba00000| PB 0x00000000dba00000| Untracked 
| 443|0x00000000dbb00000, 0x00000000dbb00000, 0x00000000dbc00000|  0%| F|  |TAMS 0x00000000dbb00000| PB 0x00000000dbb00000| Untracked 
| 444|0x00000000dbc00000, 0x00000000dbc00000, 0x00000000dbd00000|  0%| F|  |TAMS 0x00000000dbc00000| PB 0x00000000dbc00000| Untracked 
| 445|0x00000000dbd00000, 0x00000000dbd00000, 0x00000000dbe00000|  0%| F|  |TAMS 0x00000000dbd00000| PB 0x00000000dbd00000| Untracked 
| 446|0x00000000dbe00000, 0x00000000dbe00000, 0x00000000dbf00000|  0%| F|  |TAMS 0x00000000dbe00000| PB 0x00000000dbe00000| Untracked 
| 447|0x00000000dbf00000, 0x00000000dbf00000, 0x00000000dc000000|  0%| F|  |TAMS 0x00000000dbf00000| PB 0x00000000dbf00000| Untracked 
| 448|0x00000000dc000000, 0x00000000dc000000, 0x00000000dc100000|  0%| F|  |TAMS 0x00000000dc000000| PB 0x00000000dc000000| Untracked 
| 449|0x00000000dc100000, 0x00000000dc100000, 0x00000000dc200000|  0%| F|  |TAMS 0x00000000dc100000| PB 0x00000000dc100000| Untracked 
| 450|0x00000000dc200000, 0x00000000dc200000, 0x00000000dc300000|  0%| F|  |TAMS 0x00000000dc200000| PB 0x00000000dc200000| Untracked 
| 451|0x00000000dc300000, 0x00000000dc300000, 0x00000000dc400000|  0%| F|  |TAMS 0x00000000dc300000| PB 0x00000000dc300000| Untracked 
| 452|0x00000000dc400000, 0x00000000dc400000, 0x00000000dc500000|  0%| F|  |TAMS 0x00000000dc400000| PB 0x00000000dc400000| Untracked 
| 453|0x00000000dc500000, 0x00000000dc500000, 0x00000000dc600000|  0%| F|  |TAMS 0x00000000dc500000| PB 0x00000000dc500000| Untracked 
| 454|0x00000000dc600000, 0x00000000dc600000, 0x00000000dc700000|  0%| F|  |TAMS 0x00000000dc600000| PB 0x00000000dc600000| Untracked 
| 455|0x00000000dc700000, 0x00000000dc700000, 0x00000000dc800000|  0%| F|  |TAMS 0x00000000dc700000| PB 0x00000000dc700000| Untracked 
| 456|0x00000000dc800000, 0x00000000dc800000, 0x00000000dc900000|  0%| F|  |TAMS 0x00000000dc800000| PB 0x00000000dc800000| Untracked 
| 457|0x00000000dc900000, 0x00000000dc900000, 0x00000000dca00000|  0%| F|  |TAMS 0x00000000dc900000| PB 0x00000000dc900000| Untracked 
| 458|0x00000000dca00000, 0x00000000dca00000, 0x00000000dcb00000|  0%| F|  |TAMS 0x00000000dca00000| PB 0x00000000dca00000| Untracked 
| 459|0x00000000dcb00000, 0x00000000dcb00000, 0x00000000dcc00000|  0%| F|  |TAMS 0x00000000dcb00000| PB 0x00000000dcb00000| Untracked 
| 460|0x00000000dcc00000, 0x00000000dcc00000, 0x00000000dcd00000|  0%| F|  |TAMS 0x00000000dcc00000| PB 0x00000000dcc00000| Untracked 
| 461|0x00000000dcd00000, 0x00000000dcd00000, 0x00000000dce00000|  0%| F|  |TAMS 0x00000000dcd00000| PB 0x00000000dcd00000| Untracked 
| 462|0x00000000dce00000, 0x00000000dce00000, 0x00000000dcf00000|  0%| F|  |TAMS 0x00000000dce00000| PB 0x00000000dce00000| Untracked 
| 463|0x00000000dcf00000, 0x00000000dcf00000, 0x00000000dd000000|  0%| F|  |TAMS 0x00000000dcf00000| PB 0x00000000dcf00000| Untracked 
| 464|0x00000000dd000000, 0x00000000dd000000, 0x00000000dd100000|  0%| F|  |TAMS 0x00000000dd000000| PB 0x00000000dd000000| Untracked 
| 465|0x00000000dd100000, 0x00000000dd100000, 0x00000000dd200000|  0%| F|  |TAMS 0x00000000dd100000| PB 0x00000000dd100000| Untracked 
| 466|0x00000000dd200000, 0x00000000dd200000, 0x00000000dd300000|  0%| F|  |TAMS 0x00000000dd200000| PB 0x00000000dd200000| Untracked 
| 467|0x00000000dd300000, 0x00000000dd300000, 0x00000000dd400000|  0%| F|  |TAMS 0x00000000dd300000| PB 0x00000000dd300000| Untracked 
| 468|0x00000000dd400000, 0x00000000dd400000, 0x00000000dd500000|  0%| F|  |TAMS 0x00000000dd400000| PB 0x00000000dd400000| Untracked 
| 469|0x00000000dd500000, 0x00000000dd500000, 0x00000000dd600000|  0%| F|  |TAMS 0x00000000dd500000| PB 0x00000000dd500000| Untracked 
| 470|0x00000000dd600000, 0x00000000dd600000, 0x00000000dd700000|  0%| F|  |TAMS 0x00000000dd600000| PB 0x00000000dd600000| Untracked 
| 471|0x00000000dd700000, 0x00000000dd700000, 0x00000000dd800000|  0%| F|  |TAMS 0x00000000dd700000| PB 0x00000000dd700000| Untracked 
| 472|0x00000000dd800000, 0x00000000dd800000, 0x00000000dd900000|  0%| F|  |TAMS 0x00000000dd800000| PB 0x00000000dd800000| Untracked 
| 473|0x00000000dd900000, 0x00000000dd900000, 0x00000000dda00000|  0%| F|  |TAMS 0x00000000dd900000| PB 0x00000000dd900000| Untracked 
| 474|0x00000000dda00000, 0x00000000dda00000, 0x00000000ddb00000|  0%| F|  |TAMS 0x00000000dda00000| PB 0x00000000dda00000| Untracked 
| 475|0x00000000ddb00000, 0x00000000ddb00000, 0x00000000ddc00000|  0%| F|  |TAMS 0x00000000ddb00000| PB 0x00000000ddb00000| Untracked 
| 476|0x00000000ddc00000, 0x00000000ddc00000, 0x00000000ddd00000|  0%| F|  |TAMS 0x00000000ddc00000| PB 0x00000000ddc00000| Untracked 
| 477|0x00000000ddd00000, 0x00000000ddd00000, 0x00000000dde00000|  0%| F|  |TAMS 0x00000000ddd00000| PB 0x00000000ddd00000| Untracked 
| 478|0x00000000dde00000, 0x00000000dde00000, 0x00000000ddf00000|  0%| F|  |TAMS 0x00000000dde00000| PB 0x00000000dde00000| Untracked 
| 479|0x00000000ddf00000, 0x00000000ddf00000, 0x00000000de000000|  0%| F|  |TAMS 0x00000000ddf00000| PB 0x00000000ddf00000| Untracked 
| 480|0x00000000de000000, 0x00000000de000000, 0x00000000de100000|  0%| F|  |TAMS 0x00000000de000000| PB 0x00000000de000000| Untracked 
| 481|0x00000000de100000, 0x00000000de100000, 0x00000000de200000|  0%| F|  |TAMS 0x00000000de100000| PB 0x00000000de100000| Untracked 
| 482|0x00000000de200000, 0x00000000de200000, 0x00000000de300000|  0%| F|  |TAMS 0x00000000de200000| PB 0x00000000de200000| Untracked 
| 483|0x00000000de300000, 0x00000000de300000, 0x00000000de400000|  0%| F|  |TAMS 0x00000000de300000| PB 0x00000000de300000| Untracked 
| 484|0x00000000de400000, 0x00000000de400000, 0x00000000de500000|  0%| F|  |TAMS 0x00000000de400000| PB 0x00000000de400000| Untracked 
| 485|0x00000000de500000, 0x00000000de500000, 0x00000000de600000|  0%| F|  |TAMS 0x00000000de500000| PB 0x00000000de500000| Untracked 
| 486|0x00000000de600000, 0x00000000de600000, 0x00000000de700000|  0%| F|  |TAMS 0x00000000de600000| PB 0x00000000de600000| Untracked 
| 487|0x00000000de700000, 0x00000000de700000, 0x00000000de800000|  0%| F|  |TAMS 0x00000000de700000| PB 0x00000000de700000| Untracked 
| 488|0x00000000de800000, 0x00000000de800000, 0x00000000de900000|  0%| F|  |TAMS 0x00000000de800000| PB 0x00000000de800000| Untracked 
| 489|0x00000000de900000, 0x00000000de900000, 0x00000000dea00000|  0%| F|  |TAMS 0x00000000de900000| PB 0x00000000de900000| Untracked 
| 490|0x00000000dea00000, 0x00000000dea00000, 0x00000000deb00000|  0%| F|  |TAMS 0x00000000dea00000| PB 0x00000000dea00000| Untracked 
| 491|0x00000000deb00000, 0x00000000deb00000, 0x00000000dec00000|  0%| F|  |TAMS 0x00000000deb00000| PB 0x00000000deb00000| Untracked 
| 492|0x00000000dec00000, 0x00000000dec00000, 0x00000000ded00000|  0%| F|  |TAMS 0x00000000dec00000| PB 0x00000000dec00000| Untracked 
| 493|0x00000000ded00000, 0x00000000ded00000, 0x00000000dee00000|  0%| F|  |TAMS 0x00000000ded00000| PB 0x00000000ded00000| Untracked 
| 494|0x00000000dee00000, 0x00000000dee00000, 0x00000000def00000|  0%| F|  |TAMS 0x00000000dee00000| PB 0x00000000dee00000| Untracked 
| 495|0x00000000def00000, 0x00000000def00000, 0x00000000df000000|  0%| F|  |TAMS 0x00000000def00000| PB 0x00000000def00000| Untracked 
| 496|0x00000000df000000, 0x00000000df000000, 0x00000000df100000|  0%| F|  |TAMS 0x00000000df000000| PB 0x00000000df000000| Untracked 
| 497|0x00000000df100000, 0x00000000df100000, 0x00000000df200000|  0%| F|  |TAMS 0x00000000df100000| PB 0x00000000df100000| Untracked 
| 498|0x00000000df200000, 0x00000000df200000, 0x00000000df300000|  0%| F|  |TAMS 0x00000000df200000| PB 0x00000000df200000| Untracked 
| 499|0x00000000df300000, 0x00000000df300000, 0x00000000df400000|  0%| F|  |TAMS 0x00000000df300000| PB 0x00000000df300000| Untracked 
| 500|0x00000000df400000, 0x00000000df400000, 0x00000000df500000|  0%| F|  |TAMS 0x00000000df400000| PB 0x00000000df400000| Untracked 
| 501|0x00000000df500000, 0x00000000df500000, 0x00000000df600000|  0%| F|  |TAMS 0x00000000df500000| PB 0x00000000df500000| Untracked 
| 502|0x00000000df600000, 0x00000000df600000, 0x00000000df700000|  0%| F|  |TAMS 0x00000000df600000| PB 0x00000000df600000| Untracked 
| 503|0x00000000df700000, 0x00000000df700000, 0x00000000df800000|  0%| F|  |TAMS 0x00000000df700000| PB 0x00000000df700000| Untracked 
| 504|0x00000000df800000, 0x00000000df800000, 0x00000000df900000|  0%| F|  |TAMS 0x00000000df800000| PB 0x00000000df800000| Untracked 
| 505|0x00000000df900000, 0x00000000df900000, 0x00000000dfa00000|  0%| F|  |TAMS 0x00000000df900000| PB 0x00000000df900000| Untracked 
| 506|0x00000000dfa00000, 0x00000000dfa00000, 0x00000000dfb00000|  0%| F|  |TAMS 0x00000000dfa00000| PB 0x00000000dfa00000| Untracked 
| 507|0x00000000dfb00000, 0x00000000dfb00000, 0x00000000dfc00000|  0%| F|  |TAMS 0x00000000dfb00000| PB 0x00000000dfb00000| Untracked 
| 508|0x00000000dfc00000, 0x00000000dfc00000, 0x00000000dfd00000|  0%| F|  |TAMS 0x00000000dfc00000| PB 0x00000000dfc00000| Untracked 
| 509|0x00000000dfd00000, 0x00000000dfd00000, 0x00000000dfe00000|  0%| F|  |TAMS 0x00000000dfd00000| PB 0x00000000dfd00000| Untracked 
| 510|0x00000000dfe00000, 0x00000000dfe00000, 0x00000000dff00000|  0%| F|  |TAMS 0x00000000dfe00000| PB 0x00000000dfe00000| Untracked 
| 511|0x00000000dff00000, 0x00000000dff00000, 0x00000000e0000000|  0%| F|  |TAMS 0x00000000dff00000| PB 0x00000000dff00000| Untracked 
| 512|0x00000000e0000000, 0x00000000e0000000, 0x00000000e0100000|  0%| F|  |TAMS 0x00000000e0000000| PB 0x00000000e0000000| Untracked 
| 513|0x00000000e0100000, 0x00000000e0100000, 0x00000000e0200000|  0%| F|  |TAMS 0x00000000e0100000| PB 0x00000000e0100000| Untracked 
| 514|0x00000000e0200000, 0x00000000e0200000, 0x00000000e0300000|  0%| F|  |TAMS 0x00000000e0200000| PB 0x00000000e0200000| Untracked 
| 515|0x00000000e0300000, 0x00000000e0300000, 0x00000000e0400000|  0%| F|  |TAMS 0x00000000e0300000| PB 0x00000000e0300000| Untracked 
| 516|0x00000000e0400000, 0x00000000e0400000, 0x00000000e0500000|  0%| F|  |TAMS 0x00000000e0400000| PB 0x00000000e0400000| Untracked 
| 517|0x00000000e0500000, 0x00000000e0500000, 0x00000000e0600000|  0%| F|  |TAMS 0x00000000e0500000| PB 0x00000000e0500000| Untracked 
| 518|0x00000000e0600000, 0x00000000e0600000, 0x00000000e0700000|  0%| F|  |TAMS 0x00000000e0600000| PB 0x00000000e0600000| Untracked 
| 519|0x00000000e0700000, 0x00000000e0700000, 0x00000000e0800000|  0%| F|  |TAMS 0x00000000e0700000| PB 0x00000000e0700000| Untracked 
| 520|0x00000000e0800000, 0x00000000e0800000, 0x00000000e0900000|  0%| F|  |TAMS 0x00000000e0800000| PB 0x00000000e0800000| Untracked 
| 521|0x00000000e0900000, 0x00000000e0900000, 0x00000000e0a00000|  0%| F|  |TAMS 0x00000000e0900000| PB 0x00000000e0900000| Untracked 
| 522|0x00000000e0a00000, 0x00000000e0a00000, 0x00000000e0b00000|  0%| F|  |TAMS 0x00000000e0a00000| PB 0x00000000e0a00000| Untracked 
| 523|0x00000000e0b00000, 0x00000000e0b00000, 0x00000000e0c00000|  0%| F|  |TAMS 0x00000000e0b00000| PB 0x00000000e0b00000| Untracked 
| 524|0x00000000e0c00000, 0x00000000e0c00000, 0x00000000e0d00000|  0%| F|  |TAMS 0x00000000e0c00000| PB 0x00000000e0c00000| Untracked 
| 525|0x00000000e0d00000, 0x00000000e0d00000, 0x00000000e0e00000|  0%| F|  |TAMS 0x00000000e0d00000| PB 0x00000000e0d00000| Untracked 
| 526|0x00000000e0e00000, 0x00000000e0e00000, 0x00000000e0f00000|  0%| F|  |TAMS 0x00000000e0e00000| PB 0x00000000e0e00000| Untracked 
| 527|0x00000000e0f00000, 0x00000000e0f00000, 0x00000000e1000000|  0%| F|  |TAMS 0x00000000e0f00000| PB 0x00000000e0f00000| Untracked 
| 528|0x00000000e1000000, 0x00000000e1000000, 0x00000000e1100000|  0%| F|  |TAMS 0x00000000e1000000| PB 0x00000000e1000000| Untracked 
| 529|0x00000000e1100000, 0x00000000e1100000, 0x00000000e1200000|  0%| F|  |TAMS 0x00000000e1100000| PB 0x00000000e1100000| Untracked 
| 530|0x00000000e1200000, 0x00000000e1200000, 0x00000000e1300000|  0%| F|  |TAMS 0x00000000e1200000| PB 0x00000000e1200000| Untracked 
| 531|0x00000000e1300000, 0x00000000e1300000, 0x00000000e1400000|  0%| F|  |TAMS 0x00000000e1300000| PB 0x00000000e1300000| Untracked 
| 532|0x00000000e1400000, 0x00000000e1400000, 0x00000000e1500000|  0%| F|  |TAMS 0x00000000e1400000| PB 0x00000000e1400000| Untracked 
| 533|0x00000000e1500000, 0x00000000e1500000, 0x00000000e1600000|  0%| F|  |TAMS 0x00000000e1500000| PB 0x00000000e1500000| Untracked 
| 534|0x00000000e1600000, 0x00000000e1600000, 0x00000000e1700000|  0%| F|  |TAMS 0x00000000e1600000| PB 0x00000000e1600000| Untracked 
| 535|0x00000000e1700000, 0x00000000e1700000, 0x00000000e1800000|  0%| F|  |TAMS 0x00000000e1700000| PB 0x00000000e1700000| Untracked 
| 536|0x00000000e1800000, 0x00000000e1800000, 0x00000000e1900000|  0%| F|  |TAMS 0x00000000e1800000| PB 0x00000000e1800000| Untracked 
| 537|0x00000000e1900000, 0x00000000e1900000, 0x00000000e1a00000|  0%| F|  |TAMS 0x00000000e1900000| PB 0x00000000e1900000| Untracked 
| 538|0x00000000e1a00000, 0x00000000e1a00000, 0x00000000e1b00000|  0%| F|  |TAMS 0x00000000e1a00000| PB 0x00000000e1a00000| Untracked 
| 539|0x00000000e1b00000, 0x00000000e1b00000, 0x00000000e1c00000|  0%| F|  |TAMS 0x00000000e1b00000| PB 0x00000000e1b00000| Untracked 
| 540|0x00000000e1c00000, 0x00000000e1c00000, 0x00000000e1d00000|  0%| F|  |TAMS 0x00000000e1c00000| PB 0x00000000e1c00000| Untracked 
| 541|0x00000000e1d00000, 0x00000000e1d00000, 0x00000000e1e00000|  0%| F|  |TAMS 0x00000000e1d00000| PB 0x00000000e1d00000| Untracked 
| 542|0x00000000e1e00000, 0x00000000e1e00000, 0x00000000e1f00000|  0%| F|  |TAMS 0x00000000e1e00000| PB 0x00000000e1e00000| Untracked 
| 543|0x00000000e1f00000, 0x00000000e1f00000, 0x00000000e2000000|  0%| F|  |TAMS 0x00000000e1f00000| PB 0x00000000e1f00000| Untracked 
| 544|0x00000000e2000000, 0x00000000e2000000, 0x00000000e2100000|  0%| F|  |TAMS 0x00000000e2000000| PB 0x00000000e2000000| Untracked 
| 545|0x00000000e2100000, 0x00000000e2100000, 0x00000000e2200000|  0%| F|  |TAMS 0x00000000e2100000| PB 0x00000000e2100000| Untracked 
| 546|0x00000000e2200000, 0x00000000e2200000, 0x00000000e2300000|  0%| F|  |TAMS 0x00000000e2200000| PB 0x00000000e2200000| Untracked 
| 547|0x00000000e2300000, 0x00000000e2300000, 0x00000000e2400000|  0%| F|  |TAMS 0x00000000e2300000| PB 0x00000000e2300000| Untracked 
| 548|0x00000000e2400000, 0x00000000e2400000, 0x00000000e2500000|  0%| F|  |TAMS 0x00000000e2400000| PB 0x00000000e2400000| Untracked 
| 549|0x00000000e2500000, 0x00000000e2500000, 0x00000000e2600000|  0%| F|  |TAMS 0x00000000e2500000| PB 0x00000000e2500000| Untracked 
| 550|0x00000000e2600000, 0x00000000e2600000, 0x00000000e2700000|  0%| F|  |TAMS 0x00000000e2600000| PB 0x00000000e2600000| Untracked 
| 551|0x00000000e2700000, 0x00000000e2787ba0, 0x00000000e2800000| 53%| E|  |TAMS 0x00000000e2700000| PB 0x00000000e2700000| Complete 
| 552|0x00000000e2800000, 0x00000000e2900000, 0x00000000e2900000|100%| E|CS|TAMS 0x00000000e2800000| PB 0x00000000e2800000| Complete 
| 553|0x00000000e2900000, 0x00000000e2a00000, 0x00000000e2a00000|100%| E|CS|TAMS 0x00000000e2900000| PB 0x00000000e2900000| Complete 
|1005|0x00000000fed00000, 0x00000000fee00000, 0x00000000fee00000|100%| E|CS|TAMS 0x00000000fed00000| PB 0x00000000fed00000| Complete 
|1006|0x00000000fee00000, 0x00000000fef00000, 0x00000000fef00000|100%| E|CS|TAMS 0x00000000fee00000| PB 0x00000000fee00000| Complete 
|1007|0x00000000fef00000, 0x00000000ff000000, 0x00000000ff000000|100%| E|CS|TAMS 0x00000000fef00000| PB 0x00000000fef00000| Complete 
|1020|0x00000000ffc00000, 0x00000000ffd00000, 0x00000000ffd00000|100%| E|CS|TAMS 0x00000000ffc00000| PB 0x00000000ffc00000| Complete 
|1021|0x00000000ffd00000, 0x00000000ffe00000, 0x00000000ffe00000|100%| E|CS|TAMS 0x00000000ffd00000| PB 0x00000000ffd00000| Complete 
|1022|0x00000000ffe00000, 0x00000000ffe79000, 0x00000000fff00000| 47%|OA|  |TAMS 0x00000000ffe00000| PB 0x00000000ffe00000| Untracked 
|1023|0x00000000fff00000, 0x00000000fff82000, 0x0000000100000000| 50%|CA|  |TAMS 0x00000000fff00000| PB 0x00000000fff00000| Untracked 

Card table byte_map: [0x00001472b4a00000,0x00001472b4c00000] _byte_map_base: 0x00001472b4400000

Marking Bits: (CMBitMap*) 0x00001472c006c590
 Bits: [0x00001472b3800000, 0x00001472b4800000)

Polling page: 0x00001472c6842000

Metaspace:

Usage:
  Non-class:     24.55 MB used.
      Class:      3.72 MB used.
       Both:     28.27 MB used.

Virtual space:
  Non-class space:       64.00 MB reserved,      25.00 MB ( 39%) committed,  1 nodes.
      Class space:        1.00 GB reserved,       4.12 MB ( <1%) committed,  1 nodes.
             Both:        1.06 GB reserved,      29.12 MB (  3%) committed. 

Chunk freelists:
   Non-Class:  2.26 MB
       Class:  3.74 MB
        Both:  6.00 MB

MaxMetaspaceSize: unlimited
CompressedClassSpaceSize: 1.00 GB
Initial GC threshold: 21.00 MB
Current GC threshold: 33.88 MB
CDS: on
MetaspaceReclaimPolicy: balanced
 - commit_granule_bytes: 65536.
 - commit_granule_words: 8192.
 - virtual_space_node_default_size: 8388608.
 - enlarge_chunks_in_place: 1.
 - new_chunks_are_fully_committed: 0.
 - uncommit_free_chunks: 1.
 - use_allocation_guard: 0.


Internal statistics:

num_allocs_failed_limit: 0.
num_arena_births: 1166.
num_arena_deaths: 0.
num_vsnodes_births: 2.
num_vsnodes_deaths: 0.
num_space_committed: 466.
num_space_uncommitted: 0.
num_chunks_returned_to_freelist: 0.
num_chunks_taken_from_freelist: 2212.
num_chunk_merges: 0.
num_chunk_splits: 1476.
num_chunks_enlarged: 956.
num_inconsistent_stats: 0.

CodeCache: size=49152Kb used=10164Kb max_used=10164Kb free=38987Kb
 bounds [0x00001472b4e00000, 0x00001472b57f0000, 0x00001472b7e00000]
 total_blobs=5725 nmethods=5045 adapters=604
 compilation: enabled
              stopped_count=0, restarted_count=0
 full_count=0

Compilation events (20 events):
Event: 4.871 Thread 0x00001472c0419080 5043   !   1       java.lang.invoke.LambdaForm$MH/0x0000000801153000::guardWithCatch (79 bytes)
Event: 4.871 Thread 0x00001472c0419080 nmethod 5043 0x00001472b57e5e90 code [0x00001472b57e6040, 0x00001472b57e6328]
Event: 4.908 Thread 0x00001472c0419080 5044       1       groovyjarjarantlr4.v4.runtime.atn.LexerMoreAction::execute (5 bytes)
Event: 4.908 Thread 0x00001472c0419080 nmethod 5044 0x00001472b57e6510 code [0x00001472b57e6680, 0x00001472b57e6748]
Event: 4.908 Thread 0x00001472c0419080 5045       1       groovyjarjarantlr4.v4.runtime.Lexer::more (7 bytes)
Event: 4.908 Thread 0x00001472c0419080 nmethod 5045 0x00001472b57e6810 code [0x00001472b57e6980, 0x00001472b57e6a48]
Event: 4.908 Thread 0x00001472c0419080 5046       1       groovyjarjarantlr4.v4.runtime.dfa.SingletonEdgeMap::put (95 bytes)
Event: 4.909 Thread 0x00001472c0419080 nmethod 5046 0x00001472b57e6b10 code [0x00001472b57e6d00, 0x00001472b57e72e8]
Event: 4.909 Thread 0x00001472c0419080 5047       1       groovyjarjarantlr4.v4.runtime.dfa.HashEdgeMap::<init> (8 bytes)
Event: 4.909 Thread 0x00001472c0419080 nmethod 5047 0x00001472b57e7490 code [0x00001472b57e7640, 0x00001472b57e79d8]
Event: 4.909 Thread 0x00001472c0419080 5048       1       groovyjarjarantlr4.v4.runtime.dfa.HashEdgeMap::<init> (30 bytes)
Event: 4.909 Thread 0x00001472c0419080 nmethod 5048 0x00001472b57e7b10 code [0x00001472b57e7cc0, 0x00001472b57e8050]
Event: 4.983 Thread 0x00001472640a3c00 5049   !   1       org.apache.groovy.parser.antlr4.GroovyParser::nls (194 bytes)
Event: 4.984 Thread 0x00001472640a3c00 nmethod 5049 0x00001472b57e8190 code [0x00001472b57e83c0, 0x00001472b57e8968]
Event: 4.984 Thread 0x00001472640a3c00 5050       1       org.apache.groovy.parser.antlr4.GroovyParser$NlsContext::<init> (7 bytes)
Event: 4.984 Thread 0x00001472640a3c00 nmethod 5050 0x00001472b57e8f10 code [0x00001472b57e90a0, 0x00001472b57e91e8]
Event: 4.987 Thread 0x00001472c0419080 5051       1       java.util.HashMap$TreeNode::treeify (221 bytes)
Event: 4.988 Thread 0x00001472c0419080 nmethod 5051 0x00001472b57e9290 code [0x00001472b57e9480, 0x00001472b57e99f0]
Event: 4.988 Thread 0x00001472c0419080 5052       1       groovyjarjarantlr4.v4.runtime.atn.ParserATNSimulator::computeStartState (710 bytes)
Event: 4.992 Thread 0x00001472c0419080 nmethod 5052 0x00001472b57e9d10 code [0x00001472b57ea140, 0x00001472b57ebc10]

GC Heap History (16 events):
Event: 1.226 GC heap before
{Heap before GC invocations=0 (full 0):
 garbage-first heap   total 1048576K, used 61420K [0x00000000c0000000, 0x0000000100000000)
  region size 1024K, 51 young (52224K), 0 survivors (0K)
 Metaspace       used 7911K, committed 8256K, reserved 1114112K
  class space    used 938K, committed 1088K, reserved 1048576K
}
Event: 1.246 GC heap after
{Heap after GC invocations=1 (full 0):
 garbage-first heap   total 1048576K, used 14396K [0x00000000c0000000, 0x0000000100000000)
  region size 1024K, 7 young (7168K), 7 survivors (7168K)
 Metaspace       used 7911K, committed 8256K, reserved 1114112K
  class space    used 938K, committed 1088K, reserved 1048576K
}
Event: 2.362 GC heap before
{Heap before GC invocations=1 (full 0):
 garbage-first heap   total 1048576K, used 58428K [0x00000000c0000000, 0x0000000100000000)
  region size 1024K, 51 young (52224K), 7 survivors (7168K)
 Metaspace       used 17086K, committed 17664K, reserved 1114112K
  class space    used 2157K, committed 2432K, reserved 1048576K
}
Event: 2.415 GC heap after
{Heap after GC invocations=2 (full 0):
 garbage-first heap   total 1048576K, used 26058K [0x00000000c0000000, 0x0000000100000000)
  region size 1024K, 7 young (7168K), 7 survivors (7168K)
 Metaspace       used 17086K, committed 17664K, reserved 1114112K
  class space    used 2157K, committed 2432K, reserved 1048576K
}
Event: 2.635 GC heap before
{Heap before GC invocations=2 (full 0):
 garbage-first heap   total 1048576K, used 39370K [0x00000000c0000000, 0x0000000100000000)
  region size 1024K, 21 young (21504K), 7 survivors (7168K)
 Metaspace       used 19958K, committed 20544K, reserved 1114112K
  class space    used 2684K, committed 2944K, reserved 1048576K
}
Event: 2.693 GC heap after
{Heap after GC invocations=3 (full 0):
 garbage-first heap   total 1048576K, used 29676K [0x00000000c0000000, 0x0000000100000000)
  region size 1024K, 3 young (3072K), 3 survivors (3072K)
 Metaspace       used 19958K, committed 20544K, reserved 1114112K
  class space    used 2684K, committed 2944K, reserved 1048576K
}
Event: 3.020 GC heap before
{Heap before GC invocations=4 (full 0):
 garbage-first heap   total 99328K, used 50156K [0x00000000c0000000, 0x0000000100000000)
  region size 1024K, 26 young (26624K), 3 survivors (3072K)
 Metaspace       used 22366K, committed 22976K, reserved 1114112K
  class space    used 2960K, committed 3264K, reserved 1048576K
}
Event: 3.029 GC heap after
{Heap after GC invocations=5 (full 0):
 garbage-first heap   total 99328K, used 29029K [0x00000000c0000000, 0x0000000100000000)
  region size 1024K, 3 young (3072K), 3 survivors (3072K)
 Metaspace       used 22366K, committed 22976K, reserved 1114112K
  class space    used 2960K, committed 3264K, reserved 1048576K
}
Event: 3.904 GC heap before
{Heap before GC invocations=5 (full 0):
 garbage-first heap   total 99328K, used 74085K [0x00000000c0000000, 0x0000000100000000)
  region size 1024K, 47 young (48128K), 3 survivors (3072K)
 Metaspace       used 27822K, committed 28544K, reserved 1114112K
  class space    used 3635K, committed 3968K, reserved 1048576K
}
Event: 3.969 GC heap after
{Heap after GC invocations=6 (full 0):
 garbage-first heap   total 99328K, used 37356K [0x00000000c0000000, 0x0000000100000000)
  region size 1024K, 6 young (6144K), 6 survivors (6144K)
 Metaspace       used 27822K, committed 28544K, reserved 1114112K
  class space    used 3635K, committed 3968K, reserved 1048576K
}
Event: 4.097 GC heap before
{Heap before GC invocations=6 (full 0):
 garbage-first heap   total 99328K, used 63980K [0x00000000c0000000, 0x0000000100000000)
  region size 1024K, 32 young (32768K), 6 survivors (6144K)
 Metaspace       used 27826K, committed 28544K, reserved 1114112K
  class space    used 3635K, committed 3968K, reserved 1048576K
}
Event: 4.128 GC heap after
{Heap after GC invocations=7 (full 0):
 garbage-first heap   total 99328K, used 39916K [0x00000000c0000000, 0x0000000100000000)
  region size 1024K, 2 young (2048K), 2 survivors (2048K)
 Metaspace       used 27826K, committed 28544K, reserved 1114112K
  class space    used 3635K, committed 3968K, reserved 1048576K
}
Event: 4.495 GC heap before
{Heap before GC invocations=7 (full 0):
 garbage-first heap   total 99328K, used 81900K [0x00000000c0000000, 0x0000000100000000)
  region size 1024K, 43 young (44032K), 2 survivors (2048K)
 Metaspace       used 28230K, committed 28992K, reserved 1114112K
  class space    used 3705K, committed 4096K, reserved 1048576K
}
Event: 4.508 GC heap after
{Heap after GC invocations=8 (full 0):
 garbage-first heap   total 99328K, used 42828K [0x00000000c0000000, 0x0000000100000000)
  region size 1024K, 5 young (5120K), 5 survivors (5120K)
 Metaspace       used 28230K, committed 28992K, reserved 1114112K
  class space    used 3705K, committed 4096K, reserved 1048576K
}
Event: 4.925 GC heap before
{Heap before GC invocations=8 (full 0):
 garbage-first heap   total 99328K, used 83788K [0x00000000c0000000, 0x0000000100000000)
  region size 1024K, 45 young (46080K), 5 survivors (5120K)
 Metaspace       used 28946K, committed 29824K, reserved 1114112K
  class space    used 3807K, committed 4224K, reserved 1048576K
}
Event: 4.960 GC heap after
{Heap after GC invocations=9 (full 0):
 garbage-first heap   total 574464K, used 46350K [0x00000000c0000000, 0x0000000100000000)
  region size 1024K, 4 young (4096K), 4 survivors (4096K)
 Metaspace       used 28946K, committed 29824K, reserved 1114112K
  class space    used 3807K, committed 4224K, reserved 1048576K
}

Dll operation events (10 events):
Event: 0.004 Loaded shared library /opt/apps/oracle-java/20.0.1/lib/libjava.so
Event: 0.037 Loaded shared library /opt/apps/oracle-java/20.0.1/lib/libjsvml.so
Event: 0.088 Loaded shared library /opt/apps/oracle-java/20.0.1/lib/libnio.so
Event: 0.118 Loaded shared library /opt/apps/oracle-java/20.0.1/lib/libzip.so
Event: 0.205 Loaded shared library /opt/apps/oracle-java/20.0.1/lib/libjimage.so
Event: 1.022 Loaded shared library /opt/apps/oracle-java/20.0.1/lib/libnet.so
Event: 1.347 Loaded shared library /opt/apps/oracle-java/20.0.1/lib/libverify.so
Event: 1.965 Loaded shared library /tmp/libjansi-64.so
Event: 3.338 Loaded shared library /opt/apps/oracle-java/20.0.1/lib/libmanagement.so
Event: 3.340 Loaded shared library /opt/apps/oracle-java/20.0.1/lib/libmanagement_ext.so

Deoptimization events (16 events):
Event: 1.131 Thread 0x00001472c002b5a0 DEOPT PACKING pc=0x00001472b5261ddc sp=0x00001472c6717da0
Event: 1.131 Thread 0x00001472c002b5a0 DEOPT UNPACKING pc=0x00001472b4e699af sp=0x00001472c6717298 mode 0
Event: 1.583 Thread 0x00001472c002b5a0 DEOPT PACKING pc=0x00001472b533d139 sp=0x00001472c6718700
Event: 1.583 Thread 0x00001472c002b5a0 DEOPT UNPACKING pc=0x00001472b4e699af sp=0x00001472c6717c00 mode 3
Event: 1.771 Thread 0x00001472c002b5a0 DEOPT PACKING pc=0x00001472b525abb4 sp=0x00001472c6718190
Event: 1.771 Thread 0x00001472c002b5a0 DEOPT UNPACKING pc=0x00001472b4e699af sp=0x00001472c67176d8 mode 0
Event: 2.727 Thread 0x00001472c002b5a0 DEOPT PACKING pc=0x00001472b5538e14 sp=0x00001472c6713fc0
Event: 2.727 Thread 0x00001472c002b5a0 DEOPT UNPACKING pc=0x00001472b4e699af sp=0x00001472c6713468 mode 0
Event: 2.727 Thread 0x00001472c002b5a0 DEOPT PACKING pc=0x00001472b5539ff4 sp=0x00001472c67140b0
Event: 2.727 Thread 0x00001472c002b5a0 DEOPT UNPACKING pc=0x00001472b4e699af sp=0x00001472c67135f8 mode 0
Event: 2.859 Thread 0x00001472c002b5a0 DEOPT PACKING pc=0x00001472b52a09fc sp=0x00001472c6714540
Event: 2.859 Thread 0x00001472c002b5a0 DEOPT UNPACKING pc=0x00001472b4e699af sp=0x00001472c6713a60 mode 0
Event: 3.067 Thread 0x00001472c002b5a0 DEOPT PACKING pc=0x00001472b54d7784 sp=0x00001472c6714a30
Event: 3.067 Thread 0x00001472c002b5a0 DEOPT UNPACKING pc=0x00001472b4e699af sp=0x00001472c6714058 mode 0
Event: 4.851 Thread 0x00001472c002b5a0 DEOPT PACKING pc=0x00001472b57d8605 sp=0x00001472c67170f0
Event: 4.851 Thread 0x00001472c002b5a0 DEOPT UNPACKING pc=0x00001472b4e699af sp=0x00001472c6716638 mode 3

Classes loaded (20 events):
Event: 4.665 Loading class java/util/ListCustomizer
Event: 4.665 Loading class java/util/ListCustomizer done
Event: 4.689 Loading class java/lang/EnumBeanInfo
Event: 4.689 Loading class java/lang/EnumBeanInfo done
Event: 4.690 Loading class java/lang/EnumBeanInfo
Event: 4.690 Loading class java/lang/EnumBeanInfo done
Event: 4.690 Loading class java/lang/EnumCustomizer
Event: 4.690 Loading class java/lang/EnumCustomizer done
Event: 4.690 Loading class java/lang/EnumCustomizer
Event: 4.690 Loading class java/lang/EnumCustomizer done
Event: 4.768 Loading class java/util/LinkedHashSetBeanInfo
Event: 4.768 Loading class java/util/LinkedHashSetBeanInfo done
Event: 4.768 Loading class java/util/LinkedHashSetBeanInfo
Event: 4.768 Loading class java/util/LinkedHashSetBeanInfo done
Event: 4.769 Loading class java/util/LinkedHashSetCustomizer
Event: 4.769 Loading class java/util/LinkedHashSetCustomizer done
Event: 4.769 Loading class java/util/LinkedHashSetCustomizer
Event: 4.769 Loading class java/util/LinkedHashSetCustomizer done
Event: 4.770 Loading class java/util/concurrent/CopyOnWriteArraySet
Event: 4.770 Loading class java/util/concurrent/CopyOnWriteArraySet done

Classes unloaded (0 events):
No events

Classes redefined (0 events):
No events

Internal exceptions (20 events):
Event: 4.748 Thread 0x00001472c002b5a0 Exception <a 'java/lang/NoSuchMethodError'{0x00000000c4ad9a00}: 'java.lang.Object java.lang.invoke.DirectMethodHandle$Holder.newInvokeSpecial(java.lang.Object, java.lang.Object, int, int)'> (0x00000000c4ad9a00) 
thrown [open/src/hotspot/share/interpreter/linkResolver.cpp, line 772]
Event: 4.750 Thread 0x00001472c002b5a0 Exception <a 'java/lang/ClassNotFoundException'{0x00000000c4903e70}: nextflow/script/BodyDefBeanInfo> (0x00000000c4903e70) 
thrown [open/src/hotspot/share/classfile/systemDictionary.cpp, line 305]
Event: 4.750 Thread 0x00001472c002b5a0 Exception <a 'java/lang/ClassNotFoundException'{0x00000000c4905b70}: nextflow/script/BodyDefCustomizer> (0x00000000c4905b70) 
thrown [open/src/hotspot/share/classfile/systemDictionary.cpp, line 305]
Event: 4.753 Thread 0x00001472c002b5a0 Exception <a 'java/lang/ClassNotFoundException'{0x00000000c4944878}: nextflow/script/ScriptTypeBeanInfo> (0x00000000c4944878) 
thrown [open/src/hotspot/share/classfile/systemDictionary.cpp, line 305]
Event: 4.754 Thread 0x00001472c002b5a0 Exception <a 'java/lang/ClassNotFoundException'{0x00000000c4946590}: nextflow/script/ScriptTypeCustomizer> (0x00000000c4946590) 
thrown [open/src/hotspot/share/classfile/systemDictionary.cpp, line 305]
Event: 4.758 Thread 0x00001472c002b5a0 Exception <a 'java/lang/ClassNotFoundException'{0x00000000c498bbf8}: nextflow/script/ProcessDefBeanInfo> (0x00000000c498bbf8) 
thrown [open/src/hotspot/share/classfile/systemDictionary.cpp, line 305]
Event: 4.758 Thread 0x00001472c002b5a0 Exception <a 'java/lang/ClassNotFoundException'{0x00000000c498d940}: nextflow/script/BindableDefBeanInfo> (0x00000000c498d940) 
thrown [open/src/hotspot/share/classfile/systemDictionary.cpp, line 305]
Event: 4.758 Thread 0x00001472c002b5a0 Exception <a 'java/lang/ClassNotFoundException'{0x00000000c498f658}: nextflow/script/BindableDefCustomizer> (0x00000000c498f658) 
thrown [open/src/hotspot/share/classfile/systemDictionary.cpp, line 305]
Event: 4.759 Thread 0x00001472c002b5a0 Exception <a 'java/lang/ClassNotFoundException'{0x00000000c4995a60}: nextflow/script/ProcessDefCustomizer> (0x00000000c4995a60) 
thrown [open/src/hotspot/share/classfile/systemDictionary.cpp, line 305]
Event: 4.764 Thread 0x00001472c002b5a0 Exception <a 'java/lang/ClassNotFoundException'{0x00000000c49f7540}: nextflow/script/WorkflowDefBeanInfo> (0x00000000c49f7540) 
thrown [open/src/hotspot/share/classfile/systemDictionary.cpp, line 305]
Event: 4.764 Thread 0x00001472c002b5a0 Exception <a 'java/lang/ClassNotFoundException'{0x00000000c49f8a48}: nextflow/script/WorkflowDefCustomizer> (0x00000000c49f8a48) 
thrown [open/src/hotspot/share/classfile/systemDictionary.cpp, line 305]
Event: 4.766 Thread 0x00001472c002b5a0 Exception <a 'java/lang/ClassNotFoundException'{0x00000000c4822ad0}: nextflow/script/WorkflowParamsDslBeanInfo> (0x00000000c4822ad0) 
thrown [open/src/hotspot/share/classfile/systemDictionary.cpp, line 305]
Event: 4.766 Thread 0x00001472c002b5a0 Exception <a 'java/lang/ClassNotFoundException'{0x00000000c4824020}: nextflow/script/WorkflowParamsDslCustomizer> (0x00000000c4824020) 
thrown [open/src/hotspot/share/classfile/systemDictionary.cpp, line 305]
Event: 4.769 Thread 0x00001472c002b5a0 Exception <a 'java/lang/ClassNotFoundException'{0x00000000c484d310}: java/util/LinkedHashSetBeanInfo> (0x00000000c484d310) 
thrown [open/src/hotspot/share/classfile/systemDictionary.cpp, line 305]
Event: 4.769 Thread 0x00001472c002b5a0 Exception <a 'java/lang/ClassNotFoundException'{0x00000000c484dff8}: java/util/LinkedHashSetCustomizer> (0x00000000c484dff8) 
thrown [open/src/hotspot/share/classfile/systemDictionary.cpp, line 305]
Event: 4.851 Thread 0x00001472c002b5a0 Implicit null exception at 0x00001472b57d7fdb to 0x00001472b57d8600
Event: 4.856 Thread 0x00001472c002b5a0 Exception <a 'java/lang/ClassNotFoundException'{0x00000000c3c3ae80}: Script_5cd5f6c31afa9fd5BeanInfo> (0x00000000c3c3ae80) 
thrown [open/src/hotspot/share/classfile/systemDictionary.cpp, line 305]
Event: 4.857 Thread 0x00001472c002b5a0 Exception <a 'java/lang/ClassNotFoundException'{0x00000000c3c3dfc8}: Script_5cd5f6c31afa9fd5Customizer> (0x00000000c3c3dfc8) 
thrown [open/src/hotspot/share/classfile/systemDictionary.cpp, line 305]
Event: 4.867 Thread 0x00001472c002b5a0 Exception <a 'java/lang/ClassNotFoundException'{0x00000000c3cd88a0}: nextflow/script/params/ValueInParamBeanInfo> (0x00000000c3cd88a0) 
thrown [open/src/hotspot/share/classfile/systemDictionary.cpp, line 305]
Event: 4.867 Thread 0x00001472c002b5a0 Exception <a 'java/lang/ClassNotFoundException'{0x00000000c3cda618}: nextflow/script/params/ValueInParamCustomizer> (0x00000000c3cda618) 
thrown [open/src/hotspot/share/classfile/systemDictionary.cpp, line 305]

VM Operations (20 events):
Event: 3.692 Executing VM operation: HandshakeAllThreads
Event: 3.692 Executing VM operation: HandshakeAllThreads done
Event: 3.751 Executing VM operation: HandshakeAllThreads
Event: 3.751 Executing VM operation: HandshakeAllThreads done
Event: 3.811 Executing VM operation: HandshakeAllThreads
Event: 3.811 Executing VM operation: HandshakeAllThreads done
Event: 3.817 Executing VM operation: HandshakeAllThreads
Event: 3.817 Executing VM operation: HandshakeAllThreads done
Event: 3.825 Executing VM operation: ICBufferFull
Event: 3.826 Executing VM operation: ICBufferFull done
Event: 3.904 Executing VM operation: G1CollectForAllocation
Event: 3.970 Executing VM operation: G1CollectForAllocation done
Event: 4.097 Executing VM operation: G1CollectForAllocation
Event: 4.128 Executing VM operation: G1CollectForAllocation done
Event: 4.442 Executing VM operation: ICBufferFull
Event: 4.442 Executing VM operation: ICBufferFull done
Event: 4.495 Executing VM operation: G1CollectForAllocation
Event: 4.508 Executing VM operation: G1CollectForAllocation done
Event: 4.924 Executing VM operation: G1CollectForAllocation
Event: 4.960 Executing VM operation: G1CollectForAllocation done

Events (20 events):
Event: 0.049 Thread 0x00001472c0419080 Thread added: 0x00001472c0419080
Event: 0.049 Protecting memory [0x00001472b0cf8000,0x00001472b0cfc000] with protection modes 0
Event: 0.059 Thread 0x00001472640a3c00 Thread added: 0x00001472640a3c00
Event: 0.064 Protecting memory [0x00001472b0bf8000,0x00001472b0bfc000] with protection modes 0
Event: 0.078 Thread 0x00001472c0466340 Thread added: 0x00001472c0466340
Event: 0.078 Protecting memory [0x00001472b0af8000,0x00001472b0afc000] with protection modes 0
Event: 0.084 Thread 0x00001472c0468750 Thread added: 0x00001472c0468750
Event: 0.084 Protecting memory [0x00001472b09f8000,0x00001472b09fc000] with protection modes 0
Event: 1.964 Thread 0x00001472c08f44c0 Thread added: 0x00001472c08f44c0
Event: 1.964 Protecting memory [0x00001472b0591000,0x00001472b0595000] with protection modes 0
Event: 2.324 Thread 0x00001472c0a35380 Thread added: 0x00001472c0a35380
Event: 2.324 Protecting memory [0x00001472b0491000,0x00001472b0495000] with protection modes 0
Event: 2.327 Thread 0x00001472c0a38370 Thread added: 0x00001472c0a38370
Event: 2.327 Protecting memory [0x00001472b0100000,0x00001472b0104000] with protection modes 0
Event: 3.398 Thread 0x00001472c0e19ed0 Thread added: 0x00001472c0e19ed0
Event: 3.398 Protecting memory [0x00001472b0000000,0x00001472b0004000] with protection modes 0
Event: 3.762 Thread 0x00001472c0eb1a60 Thread added: 0x00001472c0eb1a60
Event: 3.762 Protecting memory [0x00001472abd00000,0x00001472abd04000] with protection modes 0
Event: 3.787 Thread 0x00001472c0eb4660 Thread added: 0x00001472c0eb4660
Event: 3.787 Protecting memory [0x00001472abc00000,0x00001472abc04000] with protection modes 0


Dynamic libraries:
c0000000-e2a00000 rw-p 00000000 00:00 0 
e2a00000-fed00000 ---p 00000000 00:00 0 
fed00000-ff000000 rw-p 00000000 00:00 0 
ff000000-ffc00000 ---p 00000000 00:00 0 
ffc00000-ffe00000 rw-p 00000000 00:00 0 
ffe00000-ffe79000 rw-p 00d34000 00:32 2690282609                         /opt/apps/oracle-java/20.0.1/lib/server/classes.jsa
ffe79000-fff00000 rw-p 00000000 00:00 0 
fff00000-fff82000 rw-p 00cb2000 00:32 2690282609                         /opt/apps/oracle-java/20.0.1/lib/server/classes.jsa
fff82000-100000000 rw-p 00000000 00:00 0 
800000000-800481000 rw-p 00001000 00:32 2690282609                       /opt/apps/oracle-java/20.0.1/lib/server/classes.jsa
800481000-800c75000 r--p 00482000 00:32 2690282609                       /opt/apps/oracle-java/20.0.1/lib/server/classes.jsa
800c75000-801000000 ---p 00000000 00:00 0 
801000000-801030000 rw-p 00000000 00:00 0 
801030000-801070000 rw-p 00000000 00:00 0 
801070000-8010d0000 rw-p 00000000 00:00 0 
8010d0000-8010f0000 rw-p 00000000 00:00 0 
8010f0000-8011b0000 rw-p 00000000 00:00 0 
8011b0000-8011f0000 rw-p 00000000 00:00 0 
8011f0000-801230000 rw-p 00000000 00:00 0 
801230000-801270000 rw-p 00000000 00:00 0 
801270000-8013b0000 rw-p 00000000 00:00 0 
8013b0000-8013d0000 rw-p 00000000 00:00 0 
8013d0000-801400000 ---p 00000000 00:00 0 
801400000-801450000 rw-p 00000000 00:00 0 
801450000-841000000 ---p 00000000 00:00 0 
147224000000-147224021000 rw-p 00000000 00:00 0 
147224021000-147228000000 ---p 00000000 00:00 0 
147228000000-147228021000 rw-p 00000000 00:00 0 
147228021000-14722c000000 ---p 00000000 00:00 0 
147230000000-147230021000 rw-p 00000000 00:00 0 
147230021000-147234000000 ---p 00000000 00:00 0 
147234000000-147234021000 rw-p 00000000 00:00 0 
147234021000-147238000000 ---p 00000000 00:00 0 
14723c000000-14723c021000 rw-p 00000000 00:00 0 
14723c021000-147240000000 ---p 00000000 00:00 0 
147240000000-147240021000 rw-p 00000000 00:00 0 
147240021000-147244000000 ---p 00000000 00:00 0 
147248000000-147248027000 rw-p 00000000 00:00 0 
147248027000-14724c000000 ---p 00000000 00:00 0 
14724c000000-14724c021000 rw-p 00000000 00:00 0 
14724c021000-147250000000 ---p 00000000 00:00 0 
147254000000-147254021000 rw-p 00000000 00:00 0 
147254021000-147258000000 ---p 00000000 00:00 0 
147258000000-147258021000 rw-p 00000000 00:00 0 
147258021000-14725c000000 ---p 00000000 00:00 0 
147260000000-1472603f1000 rw-p 00000000 00:00 0 
1472603f1000-147264000000 ---p 00000000 00:00 0 
147264000000-1472643b1000 rw-p 00000000 00:00 0 
1472643b1000-147268000000 ---p 00000000 00:00 0 
14726c000000-14726c021000 rw-p 00000000 00:00 0 
14726c021000-147270000000 ---p 00000000 00:00 0 
147270000000-147270021000 rw-p 00000000 00:00 0 
147270021000-147274000000 ---p 00000000 00:00 0 
147278000000-147278021000 rw-p 00000000 00:00 0 
147278021000-14727c000000 ---p 00000000 00:00 0 
14727c000000-14727c021000 rw-p 00000000 00:00 0 
14727c021000-147280000000 ---p 00000000 00:00 0 
147284000000-147284021000 rw-p 00000000 00:00 0 
147284021000-147288000000 ---p 00000000 00:00 0 
147288000000-147288021000 rw-p 00000000 00:00 0 
147288021000-14728c000000 ---p 00000000 00:00 0 
147290000000-1472903f0000 rw-p 00000000 00:00 0 
1472903f0000-147290c70000 rw-p 00000000 00:00 0 
147290c70000-147290cf0000 rw-p 00000000 00:00 0 
147290cf0000-147290ef0000 rw-p 00000000 00:00 0 
147290ef0000-1472916f0000 rw-p 00000000 00:00 0 
1472916f0000-147291740000 rw-p 00000000 00:00 0 
147291740000-147291800000 ---p 00000000 00:00 0 
147291800000-1472919c0000 rw-p 00000000 00:00 0 
1472919c0000-147294000000 ---p 00000000 00:00 0 
147294000000-147294021000 rw-p 00000000 00:00 0 
147294021000-147298000000 ---p 00000000 00:00 0 
147298000000-147298021000 rw-p 00000000 00:00 0 
147298021000-14729c000000 ---p 00000000 00:00 0 
1472a0000000-1472a0021000 rw-p 00000000 00:00 0 
1472a0021000-1472a4000000 ---p 00000000 00:00 0 
1472a4000000-1472a4021000 rw-p 00000000 00:00 0 
1472a4021000-1472a8000000 ---p 00000000 00:00 0 
1472ab814000-1472abc00000 rw-p 00000000 00:00 0 
1472abc00000-1472abc04000 ---p 00000000 00:00 0 
1472abc04000-1472abd00000 rw-p 00000000 00:00 0 
1472abd00000-1472abd04000 ---p 00000000 00:00 0 
1472abd04000-1472abe00000 rw-p 00000000 00:00 0 
1472abe00000-1472abf00000 rw-s 00000000 00:31 390171058448               /mnt/data/sur/users/mmontante/SimulacionesMetabolicas/.nextflow/cache/022d4cad-faaf-425d-ac11-b2fcb329dad8/db/MANIFEST-000002
1472abf00000-1472ac000000 rw-s 00000000 00:31 390171058447               /mnt/data/sur/users/mmontante/SimulacionesMetabolicas/.nextflow/cache/022d4cad-faaf-425d-ac11-b2fcb329dad8/db/000003.log
1472ac000000-1472ac021000 rw-p 00000000 00:00 0 
1472ac021000-1472b0004000 ---p 00000000 00:00 0 
1472b0004000-1472b0100000 rw-p 00000000 00:00 0 
1472b0100000-1472b0104000 ---p 00000000 00:00 0 
1472b0104000-1472b0200000 rw-p 00000000 00:00 0 
1472b0200000-1472b0201000 r-xp 00000000 fd:00 1074693909                 /tmp/libjansi-64.so
1472b0201000-1472b0400000 ---p 00001000 fd:00 1074693909                 /tmp/libjansi-64.so
1472b0400000-1472b0401000 rw-p 00000000 fd:00 1074693909                 /tmp/libjansi-64.so
1472b0491000-1472b0495000 ---p 00000000 00:00 0 
1472b0495000-1472b0591000 rw-p 00000000 00:00 0 
1472b0591000-1472b0595000 ---p 00000000 00:00 0 
1472b0595000-1472b05b3000 rw-p 00000000 00:00 0 
1472b05b3000-1472b05b4000 ---p 00000000 00:00 0 
1472b05b4000-1472b06b5000 rw-p 00000000 00:00 0 
1472b06b5000-1472b08f6000 rw-p 00000000 00:00 0 
1472b08f6000-1472b08f7000 ---p 00000000 00:00 0 
1472b08f7000-1472b09f8000 rw-p 00000000 00:00 0 
1472b09f8000-1472b09fc000 ---p 00000000 00:00 0 
1472b09fc000-1472b0af8000 rw-p 00000000 00:00 0 
1472b0af8000-1472b0afc000 ---p 00000000 00:00 0 
1472b0afc000-1472b0bf8000 rw-p 00000000 00:00 0 
1472b0bf8000-1472b0bfc000 ---p 00000000 00:00 0 
1472b0bfc000-1472b0cf8000 rw-p 00000000 00:00 0 
1472b0cf8000-1472b0cfc000 ---p 00000000 00:00 0 
1472b0cfc000-1472b0df8000 rw-p 00000000 00:00 0 
1472b0df8000-1472b0dfc000 ---p 00000000 00:00 0 
1472b0dfc000-1472b0ef8000 rw-p 00000000 00:00 0 
1472b0ef8000-1472b0efc000 ---p 00000000 00:00 0 
1472b0efc000-1472b0ff8000 rw-p 00000000 00:00 0 
1472b0ff8000-1472b0ffc000 ---p 00000000 00:00 0 
1472b0ffc000-1472b10f8000 rw-p 00000000 00:00 0 
1472b10f8000-1472b10fc000 ---p 00000000 00:00 0 
1472b10fc000-1472b11f8000 rw-p 00000000 00:00 0 
1472b11f8000-1472b11fc000 ---p 00000000 00:00 0 
1472b11fc000-1472b12f8000 rw-p 00000000 00:00 0 
1472b12f8000-1472b12f9000 ---p 00000000 00:00 0 
1472b12f9000-1472b13fa000 rw-p 00000000 00:00 0 
1472b13fa000-1472b13fb000 ---p 00000000 00:00 0 
1472b13fb000-1472b14fc000 rw-p 00000000 00:00 0 
1472b14fc000-1472b14fd000 ---p 00000000 00:00 0 
1472b14fd000-1472b15fe000 rw-p 00000000 00:00 0 
1472b15fe000-1472b40a8000 rw-p 00000000 00:00 0 
1472b40a8000-1472b47b4000 ---p 00000000 00:00 0 
1472b47b4000-1472b47c0000 rw-p 00000000 00:00 0 
1472b47c0000-1472b47f0000 ---p 00000000 00:00 0 
1472b47f0000-1472b4915000 rw-p 00000000 00:00 0 
1472b4915000-1472b49f6000 ---p 00000000 00:00 0 
1472b49f6000-1472b49f8000 rw-p 00000000 00:00 0 
1472b49f8000-1472b49fe000 ---p 00000000 00:00 0 
1472b49fe000-1472b49ff000 rw-p 00000000 00:00 0 
1472b49ff000-1472b4b15000 rw-p 00000000 00:00 0 
1472b4b15000-1472b4bf6000 ---p 00000000 00:00 0 
1472b4bf6000-1472b4bf8000 rw-p 00000000 00:00 0 
1472b4bf8000-1472b4bfe000 ---p 00000000 00:00 0 
1472b4bfe000-1472b4d15000 rw-p 00000000 00:00 0 
1472b4d15000-1472b4df6000 ---p 00000000 00:00 0 
1472b4df6000-1472b4df8000 rw-p 00000000 00:00 0 
1472b4df8000-1472b4dfe000 ---p 00000000 00:00 0 
1472b4dfe000-1472b4e00000 rw-p 00000000 00:00 0 
1472b4e00000-1472b57f0000 rwxp 00000000 00:00 0 
1472b57f0000-1472b7e00000 ---p 00000000 00:00 0 
1472b7e0e000-1472b7edc000 r-xp 00000000 00:32 1075234338                 /opt/apps/oracle-java/20.0.1/lib/libjsvml.so
1472b7edc000-1472b7edd000 r--p 000cd000 00:32 1075234338                 /opt/apps/oracle-java/20.0.1/lib/libjsvml.so
1472b7edd000-1472b7ede000 rw-p 000ce000 00:32 1075234338                 /opt/apps/oracle-java/20.0.1/lib/libjsvml.so
1472b7ede000-1472c0000000 r--s 00000000 00:32 1075234354                 /opt/apps/oracle-java/20.0.1/lib/modules
1472c0000000-1472c0fb1000 rw-p 00000000 00:00 0 
1472c0fb1000-1472c4000000 ---p 00000000 00:00 0 
1472c4012000-1472c401f000 r-xp 00000000 00:32 1075234352                 /opt/apps/oracle-java/20.0.1/lib/libverify.so
1472c401f000-1472c4021000 r--p 0000c000 00:32 1075234352                 /opt/apps/oracle-java/20.0.1/lib/libverify.so
1472c4021000-1472c4022000 rw-p 0000e000 00:32 1075234352                 /opt/apps/oracle-java/20.0.1/lib/libverify.so
1472c4022000-1472c4077000 r--p 00000000 fd:00 1610677145                 /usr/lib/locale/C.utf8/LC_CTYPE
1472c4077000-1472c40f8000 rw-p 00000000 00:00 0 
1472c40f8000-1472c40f9000 ---p 00000000 00:00 0 
1472c40f9000-1472c41fa000 rw-p 00000000 00:00 0 
1472c41fa000-1472c41fb000 ---p 00000000 00:00 0 
1472c41fb000-1472c42fc000 rw-p 00000000 00:00 0 
1472c42fc000-1472c42fd000 ---p 00000000 00:00 0 
1472c42fd000-1472c43fe000 rw-p 00000000 00:00 0 
1472c43fe000-1472c4600000 rw-p 00000000 00:00 0 
1472c4600000-1472c4ed4000 r--s 00000000 fd:00 1611280663                 /var/lib/sss/mc/passwd
1472c4ed4000-1472c4eda000 r-xp 00000000 00:32 1075234342                 /opt/apps/oracle-java/20.0.1/lib/libmanagement_ext.so
1472c4eda000-1472c4edb000 r--p 00005000 00:32 1075234342                 /opt/apps/oracle-java/20.0.1/lib/libmanagement_ext.so
1472c4edb000-1472c4edc000 rw-p 00006000 00:32 1075234342                 /opt/apps/oracle-java/20.0.1/lib/libmanagement_ext.so
1472c4edc000-1472c4ee0000 r-xp 00000000 00:32 1075234340                 /opt/apps/oracle-java/20.0.1/lib/libmanagement.so
1472c4ee0000-1472c4ee1000 r--p 00003000 00:32 1075234340                 /opt/apps/oracle-java/20.0.1/lib/libmanagement.so
1472c4ee1000-1472c4ee2000 rw-p 00004000 00:32 1075234340                 /opt/apps/oracle-java/20.0.1/lib/libmanagement.so
1472c4ee2000-1472c4ee9000 r-xp 00000000 00:32 1075234353                 /opt/apps/oracle-java/20.0.1/lib/libzip.so
1472c4ee9000-1472c4eea000 ---p 00007000 00:32 1075234353                 /opt/apps/oracle-java/20.0.1/lib/libzip.so
1472c4eea000-1472c4eeb000 r--p 00007000 00:32 1075234353                 /opt/apps/oracle-java/20.0.1/lib/libzip.so
1472c4eeb000-1472c4eec000 rw-p 00008000 00:32 1075234353                 /opt/apps/oracle-java/20.0.1/lib/libzip.so
1472c4eec000-1472c4ef8000 r-xp 00000000 00:32 1075234344                 /opt/apps/oracle-java/20.0.1/lib/libnet.so
1472c4ef8000-1472c4ef9000 r--p 0000b000 00:32 1075234344                 /opt/apps/oracle-java/20.0.1/lib/libnet.so
1472c4ef9000-1472c4efa000 rw-p 0000c000 00:32 1075234344                 /opt/apps/oracle-java/20.0.1/lib/libnet.so
1472c4efa000-1472c4f0d000 r-xp 00000000 00:32 1075234345                 /opt/apps/oracle-java/20.0.1/lib/libnio.so
1472c4f0d000-1472c4f0e000 ---p 00013000 00:32 1075234345                 /opt/apps/oracle-java/20.0.1/lib/libnio.so
1472c4f0e000-1472c4f0f000 r--p 00013000 00:32 1075234345                 /opt/apps/oracle-java/20.0.1/lib/libnio.so
1472c4f0f000-1472c4f10000 rw-p 00014000 00:32 1075234345                 /opt/apps/oracle-java/20.0.1/lib/libnio.so
1472c4f10000-1472c4fe3000 rw-p 00000000 00:00 0 
1472c4fe3000-1472c502f000 ---p 00000000 00:00 0 
1472c502f000-1472c5055000 r-xp 00000000 00:32 1075234330                 /opt/apps/oracle-java/20.0.1/lib/libjava.so
1472c5055000-1472c5056000 ---p 00026000 00:32 1075234330                 /opt/apps/oracle-java/20.0.1/lib/libjava.so
1472c5056000-1472c5057000 r--p 00026000 00:32 1075234330                 /opt/apps/oracle-java/20.0.1/lib/libjava.so
1472c5057000-1472c5058000 rw-p 00027000 00:32 1075234330                 /opt/apps/oracle-java/20.0.1/lib/libjava.so
1472c5058000-1472c5059000 rw-p 00000000 00:00 0 
1472c5059000-1472c505b000 r--p 00000000 fd:00 169914                     /usr/lib64/libnss_sss.so.2
1472c505b000-1472c5063000 r-xp 00002000 fd:00 169914                     /usr/lib64/libnss_sss.so.2
1472c5063000-1472c5065000 r--p 0000a000 fd:00 169914                     /usr/lib64/libnss_sss.so.2
1472c5065000-1472c5066000 r--p 0000b000 fd:00 169914                     /usr/lib64/libnss_sss.so.2
1472c5066000-1472c5067000 rw-p 0000c000 fd:00 169914                     /usr/lib64/libnss_sss.so.2
1472c5067000-1472c5082000 r-xp 00000000 00:32 1075234334                 /opt/apps/oracle-java/20.0.1/lib/libjimage.so
1472c5082000-1472c5083000 ---p 0001b000 00:32 1075234334                 /opt/apps/oracle-java/20.0.1/lib/libjimage.so
1472c5083000-1472c5085000 r--p 0001b000 00:32 1075234334                 /opt/apps/oracle-java/20.0.1/lib/libjimage.so
1472c5085000-1472c5086000 rw-p 0001d000 00:32 1075234334                 /opt/apps/oracle-java/20.0.1/lib/libjimage.so
1472c5086000-1472c62a2000 r-xp 00000000 00:32 2690282612                 /opt/apps/oracle-java/20.0.1/lib/server/libjvm.so
1472c62a2000-1472c636c000 r--p 0121b000 00:32 2690282612                 /opt/apps/oracle-java/20.0.1/lib/server/libjvm.so
1472c636c000-1472c63a1000 rw-p 012e5000 00:32 2690282612                 /opt/apps/oracle-java/20.0.1/lib/server/libjvm.so
1472c63a1000-1472c6400000 rw-p 00000000 00:00 0 
1472c6400000-1472c6429000 r--p 00000000 fd:00 169478                     /usr/lib64/libc.so.6
1472c6429000-1472c659e000 r-xp 00029000 fd:00 169478                     /usr/lib64/libc.so.6
1472c659e000-1472c65f6000 r--p 0019e000 fd:00 169478                     /usr/lib64/libc.so.6
1472c65f6000-1472c65fa000 r--p 001f6000 fd:00 169478                     /usr/lib64/libc.so.6
1472c65fa000-1472c65fc000 rw-p 001fa000 fd:00 169478                     /usr/lib64/libc.so.6
1472c65fc000-1472c6609000 rw-p 00000000 00:00 0 
1472c660e000-1472c660f000 r--p 00000000 fd:00 1610677150                 /usr/lib/locale/C.utf8/LC_NUMERIC
1472c660f000-1472c6610000 r--p 00000000 fd:00 1610677153                 /usr/lib/locale/C.utf8/LC_TIME
1472c6610000-1472c6611000 r--p 00000000 fd:00 1610677144                 /usr/lib/locale/C.utf8/LC_COLLATE
1472c6611000-1472c6612000 r--p 00000000 fd:00 1610677148                 /usr/lib/locale/C.utf8/LC_MONETARY
1472c6612000-1472c6613000 r--p 00000000 fd:00 28652                      /usr/lib/locale/C.utf8/LC_MESSAGES/SYS_LC_MESSAGES
1472c6613000-1472c6614000 r--p 00000000 fd:00 1610677151                 /usr/lib/locale/C.utf8/LC_PAPER
1472c6614000-1472c661b000 r--s 00000000 fd:00 1075287776                 /usr/lib64/gconv/gconv-modules.cache
1472c661b000-1472c661f000 ---p 00000000 00:00 0 
1472c661f000-1472c671b000 rw-p 00000000 00:00 0 
1472c671b000-1472c6728000 r--p 00000000 fd:00 169835                     /usr/lib64/libm.so.6
1472c6728000-1472c6798000 r-xp 0000d000 fd:00 169835                     /usr/lib64/libm.so.6
1472c6798000-1472c67f4000 r--p 0007d000 fd:00 169835                     /usr/lib64/libm.so.6
1472c67f4000-1472c67f5000 r--p 000d8000 fd:00 169835                     /usr/lib64/libm.so.6
1472c67f5000-1472c67f6000 rw-p 000d9000 fd:00 169835                     /usr/lib64/libm.so.6
1472c67f6000-1472c67f7000 r--p 00000000 fd:00 170046                     /usr/lib64/librt.so.1
1472c67f7000-1472c67f8000 r-xp 00001000 fd:00 170046                     /usr/lib64/librt.so.1
1472c67f8000-1472c67f9000 r--p 00002000 fd:00 170046                     /usr/lib64/librt.so.1
1472c67f9000-1472c67fa000 r--p 00002000 fd:00 170046                     /usr/lib64/librt.so.1
1472c67fa000-1472c67fb000 rw-p 00003000 fd:00 170046                     /usr/lib64/librt.so.1
1472c67fb000-1472c6800000 rw-p 00000000 00:00 0 
1472c6800000-1472c6801000 r--p 00000000 fd:00 169553                     /usr/lib64/libdl.so.2
1472c6801000-1472c6802000 r-xp 00001000 fd:00 169553                     /usr/lib64/libdl.so.2
1472c6802000-1472c6803000 r--p 00002000 fd:00 169553                     /usr/lib64/libdl.so.2
1472c6803000-1472c6804000 r--p 00002000 fd:00 169553                     /usr/lib64/libdl.so.2
1472c6804000-1472c6805000 rw-p 00003000 fd:00 169553                     /usr/lib64/libdl.so.2
1472c6805000-1472c6806000 r--p 00000000 fd:00 170015                     /usr/lib64/libpthread.so.0
1472c6806000-1472c6807000 r-xp 00001000 fd:00 170015                     /usr/lib64/libpthread.so.0
1472c6807000-1472c6808000 r--p 00002000 fd:00 170015                     /usr/lib64/libpthread.so.0
1472c6808000-1472c6809000 r--p 00002000 fd:00 170015                     /usr/lib64/libpthread.so.0
1472c6809000-1472c680a000 rw-p 00003000 fd:00 170015                     /usr/lib64/libpthread.so.0
1472c680a000-1472c6818000 r-xp 00000000 00:32 1075234335                 /opt/apps/oracle-java/20.0.1/lib/libjli.so
1472c6818000-1472c6819000 ---p 0000e000 00:32 1075234335                 /opt/apps/oracle-java/20.0.1/lib/libjli.so
1472c6819000-1472c681a000 r--p 0000e000 00:32 1075234335                 /opt/apps/oracle-java/20.0.1/lib/libjli.so
1472c681a000-1472c681b000 rw-p 0000f000 00:32 1075234335                 /opt/apps/oracle-java/20.0.1/lib/libjli.so
1472c681b000-1472c681e000 r--p 00000000 fd:00 170262                     /usr/lib64/libz.so.1.2.11
1472c681e000-1472c682c000 r-xp 00003000 fd:00 170262                     /usr/lib64/libz.so.1.2.11
1472c682c000-1472c6832000 r--p 00011000 fd:00 170262                     /usr/lib64/libz.so.1.2.11
1472c6832000-1472c6833000 ---p 00017000 fd:00 170262                     /usr/lib64/libz.so.1.2.11
1472c6833000-1472c6834000 r--p 00017000 fd:00 170262                     /usr/lib64/libz.so.1.2.11
1472c6834000-1472c6835000 rw-p 00000000 00:00 0 
1472c6835000-1472c6836000 r--p 00000000 fd:00 1610677149                 /usr/lib/locale/C.utf8/LC_NAME
1472c6836000-1472c6837000 r--p 00000000 fd:00 1610677143                 /usr/lib/locale/C.utf8/LC_ADDRESS
1472c6837000-1472c6838000 r--p 00000000 fd:00 1610677152                 /usr/lib/locale/C.utf8/LC_TELEPHONE
1472c6838000-1472c6839000 r--p 00000000 fd:00 1610677147                 /usr/lib/locale/C.utf8/LC_MEASUREMENT
1472c6839000-1472c683a000 r--p 00000000 fd:00 1610677146                 /usr/lib/locale/C.utf8/LC_IDENTIFICATION
1472c683a000-1472c6842000 rw-s 00000000 fd:00 1075309059                 /tmp/hsperfdata_mmontante/2724266
1472c6842000-1472c6843000 ---p 00000000 00:00 0 
1472c6843000-1472c6844000 r--p 00000000 00:00 0 
1472c6844000-1472c6845000 ---p 00000000 00:00 0 
1472c6845000-1472c6847000 rw-p 00000000 00:00 0 
1472c6847000-1472c6849000 r--p 00000000 fd:00 144996                     /usr/lib64/ld-linux-x86-64.so.2
1472c6849000-1472c6871000 r-xp 00002000 fd:00 144996                     /usr/lib64/ld-linux-x86-64.so.2
1472c6871000-1472c687d000 r--p 0002a000 fd:00 144996                     /usr/lib64/ld-linux-x86-64.so.2
1472c687d000-1472c687f000 r--p 00036000 fd:00 144996                     /usr/lib64/ld-linux-x86-64.so.2
1472c687f000-1472c6881000 rw-p 00038000 fd:00 144996                     /usr/lib64/ld-linux-x86-64.so.2
558c286fd000-558c286fe000 r-xp 00000000 00:32 8601814240                 /opt/apps/oracle-java/20.0.1/bin/java
558c286ff000-558c28700000 r--p 00001000 00:32 8601814240                 /opt/apps/oracle-java/20.0.1/bin/java
558c28700000-558c28701000 rw-p 00002000 00:32 8601814240                 /opt/apps/oracle-java/20.0.1/bin/java
558c28f1f000-558c28f65000 rw-p 00000000 00:00 0                          [heap]
7fff350ac000-7fff350cf000 rw-p 00000000 00:00 0                          [stack]
7fff351aa000-7fff351ae000 r--p 00000000 00:00 0                          [vvar]
7fff351ae000-7fff351b0000 r-xp 00000000 00:00 0                          [vdso]
ffffffffff600000-ffffffffff601000 --xp 00000000 00:00 0                  [vsyscall]


VM Arguments:
jvm_args: -XX:TieredStopAtLevel=1 -Xmx1g --add-opens=java.base/java.lang=ALL-UNNAMED --add-opens=java.base/java.io=ALL-UNNAMED --add-opens=java.base/java.nio=ALL-UNNAMED --add-opens=java.base/java.net=ALL-UNNAMED --add-opens=java.base/java.util=ALL-UNNAMED --add-opens=java.base/java.util.concurrent.locks=ALL-UNNAMED --add-opens=java.base/java.util.concurrent.atomic=ALL-UNNAMED --add-opens=java.base/java.nio.file.spi=ALL-UNNAMED --add-opens=java.base/sun.nio.ch=ALL-UNNAMED --add-opens=java.base/sun.nio.fs=ALL-UNNAMED --add-opens=java.base/sun.net.www.protocol.http=ALL-UNNAMED --add-opens=java.base/sun.net.www.protocol.https=ALL-UNNAMED --add-opens=java.base/sun.net.www.protocol.ftp=ALL-UNNAMED --add-opens=java.base/sun.net.www.protocol.file=ALL-UNNAMED --add-opens=java.base/jdk.internal.misc=ALL-UNNAMED --add-opens=java.base/jdk.internal.vm=ALL-UNNAMED --add-opens=java.base/java.util.regex=ALL-UNNAMED -Dfile.encoding=UTF-8 -Dcapsule.trampoline -Dcapsule.java.cmd=/opt/apps/oracle-java/20.0.1/bin/java -Dcom.sun.security.enableAIAcaIssuers=true -Djava.awt.headless=true -Djava.io.tmpdir=/tmp 
java_command: /home/mmontante/.nextflow/framework/25.10.4/nextflow-25.10.4-one.jar run main.nf -entry MEMOTE -profile memote
java_class_path (initial): /home/mmontante/.nextflow/framework/25.10.4/nextflow-25.10.4-one.jar
Launcher Type: SUN_STANDARD

[Global flags]
     intx CICompilerCount                          = 2                                         {product} {ergonomic}
     uint ConcGCThreads                            = 1                                         {product} {ergonomic}
     uint G1ConcRefinementThreads                  = 2                                         {product} {ergonomic}
   size_t G1HeapRegionSize                         = 1048576                                   {product} {ergonomic}
    uintx GCDrainStackTargetSize                   = 64                                        {product} {ergonomic}
   size_t InitialHeapSize                          = 1073741824                                {product} {ergonomic}
   size_t MarkStackSize                            = 4194304                                   {product} {ergonomic}
   size_t MaxHeapSize                              = 1073741824                                {product} {command line}
   size_t MaxNewSize                               = 643825664                                 {product} {ergonomic}
   size_t MinHeapDeltaBytes                        = 1048576                                   {product} {ergonomic}
   size_t MinHeapSize                              = 8388608                                   {product} {ergonomic}
    uintx NonProfiledCodeHeapSize                  = 0                                      {pd product} {ergonomic}
     bool ProfileInterpreter                       = false                                  {pd product} {command line}
    uintx ProfiledCodeHeapSize                     = 0                                      {pd product} {ergonomic}
   size_t SoftMaxHeapSize                          = 1073741824                             {manageable} {ergonomic}
     intx TieredStopAtLevel                        = 1                                         {product} {command line}
     bool UseCompressedClassPointers               = true                           {product lp64_product} {ergonomic}
     bool UseCompressedOops                        = true                           {product lp64_product} {ergonomic}
     bool UseG1GC                                  = true                                      {product} {ergonomic}

Logging:
Log output configuration:
 #0: stdout all=warning uptime,level,tags foldmultilines=false
 #1: stderr all=off uptime,level,tags foldmultilines=false

Environment Variables:
JAVA_HOME=/opt/apps/oracle-java/20.0.1
PATH=/opt/apps/oracle-java/20.0.1/bin:/opt/apps/nextflow/25.10.4:/mnt/data/sur/modules/pkgs/mamba/main/condabin:/home/mmontante/.local/bin:/home/mmontante/bin:/usr/local/bin:/usr/bin:/usr/local/sbin:/usr/sbin
LD_LIBRARY_PATH=/opt/apps/oracle-java/20.0.1/lib:/opt/apps/nextflow/25.10.4/lib
SHELL=/bin/bash
LANG=C.UTF-8
TERM=xterm-256color
TMPDIR=/tmp

Active Locale:
LC_ALL=C.UTF-8
LC_COLLATE=C.UTF-8
LC_CTYPE=C.UTF-8
LC_MESSAGES=C.UTF-8
LC_MONETARY=C.UTF-8
LC_NUMERIC=C.UTF-8
LC_TIME=C.UTF-8

Signal Handlers:
   SIGSEGV: crash_handler in libjvm.so, mask=11100100010111111101111111111110, flags=SA_RESTART|SA_SIGINFO, unblocked
    SIGBUS: crash_handler in libjvm.so, mask=11100100010111111101111111111110, flags=SA_RESTART|SA_SIGINFO, unblocked
    SIGFPE: crash_handler in libjvm.so, mask=11100100010111111101111111111110, flags=SA_RESTART|SA_SIGINFO, unblocked
   SIGPIPE: javaSignalHandler in libjvm.so, mask=11100100010111111101111111111110, flags=SA_RESTART|SA_SIGINFO, blocked
   SIGXFSZ: javaSignalHandler in libjvm.so, mask=11100100010111111101111111111110, flags=SA_RESTART|SA_SIGINFO, blocked
    SIGILL: crash_handler in libjvm.so, mask=11100100010111111101111111111110, flags=SA_RESTART|SA_SIGINFO, unblocked
   SIGUSR2: SR_handler in libjvm.so, mask=00000000000000000000000000000000, flags=SA_RESTART|SA_SIGINFO, blocked
    SIGHUP: UserHandler in libjvm.so, mask=11100100010111111101111111111110, flags=SA_RESTART|SA_SIGINFO, blocked
    SIGINT: UserHandler in libjvm.so, mask=11100100010111111101111111111110, flags=SA_RESTART|SA_SIGINFO, blocked
   SIGTERM: UserHandler in libjvm.so, mask=11100100010111111101111111111110, flags=SA_RESTART|SA_SIGINFO, blocked
   SIGQUIT: UserHandler in libjvm.so, mask=11100100010111111101111111111110, flags=SA_RESTART|SA_SIGINFO, blocked
   SIGTRAP: crash_handler in libjvm.so, mask=11100100010111111101111111111110, flags=SA_RESTART|SA_SIGINFO, unblocked


---------------  S Y S T E M  ---------------

OS:
Rocky Linux release 9.7 (Blue Onyx)
uname: Linux 5.14.0-611.54.1.el9_7.x86_64 #1 SMP PREEMPT_DYNAMIC Tue May 5 16:52:47 UTC 2026 x86_64
OS uptime: 86 days 22:55 hours
libc: glibc 2.34 NPTL 2.34 
rlimit (soft/hard): STACK infinity/infinity , CORE infinity/infinity , NPROC 61493/1029539 , NOFILE 131072/131072 , AS infinity/infinity , CPU infinity/infinity , DATA infinity/infinity , FSIZE infinity/infinity , MEMLOCK infinity/infinity
load average: 14.82 14.40 14.32

/proc/meminfo:
MemTotal:       263886960 kB
MemFree:        57686984 kB
MemAvailable:   230950108 kB
Buffers:             776 kB
Cached:         168114792 kB
SwapCached:            0 kB
Active:         43012812 kB
Inactive:       153543152 kB
Active(anon):   28794892 kB
Inactive(anon):   208220 kB
Active(file):   14217920 kB
Inactive(file): 153334932 kB
Unevictable:           0 kB
Mlocked:               0 kB
SwapTotal:             0 kB
SwapFree:              0 kB
Zswap:                 0 kB
Zswapped:              0 kB
Dirty:               240 kB
Writeback:             0 kB
AnonPages:      28387652 kB
Mapped:           976696 kB
Shmem:            562716 kB
KReclaimable:    7558316 kB
Slab:            8375488 kB
SReclaimable:    7558316 kB
SUnreclaim:       817172 kB
KernelStack:       15040 kB
PageTables:        68080 kB
SecPageTables:      2056 kB
NFS_Unstable:          0 kB
Bounce:                0 kB
WritebackTmp:          0 kB
CommitLimit:    131943480 kB
Committed_AS:   44640740 kB
VmallocTotal:   34359738367 kB
VmallocUsed:      466260 kB
VmallocChunk:          0 kB
Percpu:            87936 kB
HardwareCorrupted:     0 kB
AnonHugePages:  25440256 kB
ShmemHugePages:        0 kB
ShmemPmdMapped:        0 kB
FileHugePages:         0 kB
FilePmdMapped:         0 kB
CmaTotal:              0 kB
CmaFree:               0 kB
Unaccepted:            0 kB
HugePages_Total:       0
HugePages_Free:        0
HugePages_Rsvd:        0
HugePages_Surp:        0
Hugepagesize:       2048 kB
Hugetlb:               0 kB
DirectMap4k:     1174232 kB
DirectMap2M:    57317376 kB
DirectMap1G:    211812352 kB

/sys/kernel/mm/transparent_hugepage/enabled: [always] madvise never
/sys/kernel/mm/transparent_hugepage/defrag (defrag/compaction efforts parameter): always defer defer+madvise [madvise] never

Process Memory:
Virtual Size: 4063400K (peak: 4063464K)
Resident Set Size: 212668K (peak: 212668K) (anon: 183268K, file: 29400K, shmem: 0K)
Swapped out: 0K
C-Heap outstanding allocations: 34862K, retained: 3673K
glibc malloc tunables: (default)

/proc/sys/kernel/threads-max (system-wide limit on the number of threads): 2059079
/proc/sys/vm/max_map_count (maximum number of memory map areas a process may have): 65530
/proc/sys/kernel/pid_max (system-wide limit on number of process identifiers): 4194304

container (cgroup) information:
container_type: cgroupv2
cpu_cpuset_cpus: not supported
cpu_memory_nodes: not supported
active_processor_count: 2
cpu_quota: no quota
cpu_period: 100000
cpu_shares: no shares
memory_limit_in_bytes: unlimited
memory_and_swap_limit_in_bytes: unlimited
memory_soft_limit_in_bytes: unlimited
memory_usage_in_bytes: 215740 k
memory_max_usage_in_bytes: not supported
memory_swap_current_in_bytes: unlimited
memory_swap_max_limit_in_bytes: unlimited
maximum number of tasks: not supported
current number of tasks: not supported

Steal ticks since vm start: 0
Steal ticks percentage since vm start:  0.000

CPU: total 28 (initial active 2) (14 cores per cpu, 2 threads per core) family 6 model 79 stepping 1 microcode 0xb000040, cx8, cmov, fxsr, ht, mmx, 3dnowpref, sse, sse2, sse3, ssse3, sse4.1, sse4.2, popcnt, lzcnt, tsc, tscinvbit, avx, avx2, aes, erms, clmul, bmi1, bmi2, rtm, adx, fma, vzeroupper, clflush, rdtscp, f16c
CPU Model and flags from /proc/cpuinfo:
model name	: Intel(R) Xeon(R) CPU E5-2690 v4 @ 2.60GHz
flags		: fpu vme de pse tsc msr pae mce cx8 apic sep mtrr pge mca cmov pat pse36 clflush dts acpi mmx fxsr sse sse2 ss ht tm pbe syscall nx pdpe1gb rdtscp lm constant_tsc arch_perfmon pebs bts rep_good nopl xtopology nonstop_tsc cpuid aperfmperf pni pclmulqdq dtes64 monitor ds_cpl vmx smx est tm2 ssse3 sdbg fma cx16 xtpr pdcm pcid dca sse4_1 sse4_2 x2apic movbe popcnt tsc_deadline_timer aes xsave avx f16c rdrand lahf_lm abm 3dnowprefetch cpuid_fault epb cat_l3 cdp_l3 pti ssbd ibrs ibpb stibp tpr_shadow flexpriority ept vpid ept_ad fsgsbase tsc_adjust bmi1 hle avx2 smep bmi2 erms invpcid rtm cqm rdt_a rdseed adx smap intel_pt xsaveopt cqm_llc cqm_occup_llc cqm_mbm_total cqm_mbm_local dtherm ida arat pln pts vnmi md_clear flush_l1d

Online cpus: 0-27
Offline cpus: 
BIOS frequency limitation: <Not Available>
Frequency switch latency (ns): 20000
Available cpu frequencies: <Not Available>
Current governor: performance
Core performance/turbo boost: <Not Available>

Memory: 4k page, physical 263886960k(57686984k free), swap 0k(0k free)
Page Sizes: 4k

vm_info: Java HotSpot(TM) 64-Bit Server VM (20.0.1+9-29) for linux-amd64 JRE (20.0.1+9-29), built on 2023-03-07T13:56:11Z by "mach5one" with gcc 11.2.0

END.
