#
# A fatal error has been detected by the Java Runtime Environment:
#
#  SIGSEGV (0xb) at pc=0x000014d404e05a36, pid=1136190, tid=1136244
#
# JRE version: Java(TM) SE Runtime Environment (20.0.1+9) (build 20.0.1+9-29)
# Java VM: Java HotSpot(TM) 64-Bit Server VM (20.0.1+9-29, mixed mode, sharing, tiered, compressed oops, compressed class ptrs, g1 gc, linux-amd64)
# Problematic frame:
# J 19 c1 java.util.concurrent.ConcurrentHashMap.putVal(Ljava/lang/Object;Ljava/lang/Object;Z)Ljava/lang/Object; java.base@20.0.1 (432 bytes) @ 0x000014d404e05a36 [0x000014d404e05960+0x00000000000000d6]
#
# Core dump will be written. Default location: Core dumps may be processed with "/usr/lib/systemd/systemd-coredump %P %u %g %s %t %c %h %d %F" (or dumping to /mnt/data/sur/users/mmontante/SimulacionesMetabolicas/core.1136190)
#
# If you would like to submit a bug report, please visit:
#   https://bugreport.java.com/bugreport/crash.jsp
#

---------------  S U M M A R Y ------------

Command Line: --add-opens=java.base/java.lang=ALL-UNNAMED --add-opens=java.base/java.io=ALL-UNNAMED --add-opens=java.base/java.nio=ALL-UNNAMED --add-opens=java.base/java.net=ALL-UNNAMED --add-opens=java.base/java.util=ALL-UNNAMED --add-opens=java.base/java.util.concurrent.locks=ALL-UNNAMED --add-opens=java.base/java.util.concurrent.atomic=ALL-UNNAMED --add-opens=java.base/java.nio.file.spi=ALL-UNNAMED --add-opens=java.base/sun.nio.ch=ALL-UNNAMED --add-opens=java.base/sun.nio.fs=ALL-UNNAMED --add-opens=java.base/sun.net.www.protocol.http=ALL-UNNAMED --add-opens=java.base/sun.net.www.protocol.https=ALL-UNNAMED --add-opens=java.base/sun.net.www.protocol.ftp=ALL-UNNAMED --add-opens=java.base/sun.net.www.protocol.file=ALL-UNNAMED --add-opens=java.base/jdk.internal.misc=ALL-UNNAMED --add-opens=java.base/jdk.internal.vm=ALL-UNNAMED --add-opens=java.base/java.util.regex=ALL-UNNAMED -Djava.io.tmpdir=/tmp -Djava.library.path=/opt/apps/oracle-java/20.0.1/lib:/opt/apps/nextflow/24.04.1/lib:/mnt/data/sur/modules/pkgs/gurobi/13.0.0/lib:/usr/java/packages/lib:/usr/lib64:/lib64:/lib:/usr/lib -Dfile.encoding=UTF-8 -Dcapsule.app=nextflow_24.04.1 -Djava.awt.headless=true -Dcapsule.jar=/home/mmontante/.nextflow/framework/24.04.1/nextflow-24.04.1-one.jar -Dcom.sun.security.enableAIAcaIssuers=true nextflow.cli.Launcher run main.nf -entry COMETS -profile comets -resume

Host: Intel(R) Xeon(R) CPU E5-2690 v4 @ 2.60GHz, 28 cores, 251G, Rocky Linux release 9.7 (Blue Onyx)
Time: Mon Jul 20 17:32:20 2026 CST elapsed time: 0.082772 seconds (0d 0h 0m 0s)

---------------  T H R E A D  ---------------

Current thread (0x000014d41c02c9a0):  JavaThread "main" [_thread_in_Java, id=1136244, stack(0x000014d422cab000,0x000014d422dab000)]

Stack: [0x000014d422cab000,0x000014d422dab000],  sp=0x000014d422da91e0,  free space=1016k
Native frames: (J=compiled Java code, j=interpreted, Vv=VM code, C=native code)
J 19 c1 java.util.concurrent.ConcurrentHashMap.putVal(Ljava/lang/Object;Ljava/lang/Object;Z)Ljava/lang/Object; java.base@20.0.1 (432 bytes) @ 0x000014d404e05a36 [0x000014d404e05960+0x00000000000000d6]
J 26 c1 java.util.concurrent.ConcurrentHashMap.putIfAbsent(Ljava/lang/Object;Ljava/lang/Object;)Ljava/lang/Object; java.base@20.0.1 (8 bytes) @ 0x000014d404e0a1ac [0x000014d404e0a120+0x000000000000008c]
j  jdk.internal.module.ServicesCatalog.addProviders(Ljava/lang/String;[Ljdk/internal/module/ServicesCatalog$ServiceProvider;)V+33 java.base@20.0.1
j  jdk.internal.module.ServicesCatalog.register(Ljava/lang/Module;)V+111 java.base@20.0.1
j  java.lang.Module.defineModules(Ljava/lang/module/Configuration;Ljava/util/function/Function;Ljava/lang/ModuleLayer;)Ljava/util/Map;+747 java.base@20.0.1
j  java.lang.ModuleLayer.<init>(Ljava/lang/module/Configuration;Ljava/util/List;Ljava/util/function/Function;)V+34 java.base@20.0.1
j  java.lang.ModuleLayer.defineModules(Ljava/lang/module/Configuration;Ljava/util/List;Ljava/util/function/Function;)Ljava/lang/ModuleLayer$Controller;+36 java.base@20.0.1
j  java.lang.ModuleLayer.defineModules(Ljava/lang/module/Configuration;Ljava/util/function/Function;)Ljava/lang/ModuleLayer;+6 java.base@20.0.1
j  jdk.internal.module.ModuleBootstrap.boot2()Ljava/lang/ModuleLayer;+1207 java.base@20.0.1
j  jdk.internal.module.ModuleBootstrap.boot()Ljava/lang/ModuleLayer;+64 java.base@20.0.1
j  java.lang.System.initPhase2(ZZ)I+0 java.base@20.0.1
v  ~StubRoutines::call_stub 0x000014d40c338cc6
V  [libjvm.so+0x8a84c5]  JavaCalls::call_helper(JavaValue*, methodHandle const&, JavaCallArguments*, JavaThread*)+0x315
V  [libjvm.so+0x8a8883]  JavaCalls::call_static(JavaValue*, Klass*, Symbol*, Symbol*, JavaCallArguments*, JavaThread*)+0x113
V  [libjvm.so+0xe672e8]  Threads::create_vm(JavaVMInitArgs*, bool*)+0x758
V  [libjvm.so+0x959281]  JNI_CreateJavaVM+0x51
C  [libjli.so+0x39eb]  JavaMain+0x8b
C  [libjli.so+0x7c59]  ThreadJavaMain+0x9

siginfo: si_signo: 11 (SIGSEGV), si_code: 128 (SI_KERNEL), si_addr: 0x0000000000000000

Registers:
RAX=0x0000000000000264, RBX=0x0084000000000168, RCX=0x000000011f037da0, RDX=0x00000007ff019300
RSP=0x000014d422da91e0, RBP=0x000014d422da9380, RSI=0x000000011f019380, RDI=0x000014d3bc00dbd8
R8 =0x0000000000000001, R9 =0x0000000000000004, R10=0x0000000800000000, R11=0x000014d404e0a140
R12=0x0000000000000000, R13=0x000014d422da9320, R14=0x0000000800065a28, R15=0x000014d41c02c9a0
RIP=0x000014d404e05a36, EFLAGS=0x0000000000010206, CSGSFS=0x002b000000000033, ERR=0x0000000000000000
  TRAPNO=0x000000000000000d


Register to memory mapping:

RAX=0x0000000000000264 is an unknown value
RBX=0x0084000000000168 is an unknown value
RCX=0x000000011f037da0 is an oop: java.util.concurrent.CopyOnWriteArrayList 
{0x000000011f037da0} - klass: 'java/util/concurrent/CopyOnWriteArrayList'
 - ---- fields (total size 3 words):
 - final transient 'lock' 'Ljava/lang/Object;' @12  a 'java/lang/Object'{0x000000011f037db8} (0x23e06fb7)
 - private volatile transient 'array' '[Ljava/lang/Object;' @16  a 'java/lang/Object'[1] {0x000000011f037dc8} (0x23e06fb9)
RDX=0x00000007ff019300 is an oop: java.lang.String 
{0x00000007ff019300} - klass: 'java/lang/String'
 - string: "java.security.Provider"
 - ---- fields (total size 3 words):
 - private 'hash' 'I' @12  1822217267 (0x6c9cd433)
 - private final 'coder' 'B' @16  0 (0x00)
 - private 'hashIsZero' 'Z' @17  false (0x00)
 - abstract internal 'flags' 'B' @18  1 (0x01)
 - private final synchronized 'value' '[B' @20  [B{0x00000007ff0192d8} (0xffe0325b)
RSP=0x000014d422da91e0 is pointing into the stack for thread: 0x000014d41c02c9a0
RBP=0x000014d422da9380 is pointing into the stack for thread: 0x000014d41c02c9a0
RSI=0x000000011f019380 is an oop: java.util.concurrent.ConcurrentHashMap 
{0x000000011f019380} - klass: 'java/util/concurrent/ConcurrentHashMap'
 - ---- fields (total size 8 words):
 - transient 'keySet' 'Ljava/util/Set;' @12  NULL (0x00000000)
 - transient 'values' 'Ljava/util/Collection;' @16  NULL (0x00000000)
 - private volatile transient 'sizeCtl' 'I' @20  64 (0x00000040)
 - private volatile transient 'baseCount' 'J' @24  0 (0x0000000000000000)
 - private volatile transient 'transferIndex' 'I' @32  0 (0x00000000)
 - private volatile transient 'cellsBusy' 'I' @36  0 (0x00000000)
 - volatile transient 'table' '[Ljava/util/concurrent/ConcurrentHashMap$Node;' @40  NULL (0x00000000)
 - private volatile transient 'nextTable' '[Ljava/util/concurrent/ConcurrentHashMap$Node;' @44  NULL (0x00000000)
 - private volatile transient 'counterCells' '[Ljava/util/concurrent/ConcurrentHashMap$CounterCell;' @48  NULL (0x00000000)
 - private transient 'keySet' 'Ljava/util/concurrent/ConcurrentHashMap$KeySetView;' @52  NULL (0x00000000)
 - private transient 'values' 'Ljava/util/concurrent/ConcurrentHashMap$ValuesView;' @56  NULL (0x00000000)
 - private transient 'entrySet' 'Ljava/util/concurrent/ConcurrentHashMap$EntrySetView;' @60  NULL (0x00000000)
RDI=0x000014d3bc00dbd8 is pointing into metadata
R8 =0x0000000000000001 is an unknown value
R9 =0x0000000000000004 is an unknown value
R10=0x0000000800000000 is pointing into metadata
R11=0x000014d404e0a140 is at entry_point+32 in (nmethod*)0x000014d404e09f90
Compiled method (c1)      91   26       3       java.util.concurrent.ConcurrentHashMap::putIfAbsent (8 bytes)
 total in heap  [0x000014d404e09f90,0x000014d404e0a2d0] = 832
 relocation     [0x000014d404e0a0d8,0x000014d404e0a118] = 64
 main code      [0x000014d404e0a120,0x000014d404e0a220] = 256
 stub code      [0x000014d404e0a220,0x000014d404e0a260] = 64
 metadata       [0x000014d404e0a260,0x000014d404e0a268] = 8
 scopes data    [0x000014d404e0a268,0x000014d404e0a288] = 32
 scopes pcs     [0x000014d404e0a288,0x000014d404e0a2c8] = 64
 dependencies   [0x000014d404e0a2c8,0x000014d404e0a2d0] = 8
R12=0x0 is NULL
R13=0x000014d422da9320 is pointing into the stack for thread: 0x000014d41c02c9a0
R14=0x0000000800065a28 is pointing into metadata
R15=0x000014d41c02c9a0 is a thread


Top of Stack: (sp=0x000014d422da91e0)
0x000014d422da91e0:   000014d422da9320 000014d40c365a1d
0x000014d422da91f0:   000014d40c354d10 0000000000000000
0x000014d422da9200:   0000000000000000 000014d422da9380
0x000014d422da9210:   000014d41c02c9a0 0000000000000000
0x000014d422da9220:   000014d41c02c9a0 0000000000000000
0x000014d422da9230:   000014d41c02c9a0 0000000000000000
0x000014d422da9240:   000014d41c02c9a0 000000011f019380
0x000014d422da9250:   00000007ff019300 000000011f037da0
0x000014d422da9260:   000014d400000001 0000000800000000
0x000014d422da9270:   0000000000000004 0000000000000001
0x000014d422da9280:   000014d3bc00fc68 000000011f019380
0x000014d422da9290:   000014d422da92d0 0000000e00000002
0x000014d422da92a0:   0000000800409650 00000007ff019300
0x000014d422da92b0:   000000011f037da0 000014d404e05980
0x000014d422da92c0:   000014d41c02e340 0000000000000202
0x000014d422da92d0:   000014d422da9380 000014d404e0a1ac
0x000014d422da92e0:   000014d422da9300 000014d423727d87
0x000014d422da92f0:   00000000000000b9 0000000000000000
0x000014d422da9300:   000014d422da9380 000014d40c365a55
0x000014d422da9310:   000014d422da9380 000014d40c355953
0x000014d422da9320:   000000011f037da0 00000007ff019300
0x000014d422da9330:   000000011f019380 000014d422da9338
0x000014d422da9340:   0000000800b2f4f9 000014d422da93b0
0x000014d422da9350:   00000008003d9198 0000000000000000
0x000014d422da9360:   00000007fef103d0 00000008003d8e40
0x000014d422da9370:   000014d422da9320 000014d422da93a0
0x000014d422da9380:   000014d422da9400 000014d40c3553aa
0x000014d422da9390:   0000000000000000 000000011f037da0
0x000014d422da93a0:   000000011f037d70 00000007ff019300
0x000014d422da93b0:   000000011f019370 000014d422da93b8
0x000014d422da93c0:   0000000800b2f847 000014d422da9458
0x000014d422da93d0:   00000008003d9198 0000000000000000 

Instructions: (pc=0x000014d404e05a36)
0x000014d404e05936:   0a 32 01 7c c1 ea 05 28 00 60 0a 32 01 7c 61 fd
0x000014d404e05946:   05 28 00 60 0a 32 01 7c b9 e9 05 28 00 60 0a 32
0x000014d404e05956:   00 00 00 00 00 00 00 00 00 00 44 8b 56 08 49 bb
0x000014d404e05966:   00 00 00 00 08 00 00 00 4d 03 d3 4c 3b d0 0f 85
0x000014d404e05976:   86 59 59 07 66 0f 1f 44 00 00 89 84 24 00 c0 fe
0x000014d404e05986:   ff 55 48 81 ec f0 00 00 00 90 41 81 7f 20 01 00
0x000014d404e05996:   00 00 74 05 e8 61 b5 57 07 48 89 74 24 68 48 89
0x000014d404e059a6:   54 24 70 48 89 4c 24 78 44 89 84 24 80 00 00 00
0x000014d404e059b6:   48 bf d8 db 00 bc d3 14 00 00 8b 9f f4 00 00 00
0x000014d404e059c6:   83 c3 02 89 9f f4 00 00 00 81 e3 fe 07 00 00 83
0x000014d404e059d6:   fb 00 0f 84 2b 16 00 00 48 83 fa 00 48 bf d8 db
0x000014d404e059e6:   00 bc d3 14 00 00 48 bb 38 01 00 00 00 00 00 00
0x000014d404e059f6:   0f 84 0a 00 00 00 48 bb 48 01 00 00 00 00 00 00
0x000014d404e05a06:   48 8b 04 1f 48 8d 40 01 48 89 04 1f 0f 84 0c 15
0x000014d404e05a16:   00 00 48 83 f9 00 48 bf d8 db 00 bc d3 14 00 00
0x000014d404e05a26:   48 bb 68 01 00 00 00 00 00 00 0f 84 0a 00 00 00
0x000014d404e05a36:   48 bb 58 01 00 00 00 00 00 00 48 8b 04 1f 48 8d
0x000014d404e05a46:   40 01 48 89 04 1f 0f 84 d2 14 00 00 48 3b 02 48
0x000014d404e05a56:   8b fa 48 bb d8 db 00 bc d3 14 00 00 8b 7f 08 49
0x000014d404e05a66:   ba 00 00 00 00 08 00 00 00 49 03 fa 48 3b bb 98
0x000014d404e05a76:   01 00 00 75 0d 48 83 83 a0 01 00 00 01 e9 60 00
0x000014d404e05a86:   00 00 48 3b bb a8 01 00 00 75 0d 48 83 83 b0 01
0x000014d404e05a96:   00 00 01 e9 4a 00 00 00 48 83 bb 98 01 00 00 00
0x000014d404e05aa6:   75 17 48 89 bb 98 01 00 00 48 c7 83 a0 01 00 00
0x000014d404e05ab6:   01 00 00 00 e9 29 00 00 00 48 83 bb a8 01 00 00
0x000014d404e05ac6:   00 75 17 48 89 bb a8 01 00 00 48 c7 83 b0 01 00
0x000014d404e05ad6:   00 01 00 00 00 e9 08 00 00 00 48 83 83 88 01 00
0x000014d404e05ae6:   00 01 48 8b f2 66 90 48 b8 ff ff ff ff ff ff ff
0x000014d404e05af6:   ff e8 04 5e 59 07 48 be d8 db 00 bc d3 14 00 00
0x000014d404e05b06:   48 83 86 c0 01 00 00 01 48 be 40 d8 00 bc d3 14
0x000014d404e05b16:   00 00 8b be f4 00 00 00 83 c7 02 89 be f4 00 00
0x000014d404e05b26:   00 81 e7 fe ff 1f 00 83 ff 00 0f 84 f9 14 00 00 


Stack slot to memory mapping:
stack at sp + 0 slots: 0x000014d422da9320 is pointing into the stack for thread: 0x000014d41c02c9a0
stack at sp + 1 slots: 0x000014d40c365a1d is at code_begin+93 in an Interpreter codelet
invokeinterface  185 invokeinterface  [0x000014d40c3659c0, 0x000014d40c366400]  2624 bytes
stack at sp + 2 slots: 0x000014d40c354d10 is at code_begin+-112 in 
[CodeBlob (0x000014d40c354d10)]
Framesize: 0
BufferBlob (0x000014d40c354d10) used for Interpreter
stack at sp + 3 slots: 0x0 is NULL
stack at sp + 4 slots: 0x0 is NULL
stack at sp + 5 slots: 0x000014d422da9380 is pointing into the stack for thread: 0x000014d41c02c9a0
stack at sp + 6 slots: 0x000014d41c02c9a0 is a thread
stack at sp + 7 slots: 0x0 is NULL


Compiled method (c1)      96   19   !   3       java.util.concurrent.ConcurrentHashMap::putVal (432 bytes)
 total in heap  [0x000014d404e05610,0x000014d404e07e58] = 10312
 relocation     [0x000014d404e05758,0x000014d404e05958] = 512
 main code      [0x000014d404e05960,0x000014d404e07400] = 6816
 stub code      [0x000014d404e07400,0x000014d404e074e8] = 232
 metadata       [0x000014d404e074e8,0x000014d404e07508] = 32
 scopes data    [0x000014d404e07508,0x000014d404e07a58] = 1360
 scopes pcs     [0x000014d404e07a58,0x000014d404e07ce8] = 656
 dependencies   [0x000014d404e07ce8,0x000014d404e07cf0] = 8
 handler table  [0x000014d404e07cf0,0x000014d404e07e28] = 312
 nul chk table  [0x000014d404e07e28,0x000014d404e07e58] = 48

[Constant Pool (empty)]

[MachCode]
[Entry Point]
  # {method} {0x0000000800409650} 'putVal' '(Ljava/lang/Object;Ljava/lang/Object;Z)Ljava/lang/Object;' in 'java/util/concurrent/ConcurrentHashMap'
  # this:     rsi:rsi   = 'java/util/concurrent/ConcurrentHashMap'
  # parm0:    rdx:rdx   = 'java/lang/Object'
  # parm1:    rcx:rcx   = 'java/lang/Object'
  # parm2:    r8        = boolean
  #           [sp+0x100]  (sp of caller)
  0x000014d404e05960: 448b 5608 | 49bb 0000 | 0000 0800 | 0000 4d03 | d34c 3bd0 

  0x000014d404e05974: ;   {runtime_call ic_miss_stub}
  0x000014d404e05974: 0f85 8659 | 5907 660f | 1f44 0000 
[Verified Entry Point]
  0x000014d404e05980: 8984 2400 | c0fe ff55 | 4881 ecf0 | 0000 0090 | 4181 7f20 | 0100 0000 

  0x000014d404e05998: ;   {runtime_call StubRoutines (2)}
  0x000014d404e05998: 7405 e861 | b557 0748 | 8974 2468 | 4889 5424 | 7048 894c | 2478 4489 | 8424 8000 

  0x000014d404e059b4: ;   {metadata(method data for {method} {0x0000000800409650} 'putVal' '(Ljava/lang/Object;Ljava/lang/Object;Z)Ljava/lang/Object;' in 'java/util/concurrent/ConcurrentHashMap')}
  0x000014d404e059b4: 0000 48bf | d8db 00bc | d314 0000 | 8b9f f400 | 0000 83c3 | 0289 9ff4 | 0000 0081 | e3fe 0700 
  0x000014d404e059d4: 0083 fb00 | 0f84 2b16 | 0000 4883 

  0x000014d404e059e0: ;   {metadata(method data for {method} {0x0000000800409650} 'putVal' '(Ljava/lang/Object;Ljava/lang/Object;Z)Ljava/lang/Object;' in 'java/util/concurrent/ConcurrentHashMap')}
  0x000014d404e059e0: fa00 48bf | d8db 00bc | d314 0000 | 48bb 3801 | 0000 0000 | 0000 0f84 | 0a00 0000 | 48bb 4801 
  0x000014d404e05a00: 0000 0000 | 0000 488b | 041f 488d | 4001 4889 | 041f 0f84 | 0c15 0000 | 4883 f900 

  0x000014d404e05a1c: ;   {metadata(method data for {method} {0x0000000800409650} 'putVal' '(Ljava/lang/Object;Ljava/lang/Object;Z)Ljava/lang/Object;' in 'java/util/concurrent/ConcurrentHashMap')}
  0x000014d404e05a1c: 48bf d8db | 00bc d314 | 0000 48bb | 6801 0000 | 0000 0000 | 0f84 0a00 | 0000 48bb | 5801 0000 
  0x000014d404e05a3c: 0000 0000 | 488b 041f | 488d 4001 | 4889 041f | 0f84 d214 | 0000 483b | 0248 8bfa 

  0x000014d404e05a58: ;   {metadata(method data for {method} {0x0000000800409650} 'putVal' '(Ljava/lang/Object;Ljava/lang/Object;Z)Ljava/lang/Object;' in 'java/util/concurrent/ConcurrentHashMap')}
  0x000014d404e05a58: 48bb d8db | 00bc d314 | 0000 8b7f | 0849 ba00 | 0000 0008 | 0000 0049 | 03fa 483b | bb98 0100 
  0x000014d404e05a78: 0075 0d48 | 8383 a001 | 0000 01e9 | 6000 0000 | 483b bba8 | 0100 0075 | 0d48 8383 | b001 0000 
  0x000014d404e05a98: 01e9 4a00 | 0000 4883 | bb98 0100 | 0000 7517 | 4889 bb98 | 0100 0048 | c783 a001 | 0000 0100 
  0x000014d404e05ab8: 0000 e929 | 0000 0048 | 83bb a801 | 0000 0075 | 1748 89bb | a801 0000 | 48c7 83b0 | 0100 0001 
  0x000014d404e05ad8: 0000 00e9 | 0800 0000 | 4883 8388 | 0100 0001 | 488b f266 | 9048 b8ff | ffff ffff 

  0x000014d404e05af4: ;   {virtual_call}
  0x000014d404e05af4: ffff ffe8 

  0x000014d404e05af8: ; ImmutableOopMap {[104]=Oop [112]=Oop [120]=Oop }
                      ;*invokevirtual hashCode {reexecute=0 rethrow=0 return_oop=0}
                      ; - java.util.concurrent.ConcurrentHashMap::putVal@17 (line 1012)
  0x000014d404e05af8: 045e 5907 

  0x000014d404e05afc: ;   {metadata(method data for {method} {0x0000000800409650} 'putVal' '(Ljava/lang/Object;Ljava/lang/Object;Z)Ljava/lang/Object;' in 'java/util/concurrent/ConcurrentHashMap')}
  0x000014d404e05afc: 48be d8db | 00bc d314 | 0000 4883 | 86c0 0100 

  0x000014d404e05b0c: ;   {metadata(method data for {method} {0x0000000800409700} 'spread' '(I)I' in 'java/util/concurrent/ConcurrentHashMap')}
  0x000014d404e05b0c: 0001 48be | 40d8 00bc | d314 0000 | 8bbe f400 | 0000 83c7 | 0289 bef4 | 0000 0081 | e7fe ff1f 
  0x000014d404e05b2c: 0083 ff00 | 0f84 f914 | 0000 488b | f0c1 ee10 | 4833 f081 | e6ff ffff | 7f89 b424 | 8800 0000 
  0x000014d404e05b4c: 488b 7c24 | 688b 5f28 | 48c1 e303 | b800 0000 | 0089 8424 | 8400 0000 | 0f1f 4000 | 4883 fb00 
  0x000014d404e05b6c: ;   {metadata(method data for {method} {0x0000000800409650} 'putVal' '(Ljava/lang/Object;Ljava/lang/Object;Z)Ljava/lang/Object;' in 'java/util/concurrent/ConcurrentHashMap')}
  0x000014d404e05b6c: 49b9 d8db | 00bc d314 | 0000 49bb | d001 0000 | 0000 0000 | 0f84 0a00 | 0000 49bb | e001 0000 
  0x000014d404e05b8c: 0000 0000 | 4f8b 2c19 | 4d8d 6d01 | 4f89 2c19 | 0f84 3e00 | 0000 448b | 4b0c 4183 

  0x000014d404e05ba8: ;   {metadata(method data for {method} {0x0000000800409650} 'putVal' '(Ljava/lang/Object;Ljava/lang/Object;Z)Ljava/lang/Object;' in 'java/util/concurrent/ConcurrentHashMap')}
  0x000014d404e05ba8: f900 49bb | d8db 00bc | d314 0000 | 49bd f001 | 0000 0000 | 0000 0f85 | 0a00 0000 | 49bd 0002 
  0x000014d404e05bc8: 0000 0000 | 0000 4f8b | 342b 4d8d | 7601 4f89 | 342b 0f85 | 4d00 0000 

  0x000014d404e05be0: ;   {metadata(method data for {method} {0x0000000800409650} 'putVal' '(Ljava/lang/Object;Ljava/lang/Object;Z)Ljava/lang/Object;' in 'java/util/concurrent/ConcurrentHashMap')}
  0x000014d404e05be0: 488b df49 | b9d8 db00 | bcd3 1400 | 0049 8381 | 1002 0000 | 0148 8bf7 | 0f1f 8000 

  0x000014d404e05bfc: ;   {optimized virtual_call}
  0x000014d404e05bfc: 0000 00e8 

  0x000014d404e05c00: ; ImmutableOopMap {[104]=Oop [112]=Oop [120]=Oop }
                      ;*invokevirtual initTable {reexecute=0 rethrow=0 return_oop=0}
                      ; - java.util.concurrent.ConcurrentHashMap::putVal@49 (line 1017)
  0x000014d404e05c00: fc59 5907 

  0x000014d404e05c04: ;   {metadata(method data for {method} {0x0000000800409650} 'putVal' '(Ljava/lang/Object;Ljava/lang/Object;Z)Ljava/lang/Object;' in 'java/util/concurrent/ConcurrentHashMap')}
  0x000014d404e05c04: 48be d8db | 00bc d314 | 0000 ff86 | 4802 0000 | 8bb4 2484 | 0000 0044 | 8b84 2480 | 0000 0048 
  0x000014d404e05c24: 8b4c 2478 | e9cb 1000 | 0041 ffc9 | 4423 8c24 | 8800 0000 

  0x000014d404e05c38: ;   {metadata(method data for {method} {0x0000000800409650} 'putVal' '(Ljava/lang/Object;Ljava/lang/Object;Z)Ljava/lang/Object;' in 'java/util/concurrent/ConcurrentHashMap')}
  0x000014d404e05c38: 48be d8db | 00bc d314 | 0000 4883 | 8660 0200 | 0001 488b | f349 8bd1 | 4489 8c24 | 8c00 0000 
  0x000014d404e05c58: 4889 9c24 | 9000 0000 | 0f1f 8000 

  0x000014d404e05c64: ;   {static_call}
  0x000014d404e05c64: 0000 00e8 

  0x000014d404e05c68: ; ImmutableOopMap {[104]=Oop [112]=Oop [120]=Oop [144]=Oop }
                      ;*invokestatic tabAt {reexecute=0 rethrow=0 return_oop=0}
                      ; - java.util.concurrent.ConcurrentHashMap::putVal@69 (line 1018)
  0x000014d404e05c68: 945f 5907 | 4889 8424 | 9800 0000 | 4883 f800 

  0x000014d404e05c78: ;   {metadata(method data for {method} {0x0000000800409650} 'putVal' '(Ljava/lang/Object;Ljava/lang/Object;Z)Ljava/lang/Object;' in 'java/util/concurrent/ConcurrentHashMap')}
  0x000014d404e05c78: 48ba d8db | 00bc d314 | 0000 48be | 7002 0000 | 0000 0000 | 0f85 0a00 | 0000 48be | 8002 0000 
  0x000014d404e05c98: 0000 0000 | 488b 3c32 | 488d 7f01 | 4889 3c32 | 0f85 e001 | 0000 8bb4 | 2488 0000 | 0048 8b4c 
  0x000014d404e05cb8: 2478 488b | 5424 7048 

  0x000014d404e05cc0: ;   {metadata('java/util/concurrent/ConcurrentHashMap$Node')}
  0x000014d404e05cc0: 8bda 48ba | 5835 1800 | 0800 0000 | 4c8b d94c | 8bce 498b | 87f8 0000 | 0048 8d78 | 2049 3bbf 
  0x000014d404e05ce0: 0801 0000 | 0f87 6b13 | 0000 4989 | bff8 0000 | 0048 c700 | 0100 0000 | 488b ca49 | ba00 0000 
  0x000014d404e05d00: 0008 0000 | 0049 2bca | 8948 0848 | 33c9 8948 | 0c48 33c9 | 4889 4810 | 4889 4818 

  0x000014d404e05d1c: ;   {metadata(method data for {method} {0x0000000800409650} 'putVal' '(Ljava/lang/Object;Ljava/lang/Object;Z)Ljava/lang/Object;' in 'java/util/concurrent/ConcurrentHashMap')}
  0x000014d404e05d1c: 488b f048 | bad8 db00 | bcd3 1400 | 0048 8382 | 9002 0000 

  0x000014d404e05d30: ;   {metadata(method data for {method} {0x0000000800183d38} '<init>' '(ILjava/lang/Object;Ljava/lang/Object;)V' in 'java/util/concurrent/ConcurrentHashMap$Node')}
  0x000014d404e05d30: 0148 bed8 | e400 bcd3 | 1400 008b | 96f4 0000 | 0083 c202 | 8996 f400 | 0000 81e2 | feff 1f00 
  0x000014d404e05d50: 83fa 000f | 8409 1300 | 0048 8bf0 

  0x000014d404e05d5c: ;   {metadata(method data for {method} {0x0000000800183d38} '<init>' '(ILjava/lang/Object;Ljava/lang/Object;)V' in 'java/util/concurrent/ConcurrentHashMap$Node')}
  0x000014d404e05d5c: 48ba d8e4 | 00bc d314 | 0000 4883 | 8238 0100 

  0x000014d404e05d6c: ;   {metadata(method data for {method} {0x00000008004745c8} '<init>' '()V' in 'java/lang/Object')}
  0x000014d404e05d6c: 0001 48be | 90a7 00bc | d314 0000 | 8b96 f400 | 0000 83c2 | 0289 96f4 | 0000 0081 | e2fe ff1f 
  0x000014d404e05d8c: 0083 fa00 | 0f84 ed12 | 0000 4489 | 480c 410f | be77 4083 | fe00 0f85 | fc12 0000 | 4c8b d349 
  0x000014d404e05dac: c1ea 0344 | 8950 1048 | 8bf0 4833 | f348 c1ee | 1848 83fe | 000f 85fc | 1200 0041 | 0fbe 7740 
  0x000014d404e05dcc: 83fe 000f | 8506 1300 | 004d 8bd3 | 49c1 ea03 | 4489 5014 | f083 4424 | c000 488b | f049 33f3 
  0x000014d404e05dec: 48c1 ee18 | 4883 fe00 | 0f85 0013 

  0x000014d404e05df8: ;   {metadata(method data for {method} {0x0000000800409650} 'putVal' '(Ljava/lang/Object;Ljava/lang/Object;Z)Ljava/lang/Object;' in 'java/util/concurrent/ConcurrentHashMap')}
  0x000014d404e05df8: 0000 48be | d8db 00bc | d314 0000 | 4883 86a0 | 0200 0001 | 488b b424 | 9000 0000 | 8b94 248c 
  0x000014d404e05e18: ;   {oop(NULL)}
  0x000014d404e05e18: 0000 0048 | b900 0000 | 0000 0000 | 004c 8bc0 | 0f1f 8000 

  0x000014d404e05e2c: ;   {static_call}
  0x000014d404e05e2c: 0000 00e8 

  0x000014d404e05e30: ; ImmutableOopMap {[104]=Oop [112]=Oop [120]=Oop [144]=Oop }
                      ;*invokestatic casTabAt {reexecute=0 rethrow=0 return_oop=0}
                      ; - java.util.concurrent.ConcurrentHashMap::putVal@94 (line 1019)
  0x000014d404e05e30: cc5d 5907 

  0x000014d404e05e34: ;   {metadata(method data for {method} {0x0000000800409650} 'putVal' '(Ljava/lang/Object;Ljava/lang/Object;Z)Ljava/lang/Object;' in 'java/util/concurrent/ConcurrentHashMap')}
  0x000014d404e05e34: 83f8 0048 | bad8 db00 | bcd3 1400 | 0048 b9c0 | 0200 0000 | 0000 000f | 850a 0000 | 0048 b9b0 
  0x000014d404e05e54: 0200 0000 | 0000 0048 | 8b34 0a48 | 8d76 0148 | 8934 0a0f | 85ef 0f00 | 0048 8b84 | 2490 0000 
  0x000014d404e05e74: 008b b424 | 8400 0000 | 448b 8424 | 8000 0000 | 488b 4c24 | 78e9 6a0e | 0000 8b78 | 0c83 ffff 
  0x000014d404e05e94: ;   {metadata(method data for {method} {0x0000000800409650} 'putVal' '(Ljava/lang/Object;Ljava/lang/Object;Z)Ljava/lang/Object;' in 'java/util/concurrent/ConcurrentHashMap')}
  0x000014d404e05e94: 48ba d8db | 00bc d314 | 0000 48b9 | e802 0000 | 0000 0000 | 0f85 0a00 | 0000 48b9 | f802 0000 
  0x000014d404e05eb4: 0000 0000 | 488b 340a | 488d 7601 | 4889 340a | 0f85 5b00 | 0000 488b 

  0x000014d404e05ecc: ;   {metadata(method data for {method} {0x0000000800409650} 'putVal' '(Ljava/lang/Object;Ljava/lang/Object;Z)Ljava/lang/Object;' in 'java/util/concurrent/ConcurrentHashMap')}
  0x000014d404e05ecc: 7424 6848 | bad8 db00 | bcd3 1400 | 0048 8382 | 0803 0000 | 0148 8b94 | 2490 0000 | 0048 8bc8 
  0x000014d404e05eec: 488b 7424 | 6866 0f1f 

  0x000014d404e05ef4: ;   {optimized virtual_call}
  0x000014d404e05ef4: 4400 00e8 

  0x000014d404e05ef8: ; ImmutableOopMap {[104]=Oop [112]=Oop [120]=Oop }
                      ;*invokevirtual helpTransfer {reexecute=0 rethrow=0 return_oop=0}
                      ; - java.util.concurrent.ConcurrentHashMap::putVal@120 (line 1023)
  0x000014d404e05ef8: 0457 5907 

  0x000014d404e05efc: ;   {metadata(method data for {method} {0x0000000800409650} 'putVal' '(Ljava/lang/Object;Ljava/lang/Object;Z)Ljava/lang/Object;' in 'java/util/concurrent/ConcurrentHashMap')}
  0x000014d404e05efc: 48ba d8db | 00bc d314 | 0000 ff82 | 4003 0000 | 8bb4 2484 | 0000 0044 | 8b84 2480 | 0000 0048 
  0x000014d404e05f1c: 8b4c 2478 | e9d3 0d00 | 0044 8b84 | 2480 0000 | 0041 83f8 

  0x000014d404e05f30: ;   {metadata(method data for {method} {0x0000000800409650} 'putVal' '(Ljava/lang/Object;Ljava/lang/Object;Z)Ljava/lang/Object;' in 'java/util/concurrent/ConcurrentHashMap')}
  0x000014d404e05f30: 0048 bad8 | db00 bcd3 | 1400 0048 | be68 0300 | 0000 0000 | 000f 850a | 0000 0048 | be58 0300 
  0x000014d404e05f50: 0000 0000 | 0048 8b1c | 3248 8d5b | 0148 891c | 320f 850c | 0000 0089 | bc24 a000 | 0000 e90b 
  0x000014d404e05f70: 0200 003b | bc24 8800 

  0x000014d404e05f78: ;   {metadata(method data for {method} {0x0000000800409650} 'putVal' '(Ljava/lang/Object;Ljava/lang/Object;Z)Ljava/lang/Object;' in 'java/util/concurrent/ConcurrentHashMap')}
  0x000014d404e05f78: 0000 48ba | d8db 00bc | d314 0000 | 48be 8803 | 0000 0000 | 0000 0f84 | 0a00 0000 | 48be 7803 
  0x000014d404e05f98: 0000 0000 | 0000 488b | 1c32 488d | 5b01 4889 | 1c32 0f84 | 0c00 0000 | 89bc 24a0 | 0000 00e9 
  0x000014d404e05fb8: c201 0000 | 488b 5424 | 708b 7010 | 48c1 e603 

  0x000014d404e05fc8: ;   {metadata(method data for {method} {0x0000000800409650} 'putVal' '(Ljava/lang/Object;Ljava/lang/Object;Z)Ljava/lang/Object;' in 'java/util/concurrent/ConcurrentHashMap')}
  0x000014d404e05fc8: 483b f248 | bbd8 db00 | bcd3 1400 | 0048 b9a8 | 0300 0000 | 0000 000f | 850a 0000 | 0048 b998 
  0x000014d404e05fe8: 0300 0000 | 0000 004c | 8b0c 0b4d | 8d49 014c | 890c 0b0f | 850c 0000 | 0089 bc24 | a000 0000 
  0x000014d404e06008: e930 0100 | 0048 83fe 

  0x000014d404e06010: ;   {metadata(method data for {method} {0x0000000800409650} 'putVal' '(Ljava/lang/Object;Ljava/lang/Object;Z)Ljava/lang/Object;' in 'java/util/concurrent/ConcurrentHashMap')}
  0x000014d404e06010: 0048 bbd8 | db00 bcd3 | 1400 0048 | b9b8 0300 | 0000 0000 | 000f 840a | 0000 0048 | b9c8 0300 
  0x000014d404e06030: 0000 0000 | 004c 8b0c | 0b4d 8d49 | 014c 890c | 0b89 bc24 | a000 0000 | 0f84 3001 | 0000 488b 
  0x000014d404e06050: ;   {metadata(method data for {method} {0x0000000800409650} 'putVal' '(Ljava/lang/Object;Ljava/lang/Object;Z)Ljava/lang/Object;' in 'java/util/concurrent/ConcurrentHashMap')}
  0x000014d404e06050: da48 b9d8 | db00 bcd3 | 1400 008b | 5b08 49ba | 0000 0000 | 0800 0000 | 4903 da48 | 3b99 e803 
  0x000014d404e06070: 0000 750d | 4883 81f0 | 0300 0001 | e960 0000 | 0048 3b99 | f803 0000 | 750d 4883 | 8100 0400 
  0x000014d404e06090: 0001 e94a | 0000 0048 | 83b9 e803 | 0000 0075 | 1748 8999 | e803 0000 | 48c7 81f0 | 0300 0001 
  0x000014d404e060b0: 0000 00e9 | 2900 0000 | 4883 b9f8 | 0300 0000 | 7517 4889 | 99f8 0300 | 0048 c781 | 0004 0000 
  0x000014d404e060d0: 0100 0000 | e908 0000 | 0048 8381 | d803 0000 | 0148 8bda | 488b d648 | 8bf3 6666 | 9048 b8ff 
  0x000014d404e060f0: ffff ffff 

  0x000014d404e060f4: ;   {virtual_call}
  0x000014d404e060f4: ffff ffe8 

  0x000014d404e060f8: ; ImmutableOopMap {[104]=Oop [112]=Oop [120]=Oop [144]=Oop [152]=Oop }
                      ;*invokevirtual equals {reexecute=0 rethrow=0 return_oop=0}
                      ; - java.util.concurrent.ConcurrentHashMap::putVal@159 (line 1026)
  0x000014d404e060f8: 0458 5907 

  0x000014d404e060fc: ;   {metadata(method data for {method} {0x0000000800409650} 'putVal' '(Ljava/lang/Object;Ljava/lang/Object;Z)Ljava/lang/Object;' in 'java/util/concurrent/ConcurrentHashMap')}
  0x000014d404e060fc: 83f8 0048 | b8d8 db00 | bcd3 1400 | 0048 be10 | 0400 0000 | 0000 000f | 840a 0000 | 0048 be20 
  0x000014d404e0611c: 0400 0000 | 0000 0048 | 8b14 3048 | 8d52 0148 | 8914 3048 | 8b84 2498 | 0000 000f | 8441 0000 
  0x000014d404e0613c: 008b 7014 | 48c1 e603 | 4883 fe00 

  0x000014d404e06148: ;   {metadata(method data for {method} {0x0000000800409650} 'putVal' '(Ljava/lang/Object;Ljava/lang/Object;Z)Ljava/lang/Object;' in 'java/util/concurrent/ConcurrentHashMap')}
  0x000014d404e06148: 48ba d8db | 00bc d314 | 0000 48bf | 4004 0000 | 0000 0000 | 0f85 0a00 | 0000 48bf | 3004 0000 
  0x000014d404e06168: 0000 0000 | 488b 1c3a | 488d 5b01 | 4889 1c3a | 0f85 c50c | 0000 488d | b424 d000 | 0000 488b 
  0x000014d404e06188: f848 897e | 0848 8b07 | 4883 c801 | 4889 06f0 | 480f b137 | 0f84 1200 | 0000 482b | c448 2507 
  0x000014d404e061a8: f0ff ff48 | 8906 0f85 | 630f 0000 | 49ff 8778 

  0x000014d404e061b8: ;   {metadata(method data for {method} {0x0000000800409650} 'putVal' '(Ljava/lang/Object;Ljava/lang/Object;Z)Ljava/lang/Object;' in 'java/util/concurrent/ConcurrentHashMap')}
  0x000014d404e061b8: 0400 0048 | bed8 db00 | bcd3 1400 | 0048 8386 | 5004 0000 | 0148 8bb4 | 2490 0000 | 008b 9424 
  0x000014d404e061d8: 8c00 0000 

  0x000014d404e061dc: ;   {static_call}
  0x000014d404e061dc: 6666 90e8 

  0x000014d404e061e0: ; ImmutableOopMap {[104]=Oop [112]=Oop [120]=Oop [144]=Oop [152]=Oop [216]=Oop }
                      ;*invokestatic tabAt {reexecute=0 rethrow=0 return_oop=0}
                      ; - java.util.concurrent.ConcurrentHashMap::putVal@192 (line 1032)
  0x000014d404e061e0: 1c5a 5907 | 488b bc24 | 9800 0000 

  0x000014d404e061ec: ;   {metadata(method data for {method} {0x0000000800409650} 'putVal' '(Ljava/lang/Object;Ljava/lang/Object;Z)Ljava/lang/Object;' in 'java/util/concurrent/ConcurrentHashMap')}
  0x000014d404e061ec: 483b c748 | bad8 db00 | bcd3 1400 | 0048 be70 | 0400 0000 | 0000 000f | 840a 0000 | 0048 be60 
  0x000014d404e0620c: 0400 0000 | 0000 0048 | 8b1c 3248 | 8d5b 0148 | 891c 320f | 8423 0000 | 008b 8424 | 8400 0000 
  0x000014d404e0622c: ;   {oop(NULL)}
  0x000014d404e0622c: 48bf 0000 | 0000 0000 | 0000 448b | 8424 8000 | 0000 488b | 4c24 78e9 | 2f0a 0000 | 8b94 24a0 
  0x000014d404e0624c: 0000 0083 

  0x000014d404e06250: ;   {metadata(method data for {method} {0x0000000800409650} 'putVal' '(Ljava/lang/Object;Ljava/lang/Object;Z)Ljava/lang/Object;' in 'java/util/concurrent/ConcurrentHashMap')}
  0x000014d404e06250: fa00 48ba | d8db 00bc | d314 0000 | 48be 8004 | 0000 0000 | 0000 0f8c | 0a00 0000 | 48be 9004 
  0x000014d404e06270: 0000 0000 | 0000 488b | 1c32 488d | 5b01 4889 | 1c32 488b | c70f 8cf4 | 0400 00bb | 0100 0000 
  0x000014d404e06290: 899c 24a4 | 0000 008b | b424 8800 | 0000 488b | 5424 708b | 480c 3bce 

  0x000014d404e062a8: ;   {metadata(method data for {method} {0x0000000800409650} 'putVal' '(Ljava/lang/Object;Ljava/lang/Object;Z)Ljava/lang/Object;' in 'java/util/concurrent/ConcurrentHashMap')}
  0x000014d404e062a8: 48b9 d8db | 00bc d314 | 0000 49b8 | b004 0000 | 0000 0000 | 0f84 0a00 | 0000 49b8 | a004 0000 
  0x000014d404e062c8: 0000 0000 | 4e8b 0c01 | 4d8d 4901 | 4e89 0c01 | 0f84 0800 | 0000 4c8b | c0e9 7701 | 0000 8b48 
  0x000014d404e062e8: 1048 c1e1 | 0348 3bca 

  0x000014d404e062f0: ;   {metadata(method data for {method} {0x0000000800409650} 'putVal' '(Ljava/lang/Object;Ljava/lang/Object;Z)Ljava/lang/Object;' in 'java/util/concurrent/ConcurrentHashMap')}
  0x000014d404e062f0: 49b8 d8db | 00bc d314 | 0000 49b9 | c004 0000 | 0000 0000 | 0f84 0a00 | 0000 49b9 | d004 0000 
  0x000014d404e06310: 0000 0000 | 4f8b 1c08 | 4d8d 5b01 | 4f89 1c08 | 0f84 cf01 | 0000 4883 

  0x000014d404e06328: ;   {metadata(method data for {method} {0x0000000800409650} 'putVal' '(Ljava/lang/Object;Ljava/lang/Object;Z)Ljava/lang/Object;' in 'java/util/concurrent/ConcurrentHashMap')}
  0x000014d404e06328: f900 49b8 | d8db 00bc | d314 0000 | 49b9 f004 | 0000 0000 | 0000 0f85 | 0a00 0000 | 49b9 e004 
  0x000014d404e06348: 0000 0000 | 0000 4f8b | 1c08 4d8d | 5b01 4f89 | 1c08 0f85 | 0800 0000 | 4c8b c0e9 | f500 0000 
  0x000014d404e06368: 4889 8424 | a800 0000 

  0x000014d404e06370: ;   {metadata(method data for {method} {0x0000000800409650} 'putVal' '(Ljava/lang/Object;Ljava/lang/Object;Z)Ljava/lang/Object;' in 'java/util/concurrent/ConcurrentHashMap')}
  0x000014d404e06370: 4c8b c249 | b9d8 db00 | bcd3 1400 | 0045 8b40 | 0849 ba00 | 0000 0008 | 0000 004d | 03c2 4d3b 
  0x000014d404e06390: 8110 0500 | 0075 0d49 | 8381 1805 | 0000 01e9 | 6000 0000 | 4d3b 8120 | 0500 0075 | 0d49 8381 
  0x000014d404e063b0: 2805 0000 | 01e9 4a00 | 0000 4983 | b910 0500 | 0000 7517 | 4d89 8110 | 0500 0049 | c781 1805 
  0x000014d404e063d0: 0000 0100 | 0000 e929 | 0000 0049 | 83b9 2005 | 0000 0075 | 174d 8981 | 2005 0000 | 49c7 8128 
  0x000014d404e063f0: 0500 0001 | 0000 00e9 | 0800 0000 | 4983 8100 | 0500 0001 | 4c8b c248 | 8bd1 498b | f048 b8ff 
  0x000014d404e06410: ffff ffff 

  0x000014d404e06414: ;   {virtual_call}
  0x000014d404e06414: ffff ffe8 

  0x000014d404e06418: ; ImmutableOopMap {[104]=Oop [112]=Oop [120]=Oop [144]=Oop [152]=Oop [168]=Oop [216]=Oop }
                      ;*invokevirtual equals {reexecute=0 rethrow=0 return_oop=0}
                      ; - java.util.concurrent.ConcurrentHashMap::putVal@242 (line 1039)
  0x000014d404e06418: e454 5907 

  0x000014d404e0641c: ;   {metadata(method data for {method} {0x0000000800409650} 'putVal' '(Ljava/lang/Object;Ljava/lang/Object;Z)Ljava/lang/Object;' in 'java/util/concurrent/ConcurrentHashMap')}
  0x000014d404e0641c: 83f8 0048 | bad8 db00 | bcd3 1400 | 0048 be48 | 0500 0000 | 0000 000f | 850a 0000 | 0048 be38 
  0x000014d404e0643c: 0500 0000 | 0000 0048 | 8b3c 3248 | 8d7f 0148 | 893c 324c | 8b84 24a8 | 0000 000f | 859b 0000 
  0x000014d404e0645c: 0041 8b50 | 1848 c1e2 | 0348 83fa 

  0x000014d404e06468: ;   {metadata(method data for {method} {0x0000000800409650} 'putVal' '(Ljava/lang/Object;Ljava/lang/Object;Z)Ljava/lang/Object;' in 'java/util/concurrent/ConcurrentHashMap')}
  0x000014d404e06468: 0048 bed8 | db00 bcd3 | 1400 0048 | bfa0 0500 | 0000 0000 | 000f 840a | 0000 0048 | bf90 0500 
  0x000014d404e06488: 0000 0000 | 0048 8b04 | 3e48 8d40 | 0148 8904 | 3e8b 9c24 | a400 0000 | 0f84 1701 | 0000 ffc3 
  0x000014d404e064a8: ;   {metadata(method data for {method} {0x0000000800409650} 'putVal' '(Ljava/lang/Object;Ljava/lang/Object;Z)Ljava/lang/Object;' in 'java/util/concurrent/ConcurrentHashMap')}
  0x000014d404e064a8: 48be d8db | 00bc d314 | 0000 8bbe | f800 0000 | 83c7 0289 | bef8 0000 | 0081 e7fe | 3f00 0083 
  0x000014d404e064c8: ff00 0f84 | 5f0c 0000 | 4d8b 9780 

  0x000014d404e064d4: ; ImmutableOopMap {rdx=Oop [104]=Oop [112]=Oop [120]=Oop [144]=Oop [152]=Oop [216]=Oop }
                      ;*goto {reexecute=1 rethrow=0 return_oop=0}
                      ; - (reexecute) java.util.concurrent.ConcurrentHashMap::putVal@305 (line 1035)
                      ;   {poll}
  0x000014d404e064d4: 0300 0041 

  0x000014d404e064d8: ;   {metadata(method data for {method} {0x0000000800409650} 'putVal' '(Ljava/lang/Object;Ljava/lang/Object;Z)Ljava/lang/Object;' in 'java/util/concurrent/ConcurrentHashMap')}
  0x000014d404e064d8: 8502 48be | d8db 00bc | d314 0000 | ff86 d805 | 0000 4c8b | c249 8bc0 | e99b fdff | ff4c 8bc0 
  0x000014d404e064f8: 8b9c 24a4 | 0000 0044 | 8b8c 2480 | 0000 0041 | 8b50 1448 | c1e2 0341 

  0x000014d404e06510: ;   {metadata(method data for {method} {0x0000000800409650} 'putVal' '(Ljava/lang/Object;Ljava/lang/Object;Z)Ljava/lang/Object;' in 'java/util/concurrent/ConcurrentHashMap')}
  0x000014d404e06510: 83f9 0048 | bed8 db00 | bcd3 1400 | 0048 bf68 | 0500 0000 | 0000 000f | 840a 0000 | 0048 bf58 
  0x000014d404e06530: 0500 0000 | 0000 0048 | 8b04 3e48 | 8d40 0148 | 8904 3e0f | 8417 0000 | 0044 8bac | 2488 0000 
  0x000014d404e06550: 004c 8b74 | 2478 4c8b | 5c24 70e9 | fe01 0000 | 488b 4c24 | 7841 0fbe | 7740 83fe | 000f 85dd 
  0x000014d404e06570: 0b00 004c | 8bd1 49c1 | ea03 4589 | 5014 f083 | 4424 c000 | 498b c048 | 33c1 48c1 | e818 4883 
  0x000014d404e06590: f800 0f85 | d80b 0000 

  0x000014d404e06598: ;   {metadata(method data for {method} {0x0000000800409650} 'putVal' '(Ljava/lang/Object;Ljava/lang/Object;Z)Ljava/lang/Object;' in 'java/util/concurrent/ConcurrentHashMap')}
  0x000014d404e06598: 48be d8db | 00bc d314 | 0000 ff86 | 7805 0000 | 448b ac24 | 8800 0000 | 4c8b f14c | 8b5c 2470 
  0x000014d404e065b8: e9a1 0100 | 008b b424 | 8800 0000 | 448b 8c24 | 8000 0000 | 488b 4c24 | 7848 8b54 | 2470 4c8b 
  0x000014d404e065d8: ;   {metadata('java/util/concurrent/ConcurrentHashMap$Node')}
  0x000014d404e065d8: da48 ba58 | 3518 0008 | 0000 004c | 8bf1 4c8b | ee49 8b87 | f800 0000 | 488d 7820 | 493b bf08 
  0x000014d404e065f8: 0100 000f | 8787 0b00 | 0049 89bf | f800 0000 | 48c7 0001 | 0000 0048 | 8bca 49ba | 0000 0000 
  0x000014d404e06618: 0800 0000 | 492b ca89 | 4808 4833 | c989 480c | 4833 c948 | 8948 1048 | 8948 1848 

  0x000014d404e06634: ;   {metadata(method data for {method} {0x0000000800409650} 'putVal' '(Ljava/lang/Object;Ljava/lang/Object;Z)Ljava/lang/Object;' in 'java/util/concurrent/ConcurrentHashMap')}
  0x000014d404e06634: 8bd0 48b9 | d8db 00bc | d314 0000 | 4883 81b0 | 0500 0001 

  0x000014d404e06648: ;   {metadata(method data for {method} {0x0000000800183d38} '<init>' '(ILjava/lang/Object;Ljava/lang/Object;)V' in 'java/util/concurrent/ConcurrentHashMap$Node')}
  0x000014d404e06648: 48ba d8e4 | 00bc d314 | 0000 8b8a | f400 0000 | 83c1 0289 | 8af4 0000 | 0081 e1fe | ff1f 0083 
  0x000014d404e06668: f900 0f84 | 250b 0000 

  0x000014d404e06670: ;   {metadata(method data for {method} {0x0000000800183d38} '<init>' '(ILjava/lang/Object;Ljava/lang/Object;)V' in 'java/util/concurrent/ConcurrentHashMap$Node')}
  0x000014d404e06670: 488b d048 | b9d8 e400 | bcd3 1400 | 0048 8381 | 3801 0000 

  0x000014d404e06684: ;   {metadata(method data for {method} {0x00000008004745c8} '<init>' '()V' in 'java/lang/Object')}
  0x000014d404e06684: 0148 ba90 | a700 bcd3 | 1400 008b | 8af4 0000 | 0083 c102 | 898a f400 | 0000 81e1 | feff 1f00 
  0x000014d404e066a4: 83f9 000f | 8409 0b00 | 0044 8968 | 0c41 0fbe | 5740 83fa | 000f 8518 | 0b00 004d | 8bd3 49c1 
  0x000014d404e066c4: ea03 4489 | 5010 488b | d049 33d3 | 48c1 ea18 | 4883 fa00 | 0f85 180b | 0000 410f | be57 4083 
  0x000014d404e066e4: fa00 0f85 | 220b 0000 | 4d8b d649 | c1ea 0344 | 8950 14f0 | 8344 24c0 | 0048 8bd0 | 4933 d648 
  0x000014d404e06704: c1ea 1848 | 83fa 000f | 851c 0b00 | 0041 0fbe | 5740 83fa | 000f 8526 | 0b00 004c | 8bd0 49c1 
  0x000014d404e06724: ea03 4589 | 5018 f083 | 4424 c000 | 498b d048 | 33d0 48c1 | ea18 4883 | fa00 0f85 | 210b 0000 
  0x000014d404e06744: ;   {metadata(method data for {method} {0x0000000800409650} 'putVal' '(Ljava/lang/Object;Ljava/lang/Object;Z)Ljava/lang/Object;' in 'java/util/concurrent/ConcurrentHashMap')}
  0x000014d404e06744: 48ba d8db | 00bc d314 | 0000 ff82 | c005 0000 

  0x000014d404e06754: ;   {oop(NULL)}
  0x000014d404e06754: 48ba 0000 | 0000 0000 

  0x000014d404e0675c: ;   {metadata(method data for {method} {0x0000000800409650} 'putVal' '(Ljava/lang/Object;Ljava/lang/Object;Z)Ljava/lang/Object;' in 'java/util/concurrent/ConcurrentHashMap')}
  0x000014d404e0675c: 0000 48b9 | d8db 00bc | d314 0000 | ff81 f005 | 0000 488b | fa48 8bc3 | 4d8b c149 | 8bce e9f8 
  0x000014d404e0677c: 0400 0044 | 8bac 2488 | 0000 0044 | 8b8c 2480 | 0000 004c | 8b74 2478 | 4c8b 5c24 | 7048 83f8 
  0x000014d404e0679c: ;   {metadata(method data for {method} {0x0000000800409650} 'putVal' '(Ljava/lang/Object;Ljava/lang/Object;Z)Ljava/lang/Object;' in 'java/util/concurrent/ConcurrentHashMap')}
  0x000014d404e0679c: 0075 1749 | b8d8 db00 | bcd3 1400 | 0041 8088 | 0106 0000 | 01e9 f900 | 0000 6690 

  0x000014d404e067b8: ;   {no_reloc}
  0x000014d404e067b8: e9cf 0a00 | 0000 0000 | 0000 448b | 4008 49ba | 0000 0000 | 0800 0000 | 4d03 c24c | 3bc6 0f84 
  0x000014d404e067d8: 2a00 0000 | 8b4e 1449 | 3b34 080f | 841d 0000 | 0083 f920 | 0f85 a100 | 0000 4150 

  0x000014d404e067f4: ;   {runtime_call slow_subtype_check Runtime1 stub}
  0x000014d404e067f4: 56e8 86b6 | 6507 4158 | 5e83 fe00 | 0f84 8d00 

  0x000014d404e06804: ;   {metadata(method data for {method} {0x0000000800409650} 'putVal' '(Ljava/lang/Object;Ljava/lang/Object;Z)Ljava/lang/Object;' in 'java/util/concurrent/ConcurrentHashMap')}
  0x000014d404e06804: 0000 49b8 | d8db 00bc | d314 0000 | 8b70 0849 | ba00 0000 | 0008 0000 | 0049 03f2 | 493b b018 
  0x000014d404e06824: 0600 0075 | 0d49 8380 | 2006 0000 | 01e9 7e00 | 0000 493b | b028 0600 | 0075 0d49 | 8380 3006 
  0x000014d404e06844: 0000 01e9 | 6800 0000 | 4983 b818 | 0600 0000 | 7517 4989 | b018 0600 | 0049 c780 | 2006 0000 
  0x000014d404e06864: 0100 0000 | e947 0000 | 0049 83b8 | 2806 0000 | 0075 1749 | 89b0 2806 | 0000 49c7 | 8030 0600 
  0x000014d404e06884: 0001 0000 | 00e9 2600 | 0000 e921 

  0x000014d404e06890: ;   {metadata(method data for {method} {0x0000000800409650} 'putVal' '(Ljava/lang/Object;Ljava/lang/Object;Z)Ljava/lang/Object;' in 'java/util/concurrent/ConcurrentHashMap')}
  0x000014d404e06890: 0000 0049 | b8d8 db00 | bcd3 1400 | 0049 83a8 | 0806 0000 | 01e9 0500 | 0000 e905 | 0000 0048 
  0x000014d404e068b0: 33d2 eb0a | 48ba 0100 | 0000 0000 | 0000 83fa 

  0x000014d404e068c0: ;   {metadata(method data for {method} {0x0000000800409650} 'putVal' '(Ljava/lang/Object;Ljava/lang/Object;Z)Ljava/lang/Object;' in 'java/util/concurrent/ConcurrentHashMap')}
  0x000014d404e068c0: 0048 bad8 | db00 bcd3 | 1400 0048 | b940 0600 | 0000 0000 | 000f 840a | 0000 0048 | b950 0600 
  0x000014d404e068e0: 0000 0000 | 004c 8b04 | 0a4d 8d40 | 014c 8904 | 0a0f 8439 | 0200 0048 | 83f8 0075 

  0x000014d404e068fc: ;   {metadata(method data for {method} {0x0000000800409650} 'putVal' '(Ljava/lang/Object;Ljava/lang/Object;Z)Ljava/lang/Object;' in 'java/util/concurrent/ConcurrentHashMap')}
  0x000014d404e068fc: 1648 b9d8 | db00 bcd3 | 1400 0080 | 8959 0600 | 0001 e9f9 | 0000 000f | 1f44 0000 

  0x000014d404e06918: ;   {no_reloc}
  0x000014d404e06918: e988 0900 | 0000 0000 | 0000 8b48 | 0849 ba00 | 0000 0008 | 0000 0049 | 03ca 483b | cf0f 8428 
  0x000014d404e06938: 0000 008b | 5714 483b | 3c11 0f84 | 1b00 0000 | 83fa 200f | 859f 0000 

  0x000014d404e06950: ;   {runtime_call slow_subtype_check Runtime1 stub}
  0x000014d404e06950: 0051 57e8 | 28b5 6507 | 595f 83ff | 000f 848d 

  0x000014d404e06960: ;   {metadata(method data for {method} {0x0000000800409650} 'putVal' '(Ljava/lang/Object;Ljava/lang/Object;Z)Ljava/lang/Object;' in 'java/util/concurrent/ConcurrentHashMap')}
  0x000014d404e06960: 0000 0048 | b9d8 db00 | bcd3 1400 | 008b 7808 | 49ba 0000 | 0000 0800 | 0000 4903 | fa48 3bb9 
  0x000014d404e06980: 7006 0000 | 750d 4883 | 8178 0600 | 0001 e979 | 0000 0048 | 3bb9 8006 | 0000 750d | 4883 8188 
  0x000014d404e069a0: 0600 0001 | e963 0000 | 0048 83b9 | 7006 0000 | 0075 1748 | 89b9 7006 | 0000 48c7 | 8178 0600 
  0x000014d404e069c0: 0001 0000 | 00e9 4200 | 0000 4883 | b980 0600 | 0000 7517 | 4889 b980 | 0600 0048 | c781 8806 
  0x000014d404e069e0: 0000 0100 | 0000 e921 | 0000 00e9 | 1c00 0000 

  0x000014d404e069f0: ;   {metadata(method data for {method} {0x0000000800409650} 'putVal' '(Ljava/lang/Object;Ljava/lang/Object;Z)Ljava/lang/Object;' in 'java/util/concurrent/ConcurrentHashMap')}
  0x000014d404e069f0: 48b9 d8db | 00bc d314 | 0000 4883 | a960 0600 | 0001 e9a8 | 0800 00e9 | 0000 0000 | 488b f049 
  0x000014d404e06a10: 8bd5 498b | cb4d 8bc6 | 0f1f 4400 | 0048 b8ff | ffff ffff 

  0x000014d404e06a24: ;   {virtual_call}
  0x000014d404e06a24: ffff ffe8 

  0x000014d404e06a28: ; ImmutableOopMap {[104]=Oop [112]=Oop [120]=Oop [144]=Oop [152]=Oop [216]=Oop }
                      ;*invokevirtual putTreeVal {reexecute=0 rethrow=0 return_oop=0}
                      ; - java.util.concurrent.ConcurrentHashMap::putVal@331 (line 1055)
  0x000014d404e06a28: d44e 5907 | 4883 f800 

  0x000014d404e06a30: ;   {metadata(method data for {method} {0x0000000800409650} 'putVal' '(Ljava/lang/Object;Ljava/lang/Object;Z)Ljava/lang/Object;' in 'java/util/concurrent/ConcurrentHashMap')}
  0x000014d404e06a30: 48ba d8db | 00bc d314 | 0000 48b9 | e006 0000 | 0000 0000 | 0f85 0a00 | 0000 48b9 | d006 0000 
  0x000014d404e06a50: 0000 0000 | 488b 340a | 488d 7601 | 4889 340a | 0f85 1c00 

  0x000014d404e06a64: ;   {oop(NULL)}
  0x000014d404e06a64: 0000 48b8 | 0000 0000 | 0000 0000 | 448b 8424 | 8000 0000 | 488b 4c24 | 78e9 9100 | 0000 448b 
  0x000014d404e06a84: 8424 8000 | 0000 8b50 | 1448 c1e2 | 0341 83f8 

  0x000014d404e06a94: ;   {metadata(method data for {method} {0x0000000800409650} 'putVal' '(Ljava/lang/Object;Ljava/lang/Object;Z)Ljava/lang/Object;' in 'java/util/concurrent/ConcurrentHashMap')}
  0x000014d404e06a94: 0048 b9d8 | db00 bcd3 | 1400 0048 | be00 0700 | 0000 0000 | 000f 840a | 0000 0048 | bef0 0600 
  0x000014d404e06ab4: 0000 0000 | 0048 8b3c | 3148 8d7f | 0148 893c | 310f 840d | 0000 0048 | 8bc2 488b | 4c24 78e9 
  0x000014d404e06ad4: 3b00 0000 | 488b 4c24 | 7841 0fbe | 7740 83fe | 000f 85d2 | 0700 004c | 8bd1 49c1 | ea03 4489 
  0x000014d404e06af4: 5014 f083 | 4424 c000 | 488b f048 | 33f1 48c1 | ee18 4883 | fe00 0f85 | cc07 0000 

  0x000014d404e06b10: ;   {metadata(method data for {method} {0x0000000800409650} 'putVal' '(Ljava/lang/Object;Ljava/lang/Object;Z)Ljava/lang/Object;' in 'java/util/concurrent/ConcurrentHashMap')}
  0x000014d404e06b10: 488b c248 | bad8 db00 | bcd3 1400 | 00ff 8210 | 0700 0048 | 8bf8 b802 | 0000 00e9 | 4701 0000 
  0x000014d404e06b30: 4d8b c149 | 8bce 4883 | f800 7516 

  0x000014d404e06b3c: ;   {metadata(method data for {method} {0x0000000800409650} 'putVal' '(Ljava/lang/Object;Ljava/lang/Object;Z)Ljava/lang/Object;' in 'java/util/concurrent/ConcurrentHashMap')}
  0x000014d404e06b3c: 48bf d8db | 00bc d314 | 0000 808f | 2107 0000 | 01e9 cc00 

  0x000014d404e06b50: ;   {metadata('java/util/concurrent/ConcurrentHashMap$ReservationNode')}
  0x000014d404e06b50: 0000 48bb | b046 1800 | 0800 0000 | 8b70 0849 | ba00 0000 | 0008 0000 | 0049 03f2 | 483b de0f 
  0x000014d404e06b70: 858d 0000 

  0x000014d404e06b74: ;   {metadata(method data for {method} {0x0000000800409650} 'putVal' '(Ljava/lang/Object;Ljava/lang/Object;Z)Ljava/lang/Object;' in 'java/util/concurrent/ConcurrentHashMap')}
  0x000014d404e06b74: 0048 bfd8 | db00 bcd3 | 1400 008b | 5808 49ba | 0000 0000 | 0800 0000 | 4903 da48 | 3b9f 3807 
  0x000014d404e06b94: 0000 750d | 4883 8740 | 0700 0001 | e97e 0000 | 0048 3b9f | 4807 0000 | 750d 4883 | 8750 0700 
  0x000014d404e06bb4: 0001 e968 | 0000 0048 | 83bf 3807 | 0000 0075 | 1748 899f | 3807 0000 | 48c7 8740 | 0700 0001 
  0x000014d404e06bd4: 0000 00e9 | 4700 0000 | 4883 bf48 | 0700 0000 | 7517 4889 | 9f48 0700 | 0048 c787 | 5007 0000 
  0x000014d404e06bf4: 0100 0000 | e926 0000 | 00e9 2100 

  0x000014d404e06c00: ;   {metadata(method data for {method} {0x0000000800409650} 'putVal' '(Ljava/lang/Object;Ljava/lang/Object;Z)Ljava/lang/Object;' in 'java/util/concurrent/ConcurrentHashMap')}
  0x000014d404e06c00: 0000 48bf | d8db 00bc | d314 0000 | 4883 af28 | 0700 0001 | e905 0000 | 00e9 0500 | 0000 4833 
  0x000014d404e06c20: d2eb 0a48 | ba01 0000 | 0000 0000 | 0083 fa00 

  0x000014d404e06c30: ;   {metadata(method data for {method} {0x0000000800409650} 'putVal' '(Ljava/lang/Object;Ljava/lang/Object;Z)Ljava/lang/Object;' in 'java/util/concurrent/ConcurrentHashMap')}
  0x000014d404e06c30: 48ba d8db | 00bc d314 | 0000 48be | 7007 0000 | 0000 0000 | 0f85 0a00 | 0000 48be | 6007 0000 
  0x000014d404e06c50: 0000 0000 | 488b 3c32 | 488d 7f01 | 4889 3c32 | 0f85 5e02 | 0000 8b84 | 2484 0000 

  0x000014d404e06c6c: ;   {oop(NULL)}
  0x000014d404e06c6c: 0048 bf00 | 0000 0000 | 0000 0048 | 8bd8 488d | 8424 d000 | 0000 488b | 1048 85d2 | 0f84 0f00 
  0x000014d404e06c8c: 0000 488b | 7008 f048 | 0fb1 160f | 8557 0600 | 0049 ff8f | 7804 0000 

  0x000014d404e06ca4: ;   {metadata(method data for {method} {0x0000000800409650} 'putVal' '(Ljava/lang/Object;Ljava/lang/Object;Z)Ljava/lang/Object;' in 'java/util/concurrent/ConcurrentHashMap')}
  0x000014d404e06ca4: 48ba d8db | 00bc d314 | 0000 ff82 | 9007 0000 

  0x000014d404e06cb4: ;   {metadata(method data for {method} {0x0000000800409650} 'putVal' '(Ljava/lang/Object;Ljava/lang/Object;Z)Ljava/lang/Object;' in 'java/util/concurrent/ConcurrentHashMap')}
  0x000014d404e06cb4: 83fb 0048 | bad8 db00 | bcd3 1400 | 0048 beb8 | 0700 0000 | 0000 000f | 850a 0000 | 0048 bea8 
  0x000014d404e06cd4: 0700 0000 | 0000 0048 | 8b04 3248 | 8d40 0148 | 8904 320f | 8567 0000 | 0048 8b84 | 2490 0000 
  0x000014d404e06cf4: 0048 8bf3 

  0x000014d404e06cf8: ;   {metadata(method data for {method} {0x0000000800409650} 'putVal' '(Ljava/lang/Object;Ljava/lang/Object;Z)Ljava/lang/Object;' in 'java/util/concurrent/ConcurrentHashMap')}
  0x000014d404e06cf8: 48ba d8db | 00bc d314 | 0000 8bba | f800 0000 | 83c7 0289 | baf8 0000 | 0081 e7fe | 3f00 0083 
  0x000014d404e06d18: ff00 0f84 | ea05 0000 | 4d8b 9780 

  0x000014d404e06d24: ; ImmutableOopMap {rcx=Oop rax=Oop [104]=Oop [112]=Oop [120]=Oop }
                      ;*goto {reexecute=1 rethrow=0 return_oop=0}
                      ; - (reexecute) java.util.concurrent.ConcurrentHashMap::putVal@420 (line 1074)
                      ;   {poll}
  0x000014d404e06d24: 0300 0041 

  0x000014d404e06d28: ;   {metadata(method data for {method} {0x0000000800409650} 'putVal' '(Ljava/lang/Object;Ljava/lang/Object;Z)Ljava/lang/Object;' in 'java/util/concurrent/ConcurrentHashMap')}
  0x000014d404e06d28: 8502 48ba | d8db 00bc | d314 0000 | ff82 4008 | 0000 488b | d048 8bc6 | 488b da89 | 8424 8400 
  0x000014d404e06d48: 0000 488b | 7c24 68e9 | 14ee ffff | 488b 9424 | 9000 0000 

  0x000014d404e06d5c: ;   {metadata(method data for {method} {0x0000000800409650} 'putVal' '(Ljava/lang/Object;Ljava/lang/Object;Z)Ljava/lang/Object;' in 'java/util/concurrent/ConcurrentHashMap')}
  0x000014d404e06d5c: 83fb 0848 | b9d8 db00 | bcd3 1400 | 0048 bed8 | 0700 0000 | 0000 000f | 8d0a 0000 | 0048 bec8 
  0x000014d404e06d7c: 0700 0000 | 0000 0048 | 8b04 3148 | 8d40 0148 | 8904 310f | 8d0c 0000 | 0089 9c24 | b800 0000 
  0x000014d404e06d9c: e943 0000 | 0048 89bc | 24b0 0000 | 0089 9c24 | b800 0000 | 448b 8c24 | 8c00 0000 | 488b 7424 
  0x000014d404e06dbc: ;   {metadata(method data for {method} {0x0000000800409650} 'putVal' '(Ljava/lang/Object;Ljava/lang/Object;Z)Ljava/lang/Object;' in 'java/util/concurrent/ConcurrentHashMap')}
  0x000014d404e06dbc: 6848 b9d8 | db00 bcd3 | 1400 0048 | 8381 e807 | 0000 0149 | 8bc9 488b 

  0x000014d404e06dd4: ;   {optimized virtual_call}
  0x000014d404e06dd4: 7424 68e8 

  0x000014d404e06dd8: ; ImmutableOopMap {[104]=Oop [176]=Oop }
                      ;*invokevirtual treeifyBin {reexecute=0 rethrow=0 return_oop=0}
                      ; - java.util.concurrent.ConcurrentHashMap::putVal@409 (line 1068)
  0x000014d404e06dd8: 2448 5907 | 488b bc24 | b000 0000 | 4883 ff00 

  0x000014d404e06de8: ;   {metadata(method data for {method} {0x0000000800409650} 'putVal' '(Ljava/lang/Object;Ljava/lang/Object;Z)Ljava/lang/Object;' in 'java/util/concurrent/ConcurrentHashMap')}
  0x000014d404e06de8: 48b8 d8db | 00bc d314 | 0000 48ba | 3008 0000 | 0000 0000 | 0f85 0a00 | 0000 48ba | 2008 0000 
  0x000014d404e06e08: 0000 0000 | 488b 0c10 | 488d 4901 | 4889 0c10 | 0f85 0c00 | 0000 8b84 | 24b8 0000 | 00e9 4900 
  0x000014d404e06e28: 0000 488b | c748 81c4 | f000 0000 

  0x000014d404e06e34: ;   {poll_return}
  0x000014d404e06e34: 5d49 3ba7 | 7803 0000 | 0f87 e904 | 0000 c348 | 8bc6 4881 | c4f0 0000 

  0x000014d404e06e4c: ;   {poll_return}
  0x000014d404e06e4c: 005d 493b | a778 0300 | 000f 87e6 | 0400 00c3 | 8b84 2484 

  0x000014d404e06e60: ;   {metadata(method data for {method} {0x0000000800409650} 'putVal' '(Ljava/lang/Object;Ljava/lang/Object;Z)Ljava/lang/Object;' in 'java/util/concurrent/ConcurrentHashMap')}
  0x000014d404e06e60: 0000 0048 | bad8 db00 | bcd3 1400 | 00ff 82d0 | 0200 0048 | 8b74 2468 

  0x000014d404e06e78: ;   {metadata(method data for {method} {0x0000000800409650} 'putVal' '(Ljava/lang/Object;Ljava/lang/Object;Z)Ljava/lang/Object;' in 'java/util/concurrent/ConcurrentHashMap')}
  0x000014d404e06e78: 488b d648 | b9d8 db00 | bcd3 1400 | 0048 8381 | 5808 0000 | 0148 ba01 | 0000 0000 | 0000 0048 
  0x000014d404e06e98: 8bc8 0f1f 

  0x000014d404e06e9c: ;   {optimized virtual_call}
  0x000014d404e06e9c: 4400 00e8 

  0x000014d404e06ea0: ; ImmutableOopMap {}
                      ;*invokevirtual addCount {reexecute=0 rethrow=0 return_oop=0}
                      ; - java.util.concurrent.ConcurrentHashMap::putVal@427 (line 1075)
  0x000014d404e06ea0: 5c47 5907 

  0x000014d404e06ea4: ;   {oop(NULL)}
  0x000014d404e06ea4: 48b8 0000 | 0000 0000 | 0000 4881 | c4f0 0000 

  0x000014d404e06eb4: ;   {poll_return}
  0x000014d404e06eb4: 005d 493b | a778 0300 | 000f 8794 | 0400 00c3 | 0f1f 4000 

  0x000014d404e06ec8: ;   {no_reloc}
  0x000014d404e06ec8: e9af 0400 | 0000 0000 | 0000 e9af | 0400 0048 

  0x000014d404e06ed8: ;   {metadata(method data for {method} {0x0000000800409650} 'putVal' '(Ljava/lang/Object;Ljava/lang/Object;Z)Ljava/lang/Object;' in 'java/util/concurrent/ConcurrentHashMap')}
  0x000014d404e06ed8: 8bd0 48be | d8db 00bc | d314 0000 | 4883 8680 | 0700 0001 

  0x000014d404e06eec: ;   {oop("Recursive update"{0x00000007ff03a5c0})}
  0x000014d404e06eec: 48ba c0a5 | 03ff 0700 | 0000 488b | f048 8984 | 24c0 0000 | 0066 0f1f 

  0x000014d404e06f04: ;   {optimized virtual_call}
  0x000014d404e06f04: 4400 00e8 

  0x000014d404e06f08: ; ImmutableOopMap {[152]=Oop [192]=Oop [216]=Oop }
                      ;*invokespecial <init> {reexecute=0 rethrow=0 return_oop=0}
                      ; - java.util.concurrent.ConcurrentHashMap::putVal@374 (line 1063)
  0x000014d404e06f08: f446 5907 | 488b 8424 

  0x000014d404e06f10: ; ImmutableOopMap {rax=Oop [152]=Oop [216]=Oop }
                      ;*athrow {reexecute=1 rethrow=0 return_oop=0}
                      ; - (reexecute) java.util.concurrent.ConcurrentHashMap::putVal@377 (line 1063)
  0x000014d404e06f10: c000 0000 

  0x000014d404e06f14: ;   {section_word}
  0x000014d404e06f14: 48ba 146f | e004 d414 

  0x000014d404e06f1c: ;   {runtime_call handle_exception_nofpu Runtime1 stub}
  0x000014d404e06f1c: 0000 e85d | a65c 0790 | 0f1f 4000 

  0x000014d404e06f28: ;   {no_reloc}
  0x000014d404e06f28: e975 0400 | 0000 0000 | 0000 498b | 87f8 0000 | 0048 8d78 | 3049 3bbf | 0801 0000 | 0f87 6204 
  0x000014d404e06f48: 0000 4989 | bff8 0000 | 0048 c700 | 0100 0000 | 488b ca49 | ba00 0000 | 0008 0000 | 0049 2bca 
  0x000014d404e06f68: 8948 0848 | 33c9 8948 | 0c48 33c9 | 4889 4810 | 4889 4818 | 4889 4820 | 4889 4828 

  0x000014d404e06f84: ;   {metadata(method data for {method} {0x0000000800409650} 'putVal' '(Ljava/lang/Object;Ljava/lang/Object;Z)Ljava/lang/Object;' in 'java/util/concurrent/ConcurrentHashMap')}
  0x000014d404e06f84: 488b f048 | bfd8 db00 | bcd3 1400 | 0048 8387 | 7801 0000 | 0148 8bf0 | 4889 8424 | c800 0000 
  0x000014d404e06fa4: ;   {optimized virtual_call}
  0x000014d404e06fa4: 6666 90e8 

  0x000014d404e06fa8: ; ImmutableOopMap {[200]=Oop }
                      ;*invokespecial <init> {reexecute=0 rethrow=0 return_oop=0}
                      ; - java.util.concurrent.ConcurrentHashMap::putVal@12 (line 1011)
  0x000014d404e06fa8: 5446 5907 | 488b 8424 | c800 0000 | e933 0400 | 0049 8b87 | 2804 0000 | 4d33 d24d | 8997 2804 
  0x000014d404e06fc8: 0000 4d33 | d24d 8997 | 3004 0000 | 488b f048 | 8d84 24d0 | 0000 0048 | 8b38 4885 | ff0f 840f 
  0x000014d404e06fe8: 0000 0048 | 8b58 08f0 | 480f b13b | 0f85 bf03 | 0000 49ff | 8f78 0400 | 0048 8bc6 | e9e3 0300 
  0x000014d404e07008: ;   {metadata({method} {0x0000000800409650} 'putVal' '(Ljava/lang/Object;Ljava/lang/Object;Z)Ljava/lang/Object;' in 'java/util/concurrent/ConcurrentHashMap')}
  0x000014d404e07008: 0049 ba50 | 9640 0008 | 0000 004c | 8954 2408 | 48c7 0424 | ffff ffff 

  0x000014d404e07020: ;   {runtime_call counter_overflow Runtime1 stub}
  0x000014d404e07020: e85b d365 

  0x000014d404e07024: ; ImmutableOopMap {rsi=Oop rdx=Oop rcx=Oop [104]=Oop [112]=Oop [120]=Oop }
                      ;*synchronization entry
                      ; - java.util.concurrent.ConcurrentHashMap::putVal@-1 (line 1011)
  0x000014d404e07024: 07e9 b4e9 

  0x000014d404e07028: ;   {runtime_call throw_null_pointer_exception Runtime1 stub}
  0x000014d404e07028: ffff e851 

  0x000014d404e0702c: ; ImmutableOopMap {rdx=Oop [104]=Oop [112]=Oop [120]=Oop }
                      ;*invokevirtual hashCode {reexecute=0 rethrow=0 return_oop=0}
                      ; - java.util.concurrent.ConcurrentHashMap::putVal@17 (line 1012)
                      ;   {metadata({method} {0x0000000800409700} 'spread' '(I)I' in 'java/util/concurrent/ConcurrentHashMap')}
  0x000014d404e0702c: 805c 0749 | ba00 9740 | 0008 0000 | 004c 8954 | 2408 48c7 | 0424 ffff 

  0x000014d404e07044: ;   {runtime_call counter_overflow Runtime1 stub}
  0x000014d404e07044: ffff e835 

  0x000014d404e07048: ; ImmutableOopMap {[104]=Oop [112]=Oop [120]=Oop }
                      ;*synchronization entry
                      ; - java.util.concurrent.ConcurrentHashMap::spread@-1 (line 697)
                      ; - java.util.concurrent.ConcurrentHashMap::putVal@20 (line 1012)
  0x000014d404e07048: d365 07e9 | e6ea ffff 

  0x000014d404e07050: ;   {runtime_call throw_null_pointer_exception Runtime1 stub}
  0x000014d404e07050: e82b 805c 

  0x000014d404e07054: ; ImmutableOopMap {rdi=Oop rbx=Oop [104]=Oop [112]=Oop [120]=Oop }
                      ;*arraylength {reexecute=0 rethrow=0 return_oop=0}
                      ; - java.util.concurrent.ConcurrentHashMap::putVal@41 (line 1016)
  0x000014d404e07054: 0748 8bd2 

  0x000014d404e07058: ;   {runtime_call fast_new_instance Runtime1 stub}
  0x000014d404e07058: e823 b45c 

  0x000014d404e0705c: ; ImmutableOopMap {rbx=Oop r11=Oop [104]=Oop [112]=Oop [120]=Oop [144]=Oop }
                      ;*new {reexecute=0 rethrow=0 return_oop=0}
                      ; - java.util.concurrent.ConcurrentHashMap::putVal@83 (line 1019)
  0x000014d404e0705c: 07e9 baec 

  0x000014d404e07060: ;   {metadata({method} {0x0000000800183d38} '<init>' '(ILjava/lang/Object;Ljava/lang/Object;)V' in 'java/util/concurrent/ConcurrentHashMap$Node')}
  0x000014d404e07060: ffff 49ba | 383d 1800 | 0800 0000 | 4c89 5424 | 0848 c704 | 24ff ffff 

  0x000014d404e07078: ;   {runtime_call counter_overflow Runtime1 stub}
  0x000014d404e07078: ffe8 02d3 

  0x000014d404e0707c: ; ImmutableOopMap {rbx=Oop r11=Oop rax=Oop [104]=Oop [112]=Oop [120]=Oop [144]=Oop }
                      ;*synchronization entry
                      ; - java.util.concurrent.ConcurrentHashMap$Node::<init>@-1 (line 631)
                      ; - java.util.concurrent.ConcurrentHashMap::putVal@91 (line 1019)
  0x000014d404e0707c: 6507 e9d6 

  0x000014d404e07080: ;   {metadata({method} {0x00000008004745c8} '<init>' '()V' in 'java/lang/Object')}
  0x000014d404e07080: ecff ff49 | bac8 4547 | 0008 0000 | 004c 8954 | 2408 48c7 | 0424 ffff 

  0x000014d404e07098: ;   {runtime_call counter_overflow Runtime1 stub}
  0x000014d404e07098: ffff e8e1 

  0x000014d404e0709c: ; ImmutableOopMap {rbx=Oop r11=Oop rax=Oop [104]=Oop [112]=Oop [120]=Oop [144]=Oop }
                      ;*synchronization entry
                      ; - java.lang.Object::<init>@-1 (line 45)
                      ; - java.util.concurrent.ConcurrentHashMap$Node::<init>@1 (line 631)
                      ; - java.util.concurrent.ConcurrentHashMap::putVal@91 (line 1019)
  0x000014d404e0709c: d265 07e9 | f2ec ffff | 8b70 1048 | c1e6 0348 | 83fe 000f | 84f3 ecff | ff48 8934 

  0x000014d404e070b8: ;   {runtime_call g1_pre_barrier_slow}
  0x000014d404e070b8: 24e8 c2d8 | 6507 e9e5 | ecff ff48 | 83fb 000f | 84fa ecff | ff48 8904 

  0x000014d404e070d0: ;   {runtime_call g1_post_barrier_slow}
  0x000014d404e070d0: 24e8 aadb | 6507 e9ec | ecff ff8b | 7014 48c1 | e603 4883 | fe00 0f84 | e9ec ffff | 4889 3424 
  0x000014d404e070f0: ;   {runtime_call g1_pre_barrier_slow}
  0x000014d404e070f0: e88b d865 | 07e9 dbec | ffff 4983 | fb00 0f84 | f6ec ffff | 4889 0424 

  0x000014d404e07108: ;   {runtime_call g1_post_barrier_slow}
  0x000014d404e07108: e873 db65 | 07e9 e8ec 

  0x000014d404e07110: ;   {runtime_call throw_null_pointer_exception Runtime1 stub}
  0x000014d404e07110: ffff e869 

  0x000014d404e07114: ; ImmutableOopMap {rax=Oop [104]=Oop [112]=Oop [120]=Oop [144]=Oop [152]=Oop }
                      ;*getfield hash {reexecute=1 rethrow=0 return_oop=0}
                      ; - (reexecute) java.util.concurrent.ConcurrentHashMap::putVal@105 (line 1022)
  0x000014d404e07114: 7f5c 0748 | 897c 2408 | 4889 3424 

  0x000014d404e07120: ;   {runtime_call monitorenter_nofpu Runtime1 stub}
  0x000014d404e07120: e85b b365 

  0x000014d404e07124: ; ImmutableOopMap {rdi=Oop [104]=Oop [112]=Oop [120]=Oop [144]=Oop [152]=Oop [216]=Oop }
                      ;*monitorenter {reexecute=0 rethrow=0 return_oop=0}
                      ; - java.util.concurrent.ConcurrentHashMap::putVal@187 (line 1031)
  0x000014d404e07124: 07e9 91f0 

  0x000014d404e07128: ;   {runtime_call throw_null_pointer_exception Runtime1 stub}
  0x000014d404e07128: ffff e851 

  0x000014d404e0712c: ; ImmutableOopMap {rax=Oop rdx=Oop [104]=Oop [112]=Oop [120]=Oop [144]=Oop [152]=Oop [216]=Oop }
                      ;*getfield hash {reexecute=1 rethrow=0 return_oop=0}
                      ; - (reexecute) java.util.concurrent.ConcurrentHashMap::putVal@214 (line 1037)
                      ;   {metadata({method} {0x0000000800409650} 'putVal' '(Ljava/lang/Object;Ljava/lang/Object;Z)Ljava/lang/Object;' in 'java/util/concurrent/ConcurrentHashMap')}
  0x000014d404e0712c: 7f5c 0749 | ba50 9640 | 0008 0000 | 004c 8954 | 2408 48c7 | 0424 3101 

  0x000014d404e07144: ;   {runtime_call counter_overflow Runtime1 stub}
  0x000014d404e07144: 0000 e835 

  0x000014d404e07148: ; ImmutableOopMap {rdx=Oop [104]=Oop [112]=Oop [120]=Oop [144]=Oop [152]=Oop [216]=Oop }
                      ;*goto {reexecute=1 rethrow=0 return_oop=0}
                      ; - (reexecute) java.util.concurrent.ConcurrentHashMap::putVal@305 (line 1035)
  0x000014d404e07148: d265 07e9 | 80f3 ffff | 418b 7014 | 48c1 e603 | 4883 fe00 | 0f84 11f4 | ffff 4889 

  0x000014d404e07164: ;   {runtime_call g1_pre_barrier_slow}
  0x000014d404e07164: 3424 e815 | d865 07e9 | 03f4 ffff | 4883 f900 | 0f84 1ef4 | ffff 4c89 

  0x000014d404e0717c: ;   {runtime_call g1_post_barrier_slow}
  0x000014d404e0717c: 0424 e8fd | da65 07e9 | 10f4 ffff 

  0x000014d404e07188: ;   {runtime_call fast_new_instance Runtime1 stub}
  0x000014d404e07188: 488b d2e8 

  0x000014d404e0718c: ; ImmutableOopMap {r8=Oop r11=Oop r14=Oop [104]=Oop [112]=Oop [120]=Oop [144]=Oop [152]=Oop [216]=Oop }
                      ;*new {reexecute=0 rethrow=0 return_oop=0}
                      ; - java.util.concurrent.ConcurrentHashMap::putVal@285 (line 1047)
  0x000014d404e0718c: f0b2 5c07 | e99e f4ff 

  0x000014d404e07194: ;   {metadata({method} {0x0000000800183d38} '<init>' '(ILjava/lang/Object;Ljava/lang/Object;)V' in 'java/util/concurrent/ConcurrentHashMap$Node')}
  0x000014d404e07194: ff49 ba38 | 3d18 0008 | 0000 004c | 8954 2408 | 48c7 0424 | ffff ffff 

  0x000014d404e071ac: ;   {runtime_call counter_overflow Runtime1 stub}
  0x000014d404e071ac: e8cf d165 

  0x000014d404e071b0: ; ImmutableOopMap {r8=Oop r11=Oop r14=Oop rax=Oop [104]=Oop [112]=Oop [120]=Oop [144]=Oop [152]=Oop [216]=Oop }
                      ;*synchronization entry
                      ; - java.util.concurrent.ConcurrentHashMap$Node::<init>@-1 (line 631)
                      ; - java.util.concurrent.ConcurrentHashMap::putVal@293 (line 1047)
  0x000014d404e071b0: 07e9 baf4 

  0x000014d404e071b4: ;   {metadata({method} {0x00000008004745c8} '<init>' '()V' in 'java/lang/Object')}
  0x000014d404e071b4: ffff 49ba | c845 4700 | 0800 0000 | 4c89 5424 | 0848 c704 | 24ff ffff 

  0x000014d404e071cc: ;   {runtime_call counter_overflow Runtime1 stub}
  0x000014d404e071cc: ffe8 aed1 

  0x000014d404e071d0: ; ImmutableOopMap {r8=Oop r11=Oop r14=Oop rax=Oop [104]=Oop [112]=Oop [120]=Oop [144]=Oop [152]=Oop [216]=Oop }
                      ;*synchronization entry
                      ; - java.lang.Object::<init>@-1 (line 45)
                      ; - java.util.concurrent.ConcurrentHashMap$Node::<init>@1 (line 631)
                      ; - java.util.concurrent.ConcurrentHashMap::putVal@293 (line 1047)
  0x000014d404e071d0: 6507 e9d6 | f4ff ff8b | 5010 48c1 | e203 4883 | fa00 0f84 | d7f4 ffff | 4889 1424 

  0x000014d404e071ec: ;   {runtime_call g1_pre_barrier_slow}
  0x000014d404e071ec: e88f d765 | 07e9 c9f4 | ffff 4983 | fb00 0f84 | def4 ffff | 4889 0424 

  0x000014d404e07204: ;   {runtime_call g1_post_barrier_slow}
  0x000014d404e07204: e877 da65 | 07e9 d0f4 | ffff 8b50 | 1448 c1e2 | 0348 83fa | 000f 84cd | f4ff ff48 

  0x000014d404e07220: ;   {runtime_call g1_pre_barrier_slow}
  0x000014d404e07220: 8914 24e8 | 58d7 6507 | e9bf f4ff | ff49 83fe | 000f 84da | f4ff ff48 

  0x000014d404e07238: ;   {runtime_call g1_post_barrier_slow}
  0x000014d404e07238: 8904 24e8 | 40da 6507 | e9cc f4ff | ff41 8b50 | 1848 c1e2 | 0348 83fa | 000f 84c8 | f4ff ff48 
  0x000014d404e07258: ;   {runtime_call g1_pre_barrier_slow}
  0x000014d404e07258: 8914 24e8 | 20d7 6507 | e9ba f4ff | ff48 83f8 | 000f 84d5 | f4ff ff4c 

  0x000014d404e07270: ;   {runtime_call g1_post_barrier_slow}
  0x000014d404e07270: 8904 24e8 | 08da 6507 | e9c7 f4ff 

  0x000014d404e0727c: ;   {metadata(NULL)}
  0x000014d404e0727c: ff48 be00 | 0000 0000 | 0000 00b8 | 000f 050a 

  0x000014d404e0728c: ;   {runtime_call load_klass_patching Runtime1 stub}
  0x000014d404e0728c: e8ef c165 

  0x000014d404e07290: ; ImmutableOopMap {r11=Oop r14=Oop rax=Oop [104]=Oop [112]=Oop [120]=Oop [144]=Oop [152]=Oop [216]=Oop }
                      ;*instanceof {reexecute=1 rethrow=0 return_oop=0}
                      ; - (reexecute) java.util.concurrent.ConcurrentHashMap::putVal@313 (line 1052)
  0x000014d404e07290: 07e9 22f5 

  0x000014d404e07294: ;   {metadata(NULL)}
  0x000014d404e07294: ffff 48bf | 0000 0000 | 0000 0000 | b800 0f05 

  0x000014d404e072a4: ;   {runtime_call load_klass_patching Runtime1 stub}
  0x000014d404e072a4: 0ae8 d6c1 

  0x000014d404e072a8: ; ImmutableOopMap {r11=Oop r14=Oop rax=Oop [104]=Oop [112]=Oop [120]=Oop [144]=Oop [152]=Oop [216]=Oop }
                      ;*checkcast {reexecute=1 rethrow=0 return_oop=0}
                      ; - (reexecute) java.util.concurrent.ConcurrentHashMap::putVal@324 (line 1055)
  0x000014d404e072a8: 6507 e969 | f6ff ff48 

  0x000014d404e072b0: ;   {runtime_call throw_class_cast_exception Runtime1 stub}
  0x000014d404e072b0: 8904 24e8 

  0x000014d404e072b4: ; ImmutableOopMap {r11=Oop r14=Oop rax=Oop [104]=Oop [112]=Oop [120]=Oop [144]=Oop [152]=Oop [216]=Oop }
                      ;*checkcast {reexecute=0 rethrow=0 return_oop=0}
                      ; - java.util.concurrent.ConcurrentHashMap::putVal@324 (line 1055)
  0x000014d404e072b4: c8a5 6507 

  0x000014d404e072b8: ;   {runtime_call throw_null_pointer_exception Runtime1 stub}
  0x000014d404e072b8: e8c3 7d5c 

  0x000014d404e072bc: ; ImmutableOopMap {rax=Oop [104]=Oop [112]=Oop [120]=Oop [144]=Oop [152]=Oop [216]=Oop }
                      ;*getfield val {reexecute=1 rethrow=0 return_oop=0}
                      ; - (reexecute) java.util.concurrent.ConcurrentHashMap::putVal@342 (line 1057)
  0x000014d404e072bc: 078b 7014 | 48c1 e603 | 4883 fe00 | 0f84 1df8 | ffff 4889 

  0x000014d404e072d0: ;   {runtime_call g1_pre_barrier_slow}
  0x000014d404e072d0: 3424 e8a9 | d665 07e9 | 0ff8 ffff | 4883 f900 | 0f84 2af8 | ffff 4889 

  0x000014d404e072e8: ;   {runtime_call g1_post_barrier_slow}
  0x000014d404e072e8: 0424 e891 | d965 07e9 | 1cf8 ffff | 488d 8424 | d000 0000 | 4889 0424 

  0x000014d404e07300: ;   {runtime_call monitorexit_nofpu Runtime1 stub}
  0x000014d404e07300: e87b b765 | 07e9 9af9 

  0x000014d404e07308: ;   {metadata({method} {0x0000000800409650} 'putVal' '(Ljava/lang/Object;Ljava/lang/Object;Z)Ljava/lang/Object;' in 'java/util/concurrent/ConcurrentHashMap')}
  0x000014d404e07308: ffff 49ba | 5096 4000 | 0800 0000 | 4c89 5424 | 0848 c704 | 24a4 0100 

  0x000014d404e07320: ;   {runtime_call counter_overflow Runtime1 stub}
  0x000014d404e07320: 00e8 5ad0 

  0x000014d404e07324: ; ImmutableOopMap {rcx=Oop rax=Oop [104]=Oop [112]=Oop [120]=Oop }
                      ;*goto {reexecute=1 rethrow=0 return_oop=0}
                      ; - (reexecute) java.util.concurrent.ConcurrentHashMap::putVal@420 (line 1074)
  0x000014d404e07324: 6507 e9f5 

  0x000014d404e07328: ;   {internal_word}
  0x000014d404e07328: f9ff ff49 | ba35 6ee0 | 04d4 1400 | 004d 8997 | 9003 0000 

  0x000014d404e0733c: ;   {runtime_call SafepointBlob}
  0x000014d404e0733c: e93f af59 

  0x000014d404e07340: ;   {internal_word}
  0x000014d404e07340: 0749 ba4e | 6ee0 04d4 | 1400 004d | 8997 9003 

  0x000014d404e07350: ;   {runtime_call SafepointBlob}
  0x000014d404e07350: 0000 e929 

  0x000014d404e07354: ;   {internal_word}
  0x000014d404e07354: af59 0749 | bab6 6ee0 | 04d4 1400 | 004d 8997 | 9003 0000 

  0x000014d404e07368: ;   {runtime_call SafepointBlob}
  0x000014d404e07368: e913 af59 

  0x000014d404e0736c: ;   {metadata(NULL)}
  0x000014d404e0736c: 0748 ba00 | 0000 0000 | 0000 00b8 | 000f 050a 

  0x000014d404e0737c: ;   {runtime_call load_klass_patching Runtime1 stub}
  0x000014d404e0737c: e8ff c065 

  0x000014d404e07380: ; ImmutableOopMap {[152]=Oop [216]=Oop }
                      ;*new {reexecute=1 rethrow=0 return_oop=0}
                      ; - (reexecute) java.util.concurrent.ConcurrentHashMap::putVal@368 (line 1063)
  0x000014d404e07380: 07e9 42fb | ffff 488b 

  0x000014d404e07388: ;   {runtime_call new_instance Runtime1 stub}
  0x000014d404e07388: d2e8 f2b3 

  0x000014d404e0738c: ; ImmutableOopMap {[152]=Oop [216]=Oop }
                      ;*new {reexecute=0 rethrow=0 return_oop=0}
                      ; - java.util.concurrent.ConcurrentHashMap::putVal@368 (line 1063)
  0x000014d404e0738c: 5c07 e944 

  0x000014d404e07390: ;   {metadata(NULL)}
  0x000014d404e07390: fbff ff48 | ba00 0000 | 0000 0000 | 00b8 000f 

  0x000014d404e073a0: ;   {runtime_call load_klass_patching Runtime1 stub}
  0x000014d404e073a0: 050a e8d9 

  0x000014d404e073a4: ; ImmutableOopMap {}
                      ;*new {reexecute=1 rethrow=0 return_oop=0}
                      ; - (reexecute) java.util.concurrent.ConcurrentHashMap::putVal@8 (line 1011)
  0x000014d404e073a4: c065 07e9 | 7cfb ffff 

  0x000014d404e073ac: ;   {runtime_call fast_new_instance Runtime1 stub}
  0x000014d404e073ac: 488b d2e8 

  0x000014d404e073b0: ; ImmutableOopMap {}
                      ;*new {reexecute=0 rethrow=0 return_oop=0}
                      ; - java.util.concurrent.ConcurrentHashMap::putVal@8 (line 1011)
  0x000014d404e073b0: ccb0 5c07 | e9cb fbff | ff48 8d84 | 24d0 0000 | 0048 8904 

  0x000014d404e073c4: ;   {runtime_call monitorexit_nofpu Runtime1 stub}
  0x000014d404e073c4: 24e8 b6b6 | 6507 e932 | fcff ff49 | 8b87 2804 | 0000 49c7 | 8728 0400 | 0000 0000 | 0049 c787 
  0x000014d404e073e4: 3004 0000 | 0000 0000 | 4881 c4f0 | 0000 005d 

  0x000014d404e073f4: ;   {runtime_call unwind_exception Runtime1 stub}
  0x000014d404e073f4: e987 8b5c | 07f4 f4f4 | f4f4 f4f4 
[Stub Code]
  0x000014d404e07400: ;   {no_reloc}
  0x000014d404e07400: 0f1f 4400 

  0x000014d404e07404: ;   {static_stub}
  0x000014d404e07404: 0048 bb00 | 0000 0000 

  0x000014d404e0740c: ;   {runtime_call}
  0x000014d404e0740c: 0000 00e9 | fbff ffff 

  0x000014d404e07414: ;   {static_stub}
  0x000014d404e07414: 9048 bb00 | 0000 0000 

  0x000014d404e0741c: ;   {runtime_call}
  0x000014d404e0741c: 0000 00e9 | fbff ffff 

  0x000014d404e07424: ;   {static_stub}
  0x000014d404e07424: 9048 bb00 | 0000 0000 

  0x000014d404e0742c: ;   {runtime_call}
  0x000014d404e0742c: 0000 00e9 | fbff ffff 

  0x000014d404e07434: ;   {static_stub}
  0x000014d404e07434: 9048 bb00 | 0000 0000 

  0x000014d404e0743c: ;   {runtime_call}
  0x000014d404e0743c: 0000 00e9 | fbff ffff 

  0x000014d404e07444: ;   {static_stub}
  0x000014d404e07444: 9048 bb00 | 0000 0000 

  0x000014d404e0744c: ;   {runtime_call}
  0x000014d404e0744c: 0000 00e9 | fbff ffff 
[Exception Handler]
  0x000014d404e07454: ;   {runtime_call handle_exception_from_callee Runtime1 stub}
  0x000014d404e07454: e8a7 9a5c 

  0x000014d404e07458: ;   {external_word}
  0x000014d404e07458: 0748 bf90 | d2df 23d4 | 1400 0048 

  0x000014d404e07464: ;   {runtime_call MacroAssembler::debug64(char*, long, long*)}
  0x000014d404e07464: 83e4 f0e8 | 2472 c01e 

  0x000014d404e0746c: ;   {section_word}
  0x000014d404e0746c: f449 ba6d | 74e0 04d4 | 1400 0041 

  0x000014d404e07478: ;   {runtime_call DeoptimizationBlob}
  0x000014d404e07478: 52e9 a2a0 

  0x000014d404e0747c: ;   {static_stub}
  0x000014d404e0747c: 5907 48bb | 0000 0000 | 0000 0000 

  0x000014d404e07488: ;   {runtime_call}
  0x000014d404e07488: e9fb ffff 

  0x000014d404e0748c: ;   {static_stub}
  0x000014d404e0748c: ff48 bb00 | 0000 0000 

  0x000014d404e07494: ;   {runtime_call}
  0x000014d404e07494: 0000 00e9 | fbff ffff 

  0x000014d404e0749c: ;   {static_stub}
  0x000014d404e0749c: 48bb 0000 | 0000 0000 

  0x000014d404e074a4: ;   {runtime_call}
  0x000014d404e074a4: 0000 e9fb 

  0x000014d404e074a8: ;   {static_stub}
  0x000014d404e074a8: ffff ff48 | bb00 0000 | 0000 0000 

  0x000014d404e074b4: ;   {runtime_call}
  0x000014d404e074b4: 00e9 fbff 

  0x000014d404e074b8: ;   {static_stub}
  0x000014d404e074b8: ffff 48bb | 0000 0000 | 0000 0000 

  0x000014d404e074c4: ;   {runtime_call}
  0x000014d404e074c4: e9fb ffff 

  0x000014d404e074c8: ;   {static_stub}
  0x000014d404e074c8: ff48 bb00 | 0000 0000 

  0x000014d404e074d0: ;   {runtime_call}
  0x000014d404e074d0: 0000 00e9 | fbff ffff 

  0x000014d404e074d8: ;   {static_stub}
  0x000014d404e074d8: 48bb 0000 | 0000 0000 

  0x000014d404e074e0: ;   {runtime_call}
  0x000014d404e074e0: 0000 e9fb | ffff fff4 
[/MachCode]


Compiled method (c1)     145   26       3       java.util.concurrent.ConcurrentHashMap::putIfAbsent (8 bytes)
 total in heap  [0x000014d404e09f90,0x000014d404e0a2d0] = 832
 relocation     [0x000014d404e0a0d8,0x000014d404e0a118] = 64
 main code      [0x000014d404e0a120,0x000014d404e0a220] = 256
 stub code      [0x000014d404e0a220,0x000014d404e0a260] = 64
 metadata       [0x000014d404e0a260,0x000014d404e0a268] = 8
 scopes data    [0x000014d404e0a268,0x000014d404e0a288] = 32
 scopes pcs     [0x000014d404e0a288,0x000014d404e0a2c8] = 64
 dependencies   [0x000014d404e0a2c8,0x000014d404e0a2d0] = 8

[Constant Pool (empty)]

[MachCode]
[Entry Point]
  # {method} {0x0000000800066a20} 'putIfAbsent' '(Ljava/lang/Object;Ljava/lang/Object;)Ljava/lang/Object;' in 'java/util/concurrent/ConcurrentHashMap'
  # this:     rsi:rsi   = 'java/util/concurrent/ConcurrentHashMap'
  # parm0:    rdx:rdx   = 'java/lang/Object'
  # parm1:    rcx:rcx   = 'java/lang/Object'
  #           [sp+0x40]  (sp of caller)
  0x000014d404e0a120: 448b 5608 | 49bb 0000 | 0000 0800 | 0000 4d03 | d34c 3bd0 

  0x000014d404e0a134: ;   {runtime_call ic_miss_stub}
  0x000014d404e0a134: 0f85 c611 | 5907 660f | 1f44 0000 
[Verified Entry Point]
  0x000014d404e0a140: 8984 2400 | c0fe ff55 | 4883 ec30 | 4181 7f20 | 0100 0000 

  0x000014d404e0a154: ;   {runtime_call StubRoutines (2)}
  0x000014d404e0a154: 7405 e8a5 

  0x000014d404e0a158: ;   {metadata(method data for {method} {0x0000000800066a20} 'putIfAbsent' '(Ljava/lang/Object;Ljava/lang/Object;)Ljava/lang/Object;' in 'java/util/concurrent/ConcurrentHashMap')}
  0x000014d404e0a158: 6d57 0749 | b868 fc00 | bcd3 1400 | 0041 8bb8 | f400 0000 | 83c7 0241 | 89b8 f400 | 0000 81e7 
  0x000014d404e0a178: fe07 0000 | 83ff 000f | 843a 0000 | 004c 8bc6 

  0x000014d404e0a188: ;   {metadata(method data for {method} {0x0000000800066a20} 'putIfAbsent' '(Ljava/lang/Object;Ljava/lang/Object;)Ljava/lang/Object;' in 'java/util/concurrent/ConcurrentHashMap')}
  0x000014d404e0a188: 48bf 68fc | 00bc d314 | 0000 4883 | 8738 0100 | 0001 41b8 | 0100 0000 | 0f1f 8000 

  0x000014d404e0a1a4: ;   {optimized virtual_call}
  0x000014d404e0a1a4: 0000 00e8 

  0x000014d404e0a1a8: ; ImmutableOopMap {}
                      ;*invokevirtual putVal {reexecute=0 rethrow=0 return_oop=0}
                      ; - java.util.concurrent.ConcurrentHashMap::putIfAbsent@4 (line 1541)
  0x000014d404e0a1a8: d4b7 ffff | 4883 c430 

  0x000014d404e0a1b0: ;   {poll_return}
  0x000014d404e0a1b0: 5d49 3ba7 | 7803 0000 | 0f87 1f00 

  0x000014d404e0a1bc: ;   {metadata({method} {0x0000000800066a20} 'putIfAbsent' '(Ljava/lang/Object;Ljava/lang/Object;)Ljava/lang/Object;' in 'java/util/concurrent/ConcurrentHashMap')}
  0x000014d404e0a1bc: 0000 c349 | ba20 6a06 | 0008 0000 | 004c 8954 | 2408 48c7 | 0424 ffff 

  0x000014d404e0a1d4: ;   {runtime_call counter_overflow Runtime1 stub}
  0x000014d404e0a1d4: ffff e8a5 

  0x000014d404e0a1d8: ; ImmutableOopMap {rsi=Oop rdx=Oop rcx=Oop }
                      ;*synchronization entry
                      ; - java.util.concurrent.ConcurrentHashMap::putIfAbsent@-1 (line 1541)
  0x000014d404e0a1d8: a165 07eb 

  0x000014d404e0a1dc: ;   {internal_word}
  0x000014d404e0a1dc: a849 bab1 | a1e0 04d4 | 1400 004d | 8997 9003 

  0x000014d404e0a1ec: ;   {runtime_call SafepointBlob}
  0x000014d404e0a1ec: 0000 e98d | 8059 0749 | 8b87 2804 | 0000 49c7 | 8728 0400 | 0000 0000 | 0049 c787 | 3004 0000 
  0x000014d404e0a20c: 0000 0000 | 4883 c430 

  0x000014d404e0a214: ;   {runtime_call unwind_exception Runtime1 stub}
  0x000014d404e0a214: 5de9 665d | 5c07 f4f4 | f4f4 f4f4 
[Exception Handler]
  0x000014d404e0a220: ;   {no_reloc}
  0x000014d404e0a220: e8db 6c5c 

  0x000014d404e0a224: ;   {external_word}
  0x000014d404e0a224: 0748 bf90 | d2df 23d4 | 1400 0048 

  0x000014d404e0a230: ;   {runtime_call MacroAssembler::debug64(char*, long, long*)}
  0x000014d404e0a230: 83e4 f0e8 | 5844 c01e 

  0x000014d404e0a238: ;   {section_word}
  0x000014d404e0a238: f449 ba39 | a2e0 04d4 | 1400 0041 

  0x000014d404e0a244: ;   {runtime_call DeoptimizationBlob}
  0x000014d404e0a244: 52e9 d672 

  0x000014d404e0a248: ;   {static_stub}
  0x000014d404e0a248: 5907 48bb | 0000 0000 | 0000 0000 

  0x000014d404e0a254: ;   {runtime_call}
  0x000014d404e0a254: e9fb ffff | fff4 f4f4 | f4f4 f4f4 
[/MachCode]


---------------  P R O C E S S  ---------------

Threads class SMR info:
_java_thread_list=0x000014d41c128490, length=8, elements={
0x000014d41c02c9a0, 0x000014d41c11e860, 0x000014d41c11fda0, 0x000014d41c121770,
0x000014d41c122c10, 0x000014d41c1240a0, 0x000014d41c125ad0, 0x000014d41c127080
}

Java Threads: ( => current thread )
=>0x000014d41c02c9a0 JavaThread "main" [_thread_in_Java, id=1136244, stack(0x000014d422cab000,0x000014d422dab000)]
  0x000014d41c11e860 JavaThread "Reference Handler" daemon [_thread_blocked, id=1136251, stack(0x000014d42130e000,0x000014d42140e000)]
  0x000014d41c11fda0 JavaThread "Finalizer" daemon [_thread_blocked, id=1136252, stack(0x000014d42120e000,0x000014d42130e000)]
  0x000014d41c121770 JavaThread "Signal Dispatcher" daemon [_thread_blocked, id=1136253, stack(0x000014d42110e000,0x000014d42120e000)]
  0x000014d41c122c10 JavaThread "Service Thread" daemon [_thread_blocked, id=1136254, stack(0x000014d42100e000,0x000014d42110e000)]
  0x000014d41c1240a0 JavaThread "Monitor Deflation Thread" daemon [_thread_blocked, id=1136255, stack(0x000014d420f0e000,0x000014d42100e000)]
  0x000014d41c125ad0 JavaThread "C2 CompilerThread0" daemon [_thread_blocked, id=1136256, stack(0x000014d420e0e000,0x000014d420f0e000)]
  0x000014d41c127080 JavaThread "C1 CompilerThread0" daemon [_thread_blocked, id=1136257, stack(0x000014d420d0e000,0x000014d420e0e000)]

Other Threads:
  0x000014d41c10f2e0 VMThread "VM Thread" [stack: 0x000014d421465000,0x000014d421565000] [id=1136250]
  0x000014d41c05f550 WorkerThread "GC Thread#0" [stack: 0x000014d421d9a000,0x000014d421e9a000] [id=1136245]
  0x000014d41c06f710 ConcurrentGCThread "G1 Main Marker" [stack: 0x000014d421c98000,0x000014d421d98000] [id=1136246]
  0x000014d41c070640 WorkerThread "G1 Conc#0" [stack: 0x000014d421b96000,0x000014d421c96000] [id=1136247]
  0x000014d41c0e5630 ConcurrentGCThread "G1 Refine#0" [stack: 0x000014d421892000,0x000014d421992000] [id=1136248]
  0x000014d41c0e6580 ConcurrentGCThread "G1 Service" [stack: 0x000014d421790000,0x000014d421890000] [id=1136249]

Threads with active compile tasks:

VM state: not at safepoint (normal execution)

VM Mutex/Monitor currently owned by a thread: None

Heap address: 0x00000000a0000000, size: 30208 MB, Compressed Oops mode: Zero based, Oop shift amount: 3

CDS archive(s) mapped at: [0x0000000800000000-0x0000000800c75000-0x0000000800c75000), size 13062144, SharedBaseAddress: 0x0000000800000000, ArchiveRelocationMode: 0.
Compressed class space mapped at: 0x0000000801000000-0x0000000841000000, reserved size: 1073741824
Narrow klass base: 0x0000000800000000, Narrow klass shift: 0, Narrow klass range: 0x100000000

GC Precious Log:
 CardTable entry size: 512
 Card Set container configuration: InlinePtr #cards 3 size 8 Array Of Cards #cards 128 size 272 Howl #buckets 8 coarsen threshold 29491 Howl Bitmap #cards 4096 size 528 coarsen threshold 3686 Card regions per heap region 1 cards per card region 32768
 CPUs: 28 total, 2 available
 Memory: 251G
 Large Page Support: Disabled
 NUMA Support: Disabled
 Compressed Oops: Enabled (Zero based)
 Heap Region Size: 16M
 Heap Min Capacity: 16M
 Heap Initial Capacity: 2G
 Heap Max Capacity: 30208M
 Pre-touch: Disabled
 Parallel Workers: 2
 Concurrent Workers: 1
 Concurrent Refinement Workers: 2
 Periodic GC: Disabled

Heap:
 garbage-first heap   total 2129920K, used 16364K [0x00000000a0000000, 0x0000000800000000)
  region size 16384K, 1 young (16384K), 0 survivors (0K)
 Metaspace       used 83K, committed 192K, reserved 1114112K
  class space    used 2K, committed 64K, reserved 1048576K

Heap Regions: E=young(eden), S=young(survivor), O=old, HS=humongous(starts), HC=humongous(continues), CS=collection set, F=free, OA=open archive, CA=closed archive, TAMS=top-at-mark-start, PB=parsable bottom
|   0|0x00000000a0000000, 0x00000000a0000000, 0x00000000a1000000|  0%| F|  |TAMS 0x00000000a0000000| PB 0x00000000a0000000| Untracked 
|   1|0x00000000a1000000, 0x00000000a1000000, 0x00000000a2000000|  0%| F|  |TAMS 0x00000000a1000000| PB 0x00000000a1000000| Untracked 
|   2|0x00000000a2000000, 0x00000000a2000000, 0x00000000a3000000|  0%| F|  |TAMS 0x00000000a2000000| PB 0x00000000a2000000| Untracked 
|   3|0x00000000a3000000, 0x00000000a3000000, 0x00000000a4000000|  0%| F|  |TAMS 0x00000000a3000000| PB 0x00000000a3000000| Untracked 
|   4|0x00000000a4000000, 0x00000000a4000000, 0x00000000a5000000|  0%| F|  |TAMS 0x00000000a4000000| PB 0x00000000a4000000| Untracked 
|   5|0x00000000a5000000, 0x00000000a5000000, 0x00000000a6000000|  0%| F|  |TAMS 0x00000000a5000000| PB 0x00000000a5000000| Untracked 
|   6|0x00000000a6000000, 0x00000000a6000000, 0x00000000a7000000|  0%| F|  |TAMS 0x00000000a6000000| PB 0x00000000a6000000| Untracked 
|   7|0x00000000a7000000, 0x00000000a7000000, 0x00000000a8000000|  0%| F|  |TAMS 0x00000000a7000000| PB 0x00000000a7000000| Untracked 
|   8|0x00000000a8000000, 0x00000000a8000000, 0x00000000a9000000|  0%| F|  |TAMS 0x00000000a8000000| PB 0x00000000a8000000| Untracked 
|   9|0x00000000a9000000, 0x00000000a9000000, 0x00000000aa000000|  0%| F|  |TAMS 0x00000000a9000000| PB 0x00000000a9000000| Untracked 
|  10|0x00000000aa000000, 0x00000000aa000000, 0x00000000ab000000|  0%| F|  |TAMS 0x00000000aa000000| PB 0x00000000aa000000| Untracked 
|  11|0x00000000ab000000, 0x00000000ab000000, 0x00000000ac000000|  0%| F|  |TAMS 0x00000000ab000000| PB 0x00000000ab000000| Untracked 
|  12|0x00000000ac000000, 0x00000000ac000000, 0x00000000ad000000|  0%| F|  |TAMS 0x00000000ac000000| PB 0x00000000ac000000| Untracked 
|  13|0x00000000ad000000, 0x00000000ad000000, 0x00000000ae000000|  0%| F|  |TAMS 0x00000000ad000000| PB 0x00000000ad000000| Untracked 
|  14|0x00000000ae000000, 0x00000000ae000000, 0x00000000af000000|  0%| F|  |TAMS 0x00000000ae000000| PB 0x00000000ae000000| Untracked 
|  15|0x00000000af000000, 0x00000000af000000, 0x00000000b0000000|  0%| F|  |TAMS 0x00000000af000000| PB 0x00000000af000000| Untracked 
|  16|0x00000000b0000000, 0x00000000b0000000, 0x00000000b1000000|  0%| F|  |TAMS 0x00000000b0000000| PB 0x00000000b0000000| Untracked 
|  17|0x00000000b1000000, 0x00000000b1000000, 0x00000000b2000000|  0%| F|  |TAMS 0x00000000b1000000| PB 0x00000000b1000000| Untracked 
|  18|0x00000000b2000000, 0x00000000b2000000, 0x00000000b3000000|  0%| F|  |TAMS 0x00000000b2000000| PB 0x00000000b2000000| Untracked 
|  19|0x00000000b3000000, 0x00000000b3000000, 0x00000000b4000000|  0%| F|  |TAMS 0x00000000b3000000| PB 0x00000000b3000000| Untracked 
|  20|0x00000000b4000000, 0x00000000b4000000, 0x00000000b5000000|  0%| F|  |TAMS 0x00000000b4000000| PB 0x00000000b4000000| Untracked 
|  21|0x00000000b5000000, 0x00000000b5000000, 0x00000000b6000000|  0%| F|  |TAMS 0x00000000b5000000| PB 0x00000000b5000000| Untracked 
|  22|0x00000000b6000000, 0x00000000b6000000, 0x00000000b7000000|  0%| F|  |TAMS 0x00000000b6000000| PB 0x00000000b6000000| Untracked 
|  23|0x00000000b7000000, 0x00000000b7000000, 0x00000000b8000000|  0%| F|  |TAMS 0x00000000b7000000| PB 0x00000000b7000000| Untracked 
|  24|0x00000000b8000000, 0x00000000b8000000, 0x00000000b9000000|  0%| F|  |TAMS 0x00000000b8000000| PB 0x00000000b8000000| Untracked 
|  25|0x00000000b9000000, 0x00000000b9000000, 0x00000000ba000000|  0%| F|  |TAMS 0x00000000b9000000| PB 0x00000000b9000000| Untracked 
|  26|0x00000000ba000000, 0x00000000ba000000, 0x00000000bb000000|  0%| F|  |TAMS 0x00000000ba000000| PB 0x00000000ba000000| Untracked 
|  27|0x00000000bb000000, 0x00000000bb000000, 0x00000000bc000000|  0%| F|  |TAMS 0x00000000bb000000| PB 0x00000000bb000000| Untracked 
|  28|0x00000000bc000000, 0x00000000bc000000, 0x00000000bd000000|  0%| F|  |TAMS 0x00000000bc000000| PB 0x00000000bc000000| Untracked 
|  29|0x00000000bd000000, 0x00000000bd000000, 0x00000000be000000|  0%| F|  |TAMS 0x00000000bd000000| PB 0x00000000bd000000| Untracked 
|  30|0x00000000be000000, 0x00000000be000000, 0x00000000bf000000|  0%| F|  |TAMS 0x00000000be000000| PB 0x00000000be000000| Untracked 
|  31|0x00000000bf000000, 0x00000000bf000000, 0x00000000c0000000|  0%| F|  |TAMS 0x00000000bf000000| PB 0x00000000bf000000| Untracked 
|  32|0x00000000c0000000, 0x00000000c0000000, 0x00000000c1000000|  0%| F|  |TAMS 0x00000000c0000000| PB 0x00000000c0000000| Untracked 
|  33|0x00000000c1000000, 0x00000000c1000000, 0x00000000c2000000|  0%| F|  |TAMS 0x00000000c1000000| PB 0x00000000c1000000| Untracked 
|  34|0x00000000c2000000, 0x00000000c2000000, 0x00000000c3000000|  0%| F|  |TAMS 0x00000000c2000000| PB 0x00000000c2000000| Untracked 
|  35|0x00000000c3000000, 0x00000000c3000000, 0x00000000c4000000|  0%| F|  |TAMS 0x00000000c3000000| PB 0x00000000c3000000| Untracked 
|  36|0x00000000c4000000, 0x00000000c4000000, 0x00000000c5000000|  0%| F|  |TAMS 0x00000000c4000000| PB 0x00000000c4000000| Untracked 
|  37|0x00000000c5000000, 0x00000000c5000000, 0x00000000c6000000|  0%| F|  |TAMS 0x00000000c5000000| PB 0x00000000c5000000| Untracked 
|  38|0x00000000c6000000, 0x00000000c6000000, 0x00000000c7000000|  0%| F|  |TAMS 0x00000000c6000000| PB 0x00000000c6000000| Untracked 
|  39|0x00000000c7000000, 0x00000000c7000000, 0x00000000c8000000|  0%| F|  |TAMS 0x00000000c7000000| PB 0x00000000c7000000| Untracked 
|  40|0x00000000c8000000, 0x00000000c8000000, 0x00000000c9000000|  0%| F|  |TAMS 0x00000000c8000000| PB 0x00000000c8000000| Untracked 
|  41|0x00000000c9000000, 0x00000000c9000000, 0x00000000ca000000|  0%| F|  |TAMS 0x00000000c9000000| PB 0x00000000c9000000| Untracked 
|  42|0x00000000ca000000, 0x00000000ca000000, 0x00000000cb000000|  0%| F|  |TAMS 0x00000000ca000000| PB 0x00000000ca000000| Untracked 
|  43|0x00000000cb000000, 0x00000000cb000000, 0x00000000cc000000|  0%| F|  |TAMS 0x00000000cb000000| PB 0x00000000cb000000| Untracked 
|  44|0x00000000cc000000, 0x00000000cc000000, 0x00000000cd000000|  0%| F|  |TAMS 0x00000000cc000000| PB 0x00000000cc000000| Untracked 
|  45|0x00000000cd000000, 0x00000000cd000000, 0x00000000ce000000|  0%| F|  |TAMS 0x00000000cd000000| PB 0x00000000cd000000| Untracked 
|  46|0x00000000ce000000, 0x00000000ce000000, 0x00000000cf000000|  0%| F|  |TAMS 0x00000000ce000000| PB 0x00000000ce000000| Untracked 
|  47|0x00000000cf000000, 0x00000000cf000000, 0x00000000d0000000|  0%| F|  |TAMS 0x00000000cf000000| PB 0x00000000cf000000| Untracked 
|  48|0x00000000d0000000, 0x00000000d0000000, 0x00000000d1000000|  0%| F|  |TAMS 0x00000000d0000000| PB 0x00000000d0000000| Untracked 
|  49|0x00000000d1000000, 0x00000000d1000000, 0x00000000d2000000|  0%| F|  |TAMS 0x00000000d1000000| PB 0x00000000d1000000| Untracked 
|  50|0x00000000d2000000, 0x00000000d2000000, 0x00000000d3000000|  0%| F|  |TAMS 0x00000000d2000000| PB 0x00000000d2000000| Untracked 
|  51|0x00000000d3000000, 0x00000000d3000000, 0x00000000d4000000|  0%| F|  |TAMS 0x00000000d3000000| PB 0x00000000d3000000| Untracked 
|  52|0x00000000d4000000, 0x00000000d4000000, 0x00000000d5000000|  0%| F|  |TAMS 0x00000000d4000000| PB 0x00000000d4000000| Untracked 
|  53|0x00000000d5000000, 0x00000000d5000000, 0x00000000d6000000|  0%| F|  |TAMS 0x00000000d5000000| PB 0x00000000d5000000| Untracked 
|  54|0x00000000d6000000, 0x00000000d6000000, 0x00000000d7000000|  0%| F|  |TAMS 0x00000000d6000000| PB 0x00000000d6000000| Untracked 
|  55|0x00000000d7000000, 0x00000000d7000000, 0x00000000d8000000|  0%| F|  |TAMS 0x00000000d7000000| PB 0x00000000d7000000| Untracked 
|  56|0x00000000d8000000, 0x00000000d8000000, 0x00000000d9000000|  0%| F|  |TAMS 0x00000000d8000000| PB 0x00000000d8000000| Untracked 
|  57|0x00000000d9000000, 0x00000000d9000000, 0x00000000da000000|  0%| F|  |TAMS 0x00000000d9000000| PB 0x00000000d9000000| Untracked 
|  58|0x00000000da000000, 0x00000000da000000, 0x00000000db000000|  0%| F|  |TAMS 0x00000000da000000| PB 0x00000000da000000| Untracked 
|  59|0x00000000db000000, 0x00000000db000000, 0x00000000dc000000|  0%| F|  |TAMS 0x00000000db000000| PB 0x00000000db000000| Untracked 
|  60|0x00000000dc000000, 0x00000000dc000000, 0x00000000dd000000|  0%| F|  |TAMS 0x00000000dc000000| PB 0x00000000dc000000| Untracked 
|  61|0x00000000dd000000, 0x00000000dd000000, 0x00000000de000000|  0%| F|  |TAMS 0x00000000dd000000| PB 0x00000000dd000000| Untracked 
|  62|0x00000000de000000, 0x00000000de000000, 0x00000000df000000|  0%| F|  |TAMS 0x00000000de000000| PB 0x00000000de000000| Untracked 
|  63|0x00000000df000000, 0x00000000df000000, 0x00000000e0000000|  0%| F|  |TAMS 0x00000000df000000| PB 0x00000000df000000| Untracked 
|  64|0x00000000e0000000, 0x00000000e0000000, 0x00000000e1000000|  0%| F|  |TAMS 0x00000000e0000000| PB 0x00000000e0000000| Untracked 
|  65|0x00000000e1000000, 0x00000000e1000000, 0x00000000e2000000|  0%| F|  |TAMS 0x00000000e1000000| PB 0x00000000e1000000| Untracked 
|  66|0x00000000e2000000, 0x00000000e2000000, 0x00000000e3000000|  0%| F|  |TAMS 0x00000000e2000000| PB 0x00000000e2000000| Untracked 
|  67|0x00000000e3000000, 0x00000000e3000000, 0x00000000e4000000|  0%| F|  |TAMS 0x00000000e3000000| PB 0x00000000e3000000| Untracked 
|  68|0x00000000e4000000, 0x00000000e4000000, 0x00000000e5000000|  0%| F|  |TAMS 0x00000000e4000000| PB 0x00000000e4000000| Untracked 
|  69|0x00000000e5000000, 0x00000000e5000000, 0x00000000e6000000|  0%| F|  |TAMS 0x00000000e5000000| PB 0x00000000e5000000| Untracked 
|  70|0x00000000e6000000, 0x00000000e6000000, 0x00000000e7000000|  0%| F|  |TAMS 0x00000000e6000000| PB 0x00000000e6000000| Untracked 
|  71|0x00000000e7000000, 0x00000000e7000000, 0x00000000e8000000|  0%| F|  |TAMS 0x00000000e7000000| PB 0x00000000e7000000| Untracked 
|  72|0x00000000e8000000, 0x00000000e8000000, 0x00000000e9000000|  0%| F|  |TAMS 0x00000000e8000000| PB 0x00000000e8000000| Untracked 
|  73|0x00000000e9000000, 0x00000000e9000000, 0x00000000ea000000|  0%| F|  |TAMS 0x00000000e9000000| PB 0x00000000e9000000| Untracked 
|  74|0x00000000ea000000, 0x00000000ea000000, 0x00000000eb000000|  0%| F|  |TAMS 0x00000000ea000000| PB 0x00000000ea000000| Untracked 
|  75|0x00000000eb000000, 0x00000000eb000000, 0x00000000ec000000|  0%| F|  |TAMS 0x00000000eb000000| PB 0x00000000eb000000| Untracked 
|  76|0x00000000ec000000, 0x00000000ec000000, 0x00000000ed000000|  0%| F|  |TAMS 0x00000000ec000000| PB 0x00000000ec000000| Untracked 
|  77|0x00000000ed000000, 0x00000000ed000000, 0x00000000ee000000|  0%| F|  |TAMS 0x00000000ed000000| PB 0x00000000ed000000| Untracked 
|  78|0x00000000ee000000, 0x00000000ee000000, 0x00000000ef000000|  0%| F|  |TAMS 0x00000000ee000000| PB 0x00000000ee000000| Untracked 
|  79|0x00000000ef000000, 0x00000000ef000000, 0x00000000f0000000|  0%| F|  |TAMS 0x00000000ef000000| PB 0x00000000ef000000| Untracked 
|  80|0x00000000f0000000, 0x00000000f0000000, 0x00000000f1000000|  0%| F|  |TAMS 0x00000000f0000000| PB 0x00000000f0000000| Untracked 
|  81|0x00000000f1000000, 0x00000000f1000000, 0x00000000f2000000|  0%| F|  |TAMS 0x00000000f1000000| PB 0x00000000f1000000| Untracked 
|  82|0x00000000f2000000, 0x00000000f2000000, 0x00000000f3000000|  0%| F|  |TAMS 0x00000000f2000000| PB 0x00000000f2000000| Untracked 
|  83|0x00000000f3000000, 0x00000000f3000000, 0x00000000f4000000|  0%| F|  |TAMS 0x00000000f3000000| PB 0x00000000f3000000| Untracked 
|  84|0x00000000f4000000, 0x00000000f4000000, 0x00000000f5000000|  0%| F|  |TAMS 0x00000000f4000000| PB 0x00000000f4000000| Untracked 
|  85|0x00000000f5000000, 0x00000000f5000000, 0x00000000f6000000|  0%| F|  |TAMS 0x00000000f5000000| PB 0x00000000f5000000| Untracked 
|  86|0x00000000f6000000, 0x00000000f6000000, 0x00000000f7000000|  0%| F|  |TAMS 0x00000000f6000000| PB 0x00000000f6000000| Untracked 
|  87|0x00000000f7000000, 0x00000000f7000000, 0x00000000f8000000|  0%| F|  |TAMS 0x00000000f7000000| PB 0x00000000f7000000| Untracked 
|  88|0x00000000f8000000, 0x00000000f8000000, 0x00000000f9000000|  0%| F|  |TAMS 0x00000000f8000000| PB 0x00000000f8000000| Untracked 
|  89|0x00000000f9000000, 0x00000000f9000000, 0x00000000fa000000|  0%| F|  |TAMS 0x00000000f9000000| PB 0x00000000f9000000| Untracked 
|  90|0x00000000fa000000, 0x00000000fa000000, 0x00000000fb000000|  0%| F|  |TAMS 0x00000000fa000000| PB 0x00000000fa000000| Untracked 
|  91|0x00000000fb000000, 0x00000000fb000000, 0x00000000fc000000|  0%| F|  |TAMS 0x00000000fb000000| PB 0x00000000fb000000| Untracked 
|  92|0x00000000fc000000, 0x00000000fc000000, 0x00000000fd000000|  0%| F|  |TAMS 0x00000000fc000000| PB 0x00000000fc000000| Untracked 
|  93|0x00000000fd000000, 0x00000000fd000000, 0x00000000fe000000|  0%| F|  |TAMS 0x00000000fd000000| PB 0x00000000fd000000| Untracked 
|  94|0x00000000fe000000, 0x00000000fe000000, 0x00000000ff000000|  0%| F|  |TAMS 0x00000000fe000000| PB 0x00000000fe000000| Untracked 
|  95|0x00000000ff000000, 0x00000000ff000000, 0x0000000100000000|  0%| F|  |TAMS 0x00000000ff000000| PB 0x00000000ff000000| Untracked 
|  96|0x0000000100000000, 0x0000000100000000, 0x0000000101000000|  0%| F|  |TAMS 0x0000000100000000| PB 0x0000000100000000| Untracked 
|  97|0x0000000101000000, 0x0000000101000000, 0x0000000102000000|  0%| F|  |TAMS 0x0000000101000000| PB 0x0000000101000000| Untracked 
|  98|0x0000000102000000, 0x0000000102000000, 0x0000000103000000|  0%| F|  |TAMS 0x0000000102000000| PB 0x0000000102000000| Untracked 
|  99|0x0000000103000000, 0x0000000103000000, 0x0000000104000000|  0%| F|  |TAMS 0x0000000103000000| PB 0x0000000103000000| Untracked 
| 100|0x0000000104000000, 0x0000000104000000, 0x0000000105000000|  0%| F|  |TAMS 0x0000000104000000| PB 0x0000000104000000| Untracked 
| 101|0x0000000105000000, 0x0000000105000000, 0x0000000106000000|  0%| F|  |TAMS 0x0000000105000000| PB 0x0000000105000000| Untracked 
| 102|0x0000000106000000, 0x0000000106000000, 0x0000000107000000|  0%| F|  |TAMS 0x0000000106000000| PB 0x0000000106000000| Untracked 
| 103|0x0000000107000000, 0x0000000107000000, 0x0000000108000000|  0%| F|  |TAMS 0x0000000107000000| PB 0x0000000107000000| Untracked 
| 104|0x0000000108000000, 0x0000000108000000, 0x0000000109000000|  0%| F|  |TAMS 0x0000000108000000| PB 0x0000000108000000| Untracked 
| 105|0x0000000109000000, 0x0000000109000000, 0x000000010a000000|  0%| F|  |TAMS 0x0000000109000000| PB 0x0000000109000000| Untracked 
| 106|0x000000010a000000, 0x000000010a000000, 0x000000010b000000|  0%| F|  |TAMS 0x000000010a000000| PB 0x000000010a000000| Untracked 
| 107|0x000000010b000000, 0x000000010b000000, 0x000000010c000000|  0%| F|  |TAMS 0x000000010b000000| PB 0x000000010b000000| Untracked 
| 108|0x000000010c000000, 0x000000010c000000, 0x000000010d000000|  0%| F|  |TAMS 0x000000010c000000| PB 0x000000010c000000| Untracked 
| 109|0x000000010d000000, 0x000000010d000000, 0x000000010e000000|  0%| F|  |TAMS 0x000000010d000000| PB 0x000000010d000000| Untracked 
| 110|0x000000010e000000, 0x000000010e000000, 0x000000010f000000|  0%| F|  |TAMS 0x000000010e000000| PB 0x000000010e000000| Untracked 
| 111|0x000000010f000000, 0x000000010f000000, 0x0000000110000000|  0%| F|  |TAMS 0x000000010f000000| PB 0x000000010f000000| Untracked 
| 112|0x0000000110000000, 0x0000000110000000, 0x0000000111000000|  0%| F|  |TAMS 0x0000000110000000| PB 0x0000000110000000| Untracked 
| 113|0x0000000111000000, 0x0000000111000000, 0x0000000112000000|  0%| F|  |TAMS 0x0000000111000000| PB 0x0000000111000000| Untracked 
| 114|0x0000000112000000, 0x0000000112000000, 0x0000000113000000|  0%| F|  |TAMS 0x0000000112000000| PB 0x0000000112000000| Untracked 
| 115|0x0000000113000000, 0x0000000113000000, 0x0000000114000000|  0%| F|  |TAMS 0x0000000113000000| PB 0x0000000113000000| Untracked 
| 116|0x0000000114000000, 0x0000000114000000, 0x0000000115000000|  0%| F|  |TAMS 0x0000000114000000| PB 0x0000000114000000| Untracked 
| 117|0x0000000115000000, 0x0000000115000000, 0x0000000116000000|  0%| F|  |TAMS 0x0000000115000000| PB 0x0000000115000000| Untracked 
| 118|0x0000000116000000, 0x0000000116000000, 0x0000000117000000|  0%| F|  |TAMS 0x0000000116000000| PB 0x0000000116000000| Untracked 
| 119|0x0000000117000000, 0x0000000117000000, 0x0000000118000000|  0%| F|  |TAMS 0x0000000117000000| PB 0x0000000117000000| Untracked 
| 120|0x0000000118000000, 0x0000000118000000, 0x0000000119000000|  0%| F|  |TAMS 0x0000000118000000| PB 0x0000000118000000| Untracked 
| 121|0x0000000119000000, 0x0000000119000000, 0x000000011a000000|  0%| F|  |TAMS 0x0000000119000000| PB 0x0000000119000000| Untracked 
| 122|0x000000011a000000, 0x000000011a000000, 0x000000011b000000|  0%| F|  |TAMS 0x000000011a000000| PB 0x000000011a000000| Untracked 
| 123|0x000000011b000000, 0x000000011b000000, 0x000000011c000000|  0%| F|  |TAMS 0x000000011b000000| PB 0x000000011b000000| Untracked 
| 124|0x000000011c000000, 0x000000011c000000, 0x000000011d000000|  0%| F|  |TAMS 0x000000011c000000| PB 0x000000011c000000| Untracked 
| 125|0x000000011d000000, 0x000000011d000000, 0x000000011e000000|  0%| F|  |TAMS 0x000000011d000000| PB 0x000000011d000000| Untracked 
| 126|0x000000011e000000, 0x000000011e000000, 0x000000011f000000|  0%| F|  |TAMS 0x000000011e000000| PB 0x000000011e000000| Untracked 
| 127|0x000000011f000000, 0x000000011f5c2998, 0x0000000120000000| 36%| E|  |TAMS 0x000000011f000000| PB 0x000000011f000000| Complete 
|1886|0x00000007fe000000, 0x00000007fef79000, 0x00000007ff000000| 96%|OA|  |TAMS 0x00000007fe000000| PB 0x00000007fe000000| Untracked 
|1887|0x00000007ff000000, 0x00000007ff082000, 0x0000000800000000|  3%|CA|  |TAMS 0x00000007ff000000| PB 0x00000007ff000000| Untracked 

Card table byte_map: [0x000014d3fd800000,0x000014d401300000] _byte_map_base: 0x000014d3fd300000

Marking Bits: (CMBitMap*) 0x000014d41c05fff0
 Bits: [0x000014d3dc400000, 0x000014d3f9c00000)

Polling page: 0x000014d424522000

Metaspace:

Usage:
  Non-class:     81.74 KB used.
      Class:      2.02 KB used.
       Both:     83.76 KB used.

Virtual space:
  Non-class space:       64.00 MB reserved,     128.00 KB ( <1%) committed,  1 nodes.
      Class space:        1.00 GB reserved,      64.00 KB ( <1%) committed,  1 nodes.
             Both:        1.06 GB reserved,     192.00 KB ( <1%) committed. 

Chunk freelists:
   Non-Class:  0 bytes
       Class:  3.75 MB
        Both:  3.75 MB

MaxMetaspaceSize: unlimited
CompressedClassSpaceSize: 1.00 GB
Initial GC threshold: 21.00 MB
Current GC threshold: 21.00 MB
CDS: on
MetaspaceReclaimPolicy: balanced
 - commit_granule_bytes: 65536.
 - commit_granule_words: 8192.
 - virtual_space_node_default_size: 8388608.
 - enlarge_chunks_in_place: 1.
 - new_chunks_are_fully_committed: 0.
 - uncommit_free_chunks: 1.
 - use_allocation_guard: 0.


Internal statistics:

num_allocs_failed_limit: 0.
num_arena_births: 2.
num_arena_deaths: 0.
num_vsnodes_births: 2.
num_vsnodes_deaths: 0.
num_space_committed: 3.
num_space_uncommitted: 0.
num_chunks_returned_to_freelist: 0.
num_chunks_taken_from_freelist: 3.
num_chunk_merges: 0.
num_chunk_splits: 1.
num_chunks_enlarged: 0.
num_inconsistent_stats: 0.

CodeHeap 'non-profiled nmethods': size=120036Kb used=8Kb max_used=8Kb free=120027Kb
 bounds [0x000014d40c8c7000, 0x000014d40cb37000, 0x000014d413e00000]
CodeHeap 'profiled nmethods': size=120032Kb used=52Kb max_used=52Kb free=119979Kb
 bounds [0x000014d404e00000, 0x000014d405070000, 0x000014d40c338000]
CodeHeap 'non-nmethods': size=5692Kb used=1204Kb max_used=1215Kb free=4487Kb
 bounds [0x000014d40c338000, 0x000014d40c5a8000, 0x000014d40c8c7000]
 total_blobs=326 nmethods=41 adapters=197
 compilation: enabled
              stopped_count=0, restarted_count=0
 full_count=0

Compilation events (20 events):
Event: 0.073 Thread 0x000014d41c127080 nmethod 17 0x000014d404e04f90 code [0x000014d404e05120, 0x000014d404e05288]
Event: 0.073 Thread 0x000014d41c127080   18       3       java.util.concurrent.ConcurrentHashMap::spread (10 bytes)
Event: 0.073 Thread 0x000014d41c127080 nmethod 18 0x000014d404e05310 code [0x000014d404e054a0, 0x000014d404e05590]
Event: 0.073 Thread 0x000014d41c127080   19   !   3       java.util.concurrent.ConcurrentHashMap::putVal (432 bytes)
Event: 0.074 Thread 0x000014d41c125ad0   28       4       java.lang.Object::<init> (1 bytes)
Event: 0.075 Thread 0x000014d41c125ad0 nmethod 28 0x000014d40c8c7b10 code [0x000014d40c8c7c80, 0x000014d40c8c7d08]
Event: 0.076 Thread 0x000014d41c127080 nmethod 19 0x000014d404e05610 code [0x000014d404e05960, 0x000014d404e074e8]
Event: 0.076 Thread 0x000014d41c127080   23       3       java.util.ImmutableCollections$SetN$SetNIterator::next (90 bytes)
Event: 0.077 Thread 0x000014d41c127080 nmethod 23 0x000014d404e07e90 code [0x000014d404e08040, 0x000014d404e08350]
Event: 0.077 Thread 0x000014d41c127080   25       3       java.util.concurrent.ConcurrentHashMap::addCount (280 bytes)
Event: 0.079 Thread 0x000014d41c127080 nmethod 25 0x000014d404e08490 code [0x000014d404e086c0, 0x000014d404e09020]
Event: 0.079 Thread 0x000014d41c127080   32       3       java.util.HashMap::hash (20 bytes)
Event: 0.080 Thread 0x000014d41c127080 nmethod 32 0x000014d404e09310 code [0x000014d404e094a0, 0x000014d404e096a0]
Event: 0.080 Thread 0x000014d41c127080   20       3       java.util.concurrent.ConcurrentHashMap$Node::<init> (20 bytes)
Event: 0.080 Thread 0x000014d41c127080 nmethod 20 0x000014d404e09790 code [0x000014d404e09920, 0x000014d404e09b58]
Event: 0.080 Thread 0x000014d41c127080   27       3       java.util.ImmutableCollections$SetN$SetNIterator::hasNext (13 bytes)
Event: 0.080 Thread 0x000014d41c127080 nmethod 27 0x000014d404e09c10 code [0x000014d404e09da0, 0x000014d404e09f08]
Event: 0.080 Thread 0x000014d41c127080   26       3       java.util.concurrent.ConcurrentHashMap::putIfAbsent (8 bytes)
Event: 0.080 Thread 0x000014d41c127080 nmethod 26 0x000014d404e09f90 code [0x000014d404e0a120, 0x000014d404e0a260]
Event: 0.080 Thread 0x000014d41c127080   35       3       java.util.HashMap::putVal (300 bytes)

GC Heap History (0 events):
No events

Dll operation events (2 events):
Event: 0.004 Loaded shared library /opt/apps/oracle-java/20.0.1/lib/libjava.so
Event: 0.025 Loaded shared library /opt/apps/oracle-java/20.0.1/lib/libjsvml.so

Deoptimization events (0 events):
No events

Classes loaded (2 events):
Event: 0.033 Loading class sun/nio/cs/UTF_8$Encoder
Event: 0.033 Loading class sun/nio/cs/UTF_8$Encoder done

Classes unloaded (0 events):
No events

Classes redefined (0 events):
No events

Internal exceptions (0 events):
No events

VM Operations (0 events):
No events

Events (16 events):
Event: 0.003 Protecting memory [0x000014d422cab000,0x000014d422caf000] with protection modes 0
Event: 0.025 Thread 0x000014d41c02c9a0 Thread added: 0x000014d41c02c9a0
Event: 0.035 Thread 0x000014d41c11e860 Thread added: 0x000014d41c11e860
Event: 0.035 Protecting memory [0x000014d42130e000,0x000014d421312000] with protection modes 0
Event: 0.036 Thread 0x000014d41c11fda0 Thread added: 0x000014d41c11fda0
Event: 0.036 Protecting memory [0x000014d42120e000,0x000014d421212000] with protection modes 0
Event: 0.036 Thread 0x000014d41c121770 Thread added: 0x000014d41c121770
Event: 0.036 Protecting memory [0x000014d42110e000,0x000014d421112000] with protection modes 0
Event: 0.037 Thread 0x000014d41c122c10 Thread added: 0x000014d41c122c10
Event: 0.037 Protecting memory [0x000014d42100e000,0x000014d421012000] with protection modes 0
Event: 0.037 Thread 0x000014d41c1240a0 Thread added: 0x000014d41c1240a0
Event: 0.037 Protecting memory [0x000014d420f0e000,0x000014d420f12000] with protection modes 0
Event: 0.037 Thread 0x000014d41c125ad0 Thread added: 0x000014d41c125ad0
Event: 0.037 Protecting memory [0x000014d420e0e000,0x000014d420e12000] with protection modes 0
Event: 0.037 Thread 0x000014d41c127080 Thread added: 0x000014d41c127080
Event: 0.042 Protecting memory [0x000014d420d0e000,0x000014d420d12000] with protection modes 0


Dynamic libraries:
a0000000-120000000 rw-p 00000000 00:00 0 
120000000-7fe000000 ---p 00000000 00:00 0 
7fe000000-7fef00000 rw-p 00000000 00:00 0 
7fef00000-7fef79000 rw-p 00d34000 00:32 2690282609                       /opt/apps/oracle-java/20.0.1/lib/server/classes.jsa
7fef79000-7ff000000 rw-p 00000000 00:00 0 
7ff000000-7ff082000 rw-p 00cb2000 00:32 2690282609                       /opt/apps/oracle-java/20.0.1/lib/server/classes.jsa
7ff082000-800000000 rw-p 00000000 00:00 0 
800000000-800481000 rw-p 00001000 00:32 2690282609                       /opt/apps/oracle-java/20.0.1/lib/server/classes.jsa
800481000-800c75000 r--p 00482000 00:32 2690282609                       /opt/apps/oracle-java/20.0.1/lib/server/classes.jsa
800c75000-801040000 ---p 00000000 00:00 0 
801040000-801050000 rw-p 00000000 00:00 0 
801050000-841000000 ---p 00000000 00:00 0 
14d38c000000-14d38c035000 rw-p 00000000 00:00 0 
14d38c035000-14d390000000 ---p 00000000 00:00 0 
14d390000000-14d390096000 rw-p 00000000 00:00 0 
14d390096000-14d394000000 ---p 00000000 00:00 0 
14d398000000-14d398021000 rw-p 00000000 00:00 0 
14d398021000-14d39c000000 ---p 00000000 00:00 0 
14d39c000000-14d39c021000 rw-p 00000000 00:00 0 
14d39c021000-14d3a0000000 ---p 00000000 00:00 0 
14d3a4000000-14d3a4021000 rw-p 00000000 00:00 0 
14d3a4021000-14d3a8000000 ---p 00000000 00:00 0 
14d3a8000000-14d3a8021000 rw-p 00000000 00:00 0 
14d3a8021000-14d3ac000000 ---p 00000000 00:00 0 
14d3b0000000-14d3b0021000 rw-p 00000000 00:00 0 
14d3b0021000-14d3b4000000 ---p 00000000 00:00 0 
14d3b4000000-14d3b4021000 rw-p 00000000 00:00 0 
14d3b4021000-14d3b8000000 ---p 00000000 00:00 0 
14d3bc000000-14d3bc020000 rw-p 00000000 00:00 0 
14d3bc020000-14d3c0000000 ---p 00000000 00:00 0 
14d3c0000000-14d3c0021000 rw-p 00000000 00:00 0 
14d3c0021000-14d3c4000000 ---p 00000000 00:00 0 
14d3c4000000-14d3c4021000 rw-p 00000000 00:00 0 
14d3c4021000-14d3c8000000 ---p 00000000 00:00 0 
14d3cc000000-14d3cc021000 rw-p 00000000 00:00 0 
14d3cc021000-14d3d0000000 ---p 00000000 00:00 0 
14d3d0000000-14d3d0021000 rw-p 00000000 00:00 0 
14d3d0021000-14d3d4000000 ---p 00000000 00:00 0 
14d3d6000000-14d3d8021000 rw-p 00000000 00:00 0 
14d3d8021000-14d3dc000000 ---p 00000000 00:00 0 
14d3dc400000-14d3de400000 rw-p 00000000 00:00 0 
14d3de400000-14d3f9b80000 ---p 00000000 00:00 0 
14d3f9b80000-14d3f9c00000 rw-p 00000000 00:00 0 
14d3f9d00000-14d3fa100000 rw-p 00000000 00:00 0 
14d3fa100000-14d3fd7f0000 ---p 00000000 00:00 0 
14d3fd7f0000-14d3fdc00000 rw-p 00000000 00:00 0 
14d3fdc00000-14d4012f0000 ---p 00000000 00:00 0 
14d4012f0000-14d401700000 rw-p 00000000 00:00 0 
14d401700000-14d404df0000 ---p 00000000 00:00 0 
14d404df0000-14d404e00000 rw-p 00000000 00:00 0 
14d404e00000-14d405070000 rwxp 00000000 00:00 0 
14d405070000-14d40c338000 ---p 00000000 00:00 0 
14d40c338000-14d40c5a8000 rwxp 00000000 00:00 0 
14d40c5a8000-14d40c8c7000 ---p 00000000 00:00 0 
14d40c8c7000-14d40cb37000 rwxp 00000000 00:00 0 
14d40cb37000-14d413e00000 ---p 00000000 00:00 0 
14d413ede000-14d41c000000 r--s 00000000 00:32 1075234354                 /opt/apps/oracle-java/20.0.1/lib/modules
14d41c000000-14d41c172000 rw-p 00000000 00:00 0 
14d41c172000-14d420000000 ---p 00000000 00:00 0 
14d420922000-14d420d0e000 rw-p 00000000 00:00 0 
14d420d0e000-14d420d12000 ---p 00000000 00:00 0 
14d420d12000-14d420e0e000 rw-p 00000000 00:00 0 
14d420e0e000-14d420e12000 ---p 00000000 00:00 0 
14d420e12000-14d420f0e000 rw-p 00000000 00:00 0 
14d420f0e000-14d420f12000 ---p 00000000 00:00 0 
14d420f12000-14d42100e000 rw-p 00000000 00:00 0 
14d42100e000-14d421012000 ---p 00000000 00:00 0 
14d421012000-14d42110e000 rw-p 00000000 00:00 0 
14d42110e000-14d421112000 ---p 00000000 00:00 0 
14d421112000-14d42120e000 rw-p 00000000 00:00 0 
14d42120e000-14d421212000 ---p 00000000 00:00 0 
14d421212000-14d42130e000 rw-p 00000000 00:00 0 
14d42130e000-14d421312000 ---p 00000000 00:00 0 
14d421312000-14d42140e000 rw-p 00000000 00:00 0 
14d42140e000-14d421463000 r--p 00000000 fd:00 1610677145                 /usr/lib/locale/C.utf8/LC_CTYPE
14d421463000-14d421464000 ---p 00000000 00:00 0 
14d421464000-14d421565000 rw-p 00000000 00:00 0 
14d421565000-14d421633000 r-xp 00000000 00:32 1075234338                 /opt/apps/oracle-java/20.0.1/lib/libjsvml.so
14d421633000-14d421634000 r--p 000cd000 00:32 1075234338                 /opt/apps/oracle-java/20.0.1/lib/libjsvml.so
14d421634000-14d421635000 rw-p 000ce000 00:32 1075234338                 /opt/apps/oracle-java/20.0.1/lib/libjsvml.so
14d421635000-14d421752000 rw-p 00000000 00:00 0 
14d42178e000-14d42178f000 ---p 00000000 00:00 0 
14d42178f000-14d421890000 rw-p 00000000 00:00 0 
14d421890000-14d421891000 ---p 00000000 00:00 0 
14d421891000-14d421992000 rw-p 00000000 00:00 0 
14d421992000-14d421b94000 rw-p 00000000 00:00 0 
14d421b94000-14d421b95000 ---p 00000000 00:00 0 
14d421b95000-14d421c96000 rw-p 00000000 00:00 0 
14d421c96000-14d421c97000 ---p 00000000 00:00 0 
14d421c97000-14d421d98000 rw-p 00000000 00:00 0 
14d421d98000-14d421d99000 ---p 00000000 00:00 0 
14d421d99000-14d421e9a000 rw-p 00000000 00:00 0 
14d421e9a000-14d422200000 rw-p 00000000 00:00 0 
14d422200000-14d422ad4000 r--s 00000000 fd:00 1611280658                 /var/lib/sss/mc/passwd
14d422ad5000-14d422ada000 rw-p 00000000 00:00 0 
14d422ada000-14d422bc0000 ---p 00000000 00:00 0 
14d422bc0000-14d422bc5000 rw-p 00000000 00:00 0 
14d422bc5000-14d422cab000 ---p 00000000 00:00 0 
14d422cab000-14d422caf000 ---p 00000000 00:00 0 
14d422caf000-14d422dab000 rw-p 00000000 00:00 0 
14d422dab000-14d422db8000 r--p 00000000 fd:00 169835                     /usr/lib64/libm.so.6
14d422db8000-14d422e28000 r-xp 0000d000 fd:00 169835                     /usr/lib64/libm.so.6
14d422e28000-14d422e84000 r--p 0007d000 fd:00 169835                     /usr/lib64/libm.so.6
14d422e84000-14d422e85000 r--p 000d8000 fd:00 169835                     /usr/lib64/libm.so.6
14d422e85000-14d422e86000 rw-p 000d9000 fd:00 169835                     /usr/lib64/libm.so.6
14d422e86000-14d4240a2000 r-xp 00000000 00:32 2690282612                 /opt/apps/oracle-java/20.0.1/lib/server/libjvm.so
14d4240a2000-14d42416c000 r--p 0121b000 00:32 2690282612                 /opt/apps/oracle-java/20.0.1/lib/server/libjvm.so
14d42416c000-14d4241a1000 rw-p 012e5000 00:32 2690282612                 /opt/apps/oracle-java/20.0.1/lib/server/libjvm.so
14d4241a1000-14d424200000 rw-p 00000000 00:00 0 
14d424200000-14d424229000 r--p 00000000 fd:00 169478                     /usr/lib64/libc.so.6
14d424229000-14d42439e000 r-xp 00029000 fd:00 169478                     /usr/lib64/libc.so.6
14d42439e000-14d4243f6000 r--p 0019e000 fd:00 169478                     /usr/lib64/libc.so.6
14d4243f6000-14d4243fa000 r--p 001f6000 fd:00 169478                     /usr/lib64/libc.so.6
14d4243fa000-14d4243fc000 rw-p 001fa000 fd:00 169478                     /usr/lib64/libc.so.6
14d4243fc000-14d424409000 rw-p 00000000 00:00 0 
14d424427000-14d424428000 r--p 00000000 fd:00 1610677150                 /usr/lib/locale/C.utf8/LC_NUMERIC
14d424428000-14d424429000 r--p 00000000 fd:00 1610677153                 /usr/lib/locale/C.utf8/LC_TIME
14d424429000-14d424430000 r--s 00000000 fd:00 1075287776                 /usr/lib64/gconv/gconv-modules.cache
14d424430000-14d42446f000 rw-p 00000000 00:00 0 
14d42446f000-14d424495000 r-xp 00000000 00:32 1075234330                 /opt/apps/oracle-java/20.0.1/lib/libjava.so
14d424495000-14d424496000 ---p 00026000 00:32 1075234330                 /opt/apps/oracle-java/20.0.1/lib/libjava.so
14d424496000-14d424497000 r--p 00026000 00:32 1075234330                 /opt/apps/oracle-java/20.0.1/lib/libjava.so
14d424497000-14d424498000 rw-p 00027000 00:32 1075234330                 /opt/apps/oracle-java/20.0.1/lib/libjava.so
14d424498000-14d424499000 rw-p 00000000 00:00 0 
14d424499000-14d42449b000 r--p 00000000 fd:00 169914                     /usr/lib64/libnss_sss.so.2
14d42449b000-14d4244a3000 r-xp 00002000 fd:00 169914                     /usr/lib64/libnss_sss.so.2
14d4244a3000-14d4244a5000 r--p 0000a000 fd:00 169914                     /usr/lib64/libnss_sss.so.2
14d4244a5000-14d4244a6000 r--p 0000b000 fd:00 169914                     /usr/lib64/libnss_sss.so.2
14d4244a6000-14d4244a7000 rw-p 0000c000 fd:00 169914                     /usr/lib64/libnss_sss.so.2
14d4244a7000-14d4244a8000 r--p 00000000 fd:00 1610677144                 /usr/lib/locale/C.utf8/LC_COLLATE
14d4244a8000-14d4244a9000 r--p 00000000 fd:00 1610677148                 /usr/lib/locale/C.utf8/LC_MONETARY
14d4244a9000-14d4244aa000 r--p 00000000 fd:00 28652                      /usr/lib/locale/C.utf8/LC_MESSAGES/SYS_LC_MESSAGES
14d4244aa000-14d4244ab000 r--p 00000000 fd:00 1610677151                 /usr/lib/locale/C.utf8/LC_PAPER
14d4244ab000-14d4244b0000 rw-p 00000000 00:00 0 
14d4244b0000-14d4244b7000 ---p 00000000 00:00 0 
14d4244b7000-14d4244d2000 r-xp 00000000 00:32 1075234334                 /opt/apps/oracle-java/20.0.1/lib/libjimage.so
14d4244d2000-14d4244d3000 ---p 0001b000 00:32 1075234334                 /opt/apps/oracle-java/20.0.1/lib/libjimage.so
14d4244d3000-14d4244d5000 r--p 0001b000 00:32 1075234334                 /opt/apps/oracle-java/20.0.1/lib/libjimage.so
14d4244d5000-14d4244d6000 rw-p 0001d000 00:32 1075234334                 /opt/apps/oracle-java/20.0.1/lib/libjimage.so
14d4244d6000-14d4244d7000 r--p 00000000 fd:00 170046                     /usr/lib64/librt.so.1
14d4244d7000-14d4244d8000 r-xp 00001000 fd:00 170046                     /usr/lib64/librt.so.1
14d4244d8000-14d4244d9000 r--p 00002000 fd:00 170046                     /usr/lib64/librt.so.1
14d4244d9000-14d4244da000 r--p 00002000 fd:00 170046                     /usr/lib64/librt.so.1
14d4244da000-14d4244db000 rw-p 00003000 fd:00 170046                     /usr/lib64/librt.so.1
14d4244db000-14d4244e0000 rw-p 00000000 00:00 0 
14d4244e0000-14d4244e1000 r--p 00000000 fd:00 169553                     /usr/lib64/libdl.so.2
14d4244e1000-14d4244e2000 r-xp 00001000 fd:00 169553                     /usr/lib64/libdl.so.2
14d4244e2000-14d4244e3000 r--p 00002000 fd:00 169553                     /usr/lib64/libdl.so.2
14d4244e3000-14d4244e4000 r--p 00002000 fd:00 169553                     /usr/lib64/libdl.so.2
14d4244e4000-14d4244e5000 rw-p 00003000 fd:00 169553                     /usr/lib64/libdl.so.2
14d4244e5000-14d4244e6000 r--p 00000000 fd:00 170015                     /usr/lib64/libpthread.so.0
14d4244e6000-14d4244e7000 r-xp 00001000 fd:00 170015                     /usr/lib64/libpthread.so.0
14d4244e7000-14d4244e8000 r--p 00002000 fd:00 170015                     /usr/lib64/libpthread.so.0
14d4244e8000-14d4244e9000 r--p 00002000 fd:00 170015                     /usr/lib64/libpthread.so.0
14d4244e9000-14d4244ea000 rw-p 00003000 fd:00 170015                     /usr/lib64/libpthread.so.0
14d4244ea000-14d4244f8000 r-xp 00000000 00:32 1075234335                 /opt/apps/oracle-java/20.0.1/lib/libjli.so
14d4244f8000-14d4244f9000 ---p 0000e000 00:32 1075234335                 /opt/apps/oracle-java/20.0.1/lib/libjli.so
14d4244f9000-14d4244fa000 r--p 0000e000 00:32 1075234335                 /opt/apps/oracle-java/20.0.1/lib/libjli.so
14d4244fa000-14d4244fb000 rw-p 0000f000 00:32 1075234335                 /opt/apps/oracle-java/20.0.1/lib/libjli.so
14d4244fb000-14d4244fe000 r--p 00000000 fd:00 170262                     /usr/lib64/libz.so.1.2.11
14d4244fe000-14d42450c000 r-xp 00003000 fd:00 170262                     /usr/lib64/libz.so.1.2.11
14d42450c000-14d424512000 r--p 00011000 fd:00 170262                     /usr/lib64/libz.so.1.2.11
14d424512000-14d424513000 ---p 00017000 fd:00 170262                     /usr/lib64/libz.so.1.2.11
14d424513000-14d424514000 r--p 00017000 fd:00 170262                     /usr/lib64/libz.so.1.2.11
14d424514000-14d424515000 rw-p 00000000 00:00 0 
14d424515000-14d424516000 r--p 00000000 fd:00 1610677149                 /usr/lib/locale/C.utf8/LC_NAME
14d424516000-14d424517000 r--p 00000000 fd:00 1610677143                 /usr/lib/locale/C.utf8/LC_ADDRESS
14d424517000-14d424518000 r--p 00000000 fd:00 1610677152                 /usr/lib/locale/C.utf8/LC_TELEPHONE
14d424518000-14d424519000 r--p 00000000 fd:00 1610677147                 /usr/lib/locale/C.utf8/LC_MEASUREMENT
14d424519000-14d42451a000 r--p 00000000 fd:00 1610677146                 /usr/lib/locale/C.utf8/LC_IDENTIFICATION
14d42451a000-14d424522000 rw-s 00000000 fd:00 4177728                    /tmp/hsperfdata_mmontante/1136190
14d424522000-14d424523000 ---p 00000000 00:00 0 
14d424523000-14d424524000 r--p 00000000 00:00 0 
14d424524000-14d424525000 ---p 00000000 00:00 0 
14d424525000-14d424527000 rw-p 00000000 00:00 0 
14d424527000-14d424529000 r--p 00000000 fd:00 144996                     /usr/lib64/ld-linux-x86-64.so.2
14d424529000-14d424551000 r-xp 00002000 fd:00 144996                     /usr/lib64/ld-linux-x86-64.so.2
14d424551000-14d42455d000 r--p 0002a000 fd:00 144996                     /usr/lib64/ld-linux-x86-64.so.2
14d42455d000-14d42455f000 r--p 00036000 fd:00 144996                     /usr/lib64/ld-linux-x86-64.so.2
14d42455f000-14d424561000 rw-p 00038000 fd:00 144996                     /usr/lib64/ld-linux-x86-64.so.2
5626befb8000-5626befb9000 r-xp 00000000 00:32 8601814240                 /opt/apps/oracle-java/20.0.1/bin/java
5626befba000-5626befbb000 r--p 00001000 00:32 8601814240                 /opt/apps/oracle-java/20.0.1/bin/java
5626befbb000-5626befbc000 rw-p 00002000 00:32 8601814240                 /opt/apps/oracle-java/20.0.1/bin/java
5626c05c1000-5626c0608000 rw-p 00000000 00:00 0                          [heap]
7ffe259dd000-7ffe25a01000 rw-p 00000000 00:00 0                          [stack]
7ffe25b3c000-7ffe25b40000 r--p 00000000 00:00 0                          [vvar]
7ffe25b40000-7ffe25b42000 r-xp 00000000 00:00 0                          [vdso]
ffffffffff600000-ffffffffff601000 --xp 00000000 00:00 0                  [vsyscall]


VM Arguments:
jvm_args: --add-opens=java.base/java.lang=ALL-UNNAMED --add-opens=java.base/java.io=ALL-UNNAMED --add-opens=java.base/java.nio=ALL-UNNAMED --add-opens=java.base/java.net=ALL-UNNAMED --add-opens=java.base/java.util=ALL-UNNAMED --add-opens=java.base/java.util.concurrent.locks=ALL-UNNAMED --add-opens=java.base/java.util.concurrent.atomic=ALL-UNNAMED --add-opens=java.base/java.nio.file.spi=ALL-UNNAMED --add-opens=java.base/sun.nio.ch=ALL-UNNAMED --add-opens=java.base/sun.nio.fs=ALL-UNNAMED --add-opens=java.base/sun.net.www.protocol.http=ALL-UNNAMED --add-opens=java.base/sun.net.www.protocol.https=ALL-UNNAMED --add-opens=java.base/sun.net.www.protocol.ftp=ALL-UNNAMED --add-opens=java.base/sun.net.www.protocol.file=ALL-UNNAMED --add-opens=java.base/jdk.internal.misc=ALL-UNNAMED --add-opens=java.base/jdk.internal.vm=ALL-UNNAMED --add-opens=java.base/java.util.regex=ALL-UNNAMED -Djava.io.tmpdir=/tmp -Djava.library.path=/opt/apps/oracle-java/20.0.1/lib:/opt/apps/nextflow/24.04.1/lib:/mnt/data/sur/modules/pkgs/gurobi/13.0.0/lib:/usr/java/packages/lib:/usr/lib64:/lib64:/lib:/usr/lib -Dfile.encoding=UTF-8 -Dcapsule.app=nextflow_24.04.1 -Djava.awt.headless=true -Dcapsule.jar=/home/mmontante/.nextflow/framework/24.04.1/nextflow-24.04.1-one.jar -Dcom.sun.security.enableAIAcaIssuers=true 
java_command: nextflow.cli.Launcher run main.nf -entry COMETS -profile comets -resume
java_class_path (initial): /home/mmontante/.nextflow/framework/24.04.1/nextflow-24.04.1-one.jar:/home/mmontante/.nextflow/capsule/deps/io/nextflow/nextflow/24.04.1/nextflow-24.04.1.jar:/home/mmontante/.nextflow/capsule/deps/org/apache/ivy/ivy/2.5.2/ivy-2.5.2.jar:/home/mmontante/.nextflow/capsule/deps/io/nextflow/nf-httpfs/24.04.1/nf-httpfs-24.04.1.jar:/home/mmontante/.nextflow/capsule/deps/io/nextflow/nf-commons/24.04.1/nf-commons-24.04.1.jar:/home/mmontante/.nextflow/capsule/deps/org/apache/groovy/groovy-templates/4.0.21/groovy-templates-4.0.21.jar:/home/mmontante/.nextflow/capsule/deps/org/apache/groovy/groovy-xml/4.0.21/groovy-xml-4.0.21.jar:/home/mmontante/.nextflow/capsule/deps/org/apache/groovy/groovy-yaml/4.0.21/groovy-yaml-4.0.21.jar:/home/mmontante/.nextflow/capsule/deps/org/apache/groovy/groovy-json/4.0.21/groovy-json-4.0.21.jar:/home/mmontante/.nextflow/capsule/deps/org/apache/groovy/groovy-nio/4.0.21/groovy-nio-4.0.21.jar:/home/mmontante/.nextflow/capsule/deps/org/apache/groovy/groovy/4.0.21/groovy-4.0.21.jar:/home/mmontante/.nextflow/capsule/deps/org/slf4j/jcl-over-slf4j/2.0.7/jcl-over-slf4j-2.0.7.jar:/home/mmontante/.nextflow/capsule/deps/org/slf4j/jul-to-slf4j/2.0.7/jul-to-slf4j-2.0.7.jar:/home/mmontante/.nextflow/capsule/deps/org/slf4j/log4j-over-slf4j/2.0.7/log4j-over-slf4j-2.0.7.jar:/home/mmontante/.nextflow/capsule/deps/ch/qos/logback/logback-classic/1.4.14/logback-classic-1.4.14.jar:/home/mmontante/.nextflow/capsule/deps/ch/qos/logback/logback-core/1.4.14/logback-core-1.4.14.jar:/home/mmontante/.nextflow/capsule/deps/org/codehaus/gpars/gpars/1.2.1/gpars-1.2.1.jar:/home/mmontante/.nextflow/capsule/deps/ch/artecat/grengine/grengine/3.0.2/grengine-3.0.2.jar:/home/mmontante/.nextflow/capsule/deps/commons-lang/commons-lang/2.6/commons-lang-2.6.jar:/home/mmontante/.nextflow/capsule/deps/org/pf4j/pf4j-update/2.3.0/pf4j-update-2.3.0.jar:/home/mmontante/.nextflow/capsule/deps/commons-codec/commons-codec/1.15/commons-codec-1.15.jar:/home/mmontante/.nextflow/capsule/deps/commons-io/commons-io/2.11.0/commons-io-2.11.0.jar:/home/mmontante/.nextflow/capsule/deps/com/beust/jcommander/1.35/jcommander-1.35.jar:/home/mmontante/.nextflow/capsule/deps/com/esotericsoftware/kryo/kryo/2.24.0/kryo-2.24.0.jar:/home/mmontante/.nextflow/capsule/deps/org/iq80/leveldb/leveldb/0.12/leveldb-0.12.jar:/home/mmontante/.nextflow/capsule/deps/org/eclipse/jgit/org.eclipse.jgit/6.6.1.202309021850-r/org.eclipse.jgit-6.6.1.202309021850-r.jar:/home/mmontante/.nextflow/capsule/deps/javax/mail/mail/1.4.7/mail-1.4.7.jar:/home/mmontante/.nextflow/capsule/deps/javax/activation/activation/1.1.1/activation-1.1.1.jar:/home/mmontante/.nextflow/capsule/deps/com/fasterxml/jackson/core/jackson-databind/2.17.0/jackson-databind-2.17.0.jar:/home/mmontante/.nextflow/capsule/deps/com/fasterxml/jackson/core/jackson-core/2.17.0/jackson-core-2.17.0.jar:/home/mmontante/.nextflow/capsule/deps/com/fasterxml/jackson/core/jackson-annotations/2.17.0/jackson-annotations-2.17.0.jar:/home/mmontante/.nextflow/capsule/deps/com/fasterxml/jackson/dataformat/jackson-dataformat-yaml/2.17.0/jackson-dataformat-yaml-2.17.0.jar:/home/mmontante/.nextflow/capsule/deps/org/yaml/snakeyaml/2.2/snakeyaml-2.2.jar:/home/mmontante/.nextflow/capsule/deps/org/jsoup/jsoup/1.15.4/jsoup-1.15.4.jar:/home/mmontante/.nextflow/capsule/deps/jline/jline/2.9/jline-2.9.jar:/home/mmontante/.nextflow/capsule/deps/org/pf4j/pf4j/3.10.0/pf4j-3.10.0.jar:/home/mmontante/.nextflow/capsule/deps/dev/failsafe/failsafe/3.1.0/failsafe-3.1.0.jar:/home/mmontante/.nextflow/capsule/deps/com/google/guava/guava/33.0.0-jre/guava-33.0.0-jre.jar:/home/mmontante/.nextflow/capsule/deps/com/google/code/gson/gson/2.10.1/gson-2.10.1.jar:/home/mmontante/.nextflow/capsule/deps/org/slf4j/slf4j-api/2.0.7/slf4j-api-2.0.7.jar:/home/mmontante/.nextflow/capsule/deps/org/multiverse/multiverse-core/0.7.0/multiverse-core-0.7.0.jar:/home/mmontante/.nextflow/capsule/deps/org/codehaus/jsr166-mirror/jsr166y/1.7.0/jsr166y-1.7.0.jar:/home/mmontante/.nextflow/capsule/deps/org/objenesis/objenesis/2.1/objenesis-2.1.jar:/home/mmontante/.nextflow/capsule/deps/org/iq80/leveldb/leveldb-api/0.12/leveldb-api-0.12.jar:/home/mmontante/.nextflow/capsule/deps/com/googlecode/javaewah/JavaEWAH/1.2.3/JavaEWAH-1.2.3.jar:/home/mmontante/.nextflow/capsule/deps/com/github/zafarkhaja/java-semver/0.9.0/java-semver-0.9.0.jar:/home/mmontante/.nextflow/capsule/deps/com/google/guava/failureaccess/1.0.2/failureaccess-1.0.2.jar:/home/mmontante/.nextflow/capsule/deps/com/google/guava/listenablefuture/9999.0-empty-to-avoid-conflict-with-guava/listenablefuture-9999.0-empty-to-avoid-conflict-with-guava.jar:/home/mmontante/.nextflow/capsule/deps/com/google/code/findbugs/jsr305/3.0.2/jsr305-3.0.2.jar:/home/mmontante/.nextflow/capsule/deps/org/checkerframework/checker-qual/3.41.0/checker-qual-3.41.0.jar:/home/mmontante/.nextflow/capsule/deps/com/google/errorprone/error_prone_annotations/2.23.0/error_prone_annotations-2.23.0.jar:/home/mmontante/.nextflow/capsule/deps/net/bytebuddy/byte-buddy/1.14.9/byte-buddy-1.14.9.jar
Launcher Type: SUN_STANDARD

[Global flags]
     intx CICompilerCount                          = 2                                         {product} {ergonomic}
     uint ConcGCThreads                            = 1                                         {product} {ergonomic}
     uint G1ConcRefinementThreads                  = 2                                         {product} {ergonomic}
   size_t G1HeapRegionSize                         = 16777216                                  {product} {ergonomic}
    uintx GCDrainStackTargetSize                   = 64                                        {product} {ergonomic}
   size_t InitialHeapSize                          = 2147483648                                {product} {ergonomic}
   size_t MarkStackSize                            = 4194304                                   {product} {ergonomic}
   size_t MaxHeapSize                              = 31675383808                               {product} {ergonomic}
   size_t MaxNewSize                               = 18991808512                               {product} {ergonomic}
   size_t MinHeapDeltaBytes                        = 16777216                                  {product} {ergonomic}
   size_t MinHeapSize                              = 16777216                                  {product} {ergonomic}
    uintx NonNMethodCodeHeapSize                   = 5826188                                {pd product} {ergonomic}
    uintx NonProfiledCodeHeapSize                  = 122916026                              {pd product} {ergonomic}
    uintx ProfiledCodeHeapSize                     = 122916026                              {pd product} {ergonomic}
    uintx ReservedCodeCacheSize                    = 251658240                              {pd product} {ergonomic}
     bool SegmentedCodeCache                       = true                                      {product} {ergonomic}
   size_t SoftMaxHeapSize                          = 31675383808                            {manageable} {ergonomic}
     bool UseCompressedClassPointers               = true                           {product lp64_product} {ergonomic}
     bool UseCompressedOops                        = true                           {product lp64_product} {ergonomic}
     bool UseG1GC                                  = true                                      {product} {ergonomic}

Logging:
Log output configuration:
 #0: stdout all=warning uptime,level,tags foldmultilines=false
 #1: stderr all=off uptime,level,tags foldmultilines=false

Environment Variables:
JAVA_HOME=/opt/apps/oracle-java/20.0.1
PATH=/opt/apps/oracle-java/20.0.1/bin:/opt/apps/nextflow/24.04.1:/mnt/data/sur/modules/pkgs/mamba/main/condabin:/home/mmontante/.local/bin:/home/mmontante/bin:/usr/local/bin:/usr/bin:/usr/local/sbin:/usr/sbin
LD_LIBRARY_PATH=/opt/apps/oracle-java/20.0.1/lib:/opt/apps/nextflow/24.04.1/lib
SHELL=/bin/bash
LANG=C.UTF-8
TERM=xterm-256color
TMPDIR=/tmp

Active Locale:
LC_ALL=C.UTF-8
LC_COLLATE=C.UTF-8
LC_CTYPE=C.UTF-8
LC_MESSAGES=C.UTF-8
LC_MONETARY=C.UTF-8
LC_NUMERIC=C.UTF-8
LC_TIME=C.UTF-8

Signal Handlers:
   SIGSEGV: crash_handler in libjvm.so, mask=11100100010111111101111111111110, flags=SA_RESTART|SA_SIGINFO, unblocked
    SIGBUS: crash_handler in libjvm.so, mask=11100100010111111101111111111110, flags=SA_RESTART|SA_SIGINFO, unblocked
    SIGFPE: crash_handler in libjvm.so, mask=11100100010111111101111111111110, flags=SA_RESTART|SA_SIGINFO, unblocked
   SIGPIPE: javaSignalHandler in libjvm.so, mask=11100100010111111101111111111110, flags=SA_RESTART|SA_SIGINFO, blocked
   SIGXFSZ: javaSignalHandler in libjvm.so, mask=11100100010111111101111111111110, flags=SA_RESTART|SA_SIGINFO, blocked
    SIGILL: crash_handler in libjvm.so, mask=11100100010111111101111111111110, flags=SA_RESTART|SA_SIGINFO, unblocked
   SIGUSR2: SR_handler in libjvm.so, mask=00000000000000000000000000000000, flags=SA_RESTART|SA_SIGINFO, blocked
    SIGHUP: UserHandler in libjvm.so, mask=11100100010111111101111111111110, flags=SA_RESTART|SA_SIGINFO, blocked
    SIGINT: UserHandler in libjvm.so, mask=11100100010111111101111111111110, flags=SA_RESTART|SA_SIGINFO, blocked
   SIGTERM: UserHandler in libjvm.so, mask=11100100010111111101111111111110, flags=SA_RESTART|SA_SIGINFO, blocked
   SIGQUIT: UserHandler in libjvm.so, mask=11100100010111111101111111111110, flags=SA_RESTART|SA_SIGINFO, blocked
   SIGTRAP: crash_handler in libjvm.so, mask=11100100010111111101111111111110, flags=SA_RESTART|SA_SIGINFO, unblocked


---------------  S Y S T E M  ---------------

OS:
Rocky Linux release 9.7 (Blue Onyx)
uname: Linux 5.14.0-611.54.1.el9_7.x86_64 #1 SMP PREEMPT_DYNAMIC Tue May 5 16:52:47 UTC 2026 x86_64
OS uptime: 59 days 3:06 hours
libc: glibc 2.34 NPTL 2.34 
rlimit (soft/hard): STACK infinity/infinity , CORE infinity/infinity , NPROC 61493/1029539 , NOFILE 131072/131072 , AS infinity/infinity , CPU infinity/infinity , DATA infinity/infinity , FSIZE infinity/infinity , MEMLOCK infinity/infinity
load average: 21.65 21.64 21.89

/proc/meminfo:
MemTotal:       263886960 kB
MemFree:        18346364 kB
MemAvailable:   226079132 kB
Buffers:             664 kB
Cached:         205973160 kB
SwapCached:            0 kB
Active:         45307540 kB
Inactive:       191795884 kB
Active(anon):   31426284 kB
Inactive(anon):   255676 kB
Active(file):   13881256 kB
Inactive(file): 191540208 kB
Unevictable:           0 kB
Mlocked:               0 kB
SwapTotal:             0 kB
SwapFree:              0 kB
Zswap:                 0 kB
Zswapped:              0 kB
Dirty:               160 kB
Writeback:             4 kB
AnonPages:      28744604 kB
Mapped:           978300 kB
Shmem:            552360 kB
KReclaimable:    4159348 kB
Slab:            4969796 kB
SReclaimable:    4159348 kB
SUnreclaim:       810448 kB
KernelStack:       28464 kB
PageTables:        90632 kB
SecPageTables:      2056 kB
NFS_Unstable:          0 kB
Bounce:                0 kB
WritebackTmp:          0 kB
CommitLimit:    131943480 kB
Committed_AS:   43835400 kB
VmallocTotal:   34359738367 kB
VmallocUsed:      480424 kB
VmallocChunk:          0 kB
Percpu:            82944 kB
HardwareCorrupted:     0 kB
AnonHugePages:   8290304 kB
ShmemHugePages:        0 kB
ShmemPmdMapped:        0 kB
FileHugePages:         0 kB
FilePmdMapped:         0 kB
CmaTotal:              0 kB
CmaFree:               0 kB
Unaccepted:            0 kB
HugePages_Total:       0
HugePages_Free:        0
HugePages_Rsvd:        0
HugePages_Surp:        0
Hugepagesize:       2048 kB
Hugetlb:               0 kB
DirectMap4k:     1174232 kB
DirectMap2M:    57317376 kB
DirectMap1G:    211812352 kB

/sys/kernel/mm/transparent_hugepage/enabled: [always] madvise never
/sys/kernel/mm/transparent_hugepage/defrag (defrag/compaction efforts parameter): always defer defer+madvise [madvise] never

Process Memory:
Virtual Size: 34118120K (peak: 34118184K)
Resident Set Size: 52492K (peak: 52492K) (anon: 28152K, file: 24340K, shmem: 0K)
Swapped out: 0K
C-Heap outstanding allocations: 13184K, retained: 1555K
glibc malloc tunables: (default)

/proc/sys/kernel/threads-max (system-wide limit on the number of threads): 2059079
/proc/sys/vm/max_map_count (maximum number of memory map areas a process may have): 65530
/proc/sys/kernel/pid_max (system-wide limit on number of process identifiers): 4194304

container (cgroup) information:
container_type: cgroupv2
cpu_cpuset_cpus: not supported
cpu_memory_nodes: not supported
active_processor_count: 2
cpu_quota: no quota
cpu_period: 100000
cpu_shares: no shares
memory_limit_in_bytes: unlimited
memory_and_swap_limit_in_bytes: unlimited
memory_soft_limit_in_bytes: unlimited
memory_usage_in_bytes: 30124 k
memory_max_usage_in_bytes: not supported
memory_swap_current_in_bytes: unlimited
memory_swap_max_limit_in_bytes: unlimited
maximum number of tasks: not supported
current number of tasks: not supported

Steal ticks since vm start: 0
Steal ticks percentage since vm start:  0.000

CPU: total 28 (initial active 2) (14 cores per cpu, 2 threads per core) family 6 model 79 stepping 1 microcode 0xb000040, cx8, cmov, fxsr, ht, mmx, 3dnowpref, sse, sse2, sse3, ssse3, sse4.1, sse4.2, popcnt, lzcnt, tsc, tscinvbit, avx, avx2, aes, erms, clmul, bmi1, bmi2, rtm, adx, fma, vzeroupper, clflush, rdtscp, f16c
CPU Model and flags from /proc/cpuinfo:
model name	: Intel(R) Xeon(R) CPU E5-2690 v4 @ 2.60GHz
flags		: fpu vme de pse tsc msr pae mce cx8 apic sep mtrr pge mca cmov pat pse36 clflush dts acpi mmx fxsr sse sse2 ss ht tm pbe syscall nx pdpe1gb rdtscp lm constant_tsc arch_perfmon pebs bts rep_good nopl xtopology nonstop_tsc cpuid aperfmperf pni pclmulqdq dtes64 monitor ds_cpl vmx smx est tm2 ssse3 sdbg fma cx16 xtpr pdcm pcid dca sse4_1 sse4_2 x2apic movbe popcnt tsc_deadline_timer aes xsave avx f16c rdrand lahf_lm abm 3dnowprefetch cpuid_fault epb cat_l3 cdp_l3 pti ssbd ibrs ibpb stibp tpr_shadow flexpriority ept vpid ept_ad fsgsbase tsc_adjust bmi1 hle avx2 smep bmi2 erms invpcid rtm cqm rdt_a rdseed adx smap intel_pt xsaveopt cqm_llc cqm_occup_llc cqm_mbm_total cqm_mbm_local dtherm ida arat pln pts vnmi md_clear flush_l1d

Online cpus: 0-27
Offline cpus: 
BIOS frequency limitation: <Not Available>
Frequency switch latency (ns): 20000
Available cpu frequencies: <Not Available>
Current governor: performance
Core performance/turbo boost: <Not Available>

Memory: 4k page, physical 263886960k(18346364k free), swap 0k(0k free)
Page Sizes: 4k

vm_info: Java HotSpot(TM) 64-Bit Server VM (20.0.1+9-29) for linux-amd64 JRE (20.0.1+9-29), built on 2023-03-07T13:56:11Z by "mach5one" with gcc 11.2.0

END.
