#
# A fatal error has been detected by the Java Runtime Environment:
#
#  SIGSEGV (0xb) at pc=0x000014dd98e28796, pid=1130378, tid=1130430
#
# JRE version: Java(TM) SE Runtime Environment (20.0.1+9) (build 20.0.1+9-29)
# Java VM: Java HotSpot(TM) 64-Bit Server VM (20.0.1+9-29, mixed mode, sharing, tiered, compressed oops, compressed class ptrs, g1 gc, linux-amd64)
# Problematic frame:
# J 147 c1 java.util.HashMap.resize()[Ljava/util/HashMap$Node; java.base@20.0.1 (356 bytes) @ 0x000014dd98e28796 [0x000014dd98e27bc0+0x0000000000000bd6]
#
# Core dump will be written. Default location: Core dumps may be processed with "/usr/lib/systemd/systemd-coredump %P %u %g %s %t %c %h %d %F" (or dumping to /mnt/data/sur/users/mmontante/SimulacionesMetabolicas/core.1130378)
#
# If you would like to submit a bug report, please visit:
#   https://bugreport.java.com/bugreport/crash.jsp
#

---------------  S U M M A R Y ------------

Command Line: --add-opens=java.base/java.lang=ALL-UNNAMED --add-opens=java.base/java.io=ALL-UNNAMED --add-opens=java.base/java.nio=ALL-UNNAMED --add-opens=java.base/java.net=ALL-UNNAMED --add-opens=java.base/java.util=ALL-UNNAMED --add-opens=java.base/java.util.concurrent.locks=ALL-UNNAMED --add-opens=java.base/java.util.concurrent.atomic=ALL-UNNAMED --add-opens=java.base/java.nio.file.spi=ALL-UNNAMED --add-opens=java.base/sun.nio.ch=ALL-UNNAMED --add-opens=java.base/sun.nio.fs=ALL-UNNAMED --add-opens=java.base/sun.net.www.protocol.http=ALL-UNNAMED --add-opens=java.base/sun.net.www.protocol.https=ALL-UNNAMED --add-opens=java.base/sun.net.www.protocol.ftp=ALL-UNNAMED --add-opens=java.base/sun.net.www.protocol.file=ALL-UNNAMED --add-opens=java.base/jdk.internal.misc=ALL-UNNAMED --add-opens=java.base/jdk.internal.vm=ALL-UNNAMED --add-opens=java.base/java.util.regex=ALL-UNNAMED -Djava.io.tmpdir=/tmp -Djava.library.path=/opt/apps/oracle-java/20.0.1/lib:/opt/apps/nextflow/24.04.1/lib:/mnt/data/sur/modules/pkgs/gurobi/13.0.0/lib:/usr/java/packages/lib:/usr/lib64:/lib64:/lib:/usr/lib -Dfile.encoding=UTF-8 -Dcapsule.app=nextflow_24.04.1 -Djava.awt.headless=true -Dcapsule.jar=/home/mmontante/.nextflow/framework/24.04.1/nextflow-24.04.1-one.jar -Dcom.sun.security.enableAIAcaIssuers=true nextflow.cli.Launcher run main.nf -entry COMETS -profile comets -resume

Host: Intel(R) Xeon(R) CPU E5-2690 v4 @ 2.60GHz, 28 cores, 251G, Rocky Linux release 9.7 (Blue Onyx)
Time: Mon Jul 20 17:23:51 2026 CST elapsed time: 0.243246 seconds (0d 0h 0m 0s)

---------------  T H R E A D  ---------------

Current thread (0x000014ddb002c9a0):  JavaThread "main" [_thread_in_Java, id=1130430, stack(0x000014ddb5f86000,0x000014ddb6086000)]

Stack: [0x000014ddb5f86000,0x000014ddb6086000],  sp=0x000014ddb6080150,  free space=1000k
Native frames: (J=compiled Java code, j=interpreted, Vv=VM code, C=native code)
J 147 c1 java.util.HashMap.resize()[Ljava/util/HashMap$Node; java.base@20.0.1 (356 bytes) @ 0x000014dd98e28796 [0x000014dd98e27bc0+0x0000000000000bd6]
J 125 c1 java.util.HashMap.putVal(ILjava/lang/Object;Ljava/lang/Object;ZZ)Ljava/lang/Object; java.base@20.0.1 (300 bytes) @ 0x000014dd98e23474 [0x000014dd98e225a0+0x0000000000000ed4]
J 127 c1 java.util.HashMap.put(Ljava/lang/Object;Ljava/lang/Object;)Ljava/lang/Object; java.base@20.0.1 (13 bytes) @ 0x000014dd98e24044 [0x000014dd98e23e40+0x0000000000000204]
j  java.util.jar.Manifest.read(Ljava/io/InputStream;Ljava/lang/String;)V+358 java.base@20.0.1
j  java.util.jar.Manifest.<init>(Ljava/util/jar/JarVerifier;Ljava/io/InputStream;Ljava/lang/String;)V+29 java.base@20.0.1
j  java.util.jar.JarFile.getManifestFromReference()Ljava/util/jar/Manifest;+121 java.base@20.0.1
j  java.util.jar.JarFile.getManifest()Ljava/util/jar/Manifest;+1 java.base@20.0.1
j  java.util.jar.JarFile.maybeInstantiateVerifier()V+31 java.base@20.0.1
j  java.util.jar.JarFile.ensureInitialization()V+1 java.base@20.0.1
j  java.util.jar.JavaUtilJarAccessImpl.ensureInitialization(Ljava/util/jar/JarFile;)V+1 java.base@20.0.1
j  jdk.internal.loader.URLClassPath$JarLoader$2.getManifest()Ljava/util/jar/Manifest;+10 java.base@20.0.1
j  jdk.internal.loader.BuiltinClassLoader.defineClass(Ljava/lang/String;Ljdk/internal/loader/Resource;)Ljava/lang/Class;+29 java.base@20.0.1
j  jdk.internal.loader.BuiltinClassLoader.findClassOnClassPathOrNull(Ljava/lang/String;)Ljava/lang/Class;+37 java.base@20.0.1
j  jdk.internal.loader.BuiltinClassLoader.loadClassOrNull(Ljava/lang/String;Z)Ljava/lang/Class;+111 java.base@20.0.1
j  jdk.internal.loader.BuiltinClassLoader.loadClass(Ljava/lang/String;Z)Ljava/lang/Class;+3 java.base@20.0.1
j  jdk.internal.loader.ClassLoaders$AppClassLoader.loadClass(Ljava/lang/String;Z)Ljava/lang/Class;+36 java.base@20.0.1
j  java.lang.ClassLoader.loadClass(Ljava/lang/String;)Ljava/lang/Class;+3 java.base@20.0.1
v  ~StubRoutines::call_stub 0x000014dda0338cc6
V  [libjvm.so+0x8a84c5]  JavaCalls::call_helper(JavaValue*, methodHandle const&, JavaCallArguments*, JavaThread*)+0x315
V  [libjvm.so+0x8aa062]  JavaCalls::call_virtual(JavaValue*, Handle, Klass*, Symbol*, Symbol*, Handle, JavaThread*)+0x1e2
V  [libjvm.so+0xe1a0b1]  SystemDictionary::load_instance_class_impl(Symbol*, Handle, JavaThread*)+0x181
V  [libjvm.so+0xe18577]  SystemDictionary::load_instance_class(Symbol*, Handle, JavaThread*)+0x17
V  [libjvm.so+0xe18e9c]  SystemDictionary::resolve_instance_class_or_null(Symbol*, Handle, Handle, JavaThread*)+0x80c
V  [libjvm.so+0xe1a4fe]  SystemDictionary::resolve_or_fail(Symbol*, Handle, Handle, bool, JavaThread*)+0x5e
V  [libjvm.so+0xeb0cf6]  VerificationType::resolve_and_check_assignability(InstanceKlass*, Symbol*, Symbol*, bool, bool, bool, JavaThread*)+0x2b6
V  [libjvm.so+0xeb13a7]  VerificationType::is_reference_assignable_from(VerificationType const&, ClassVerifier*, bool, JavaThread*) const+0xf7
V  [libjvm.so+0xebdd81]  ClassVerifier::verify_exception_handler_table(unsigned int, char*, int&, int&, JavaThread*)+0x351
V  [libjvm.so+0xec0072]  ClassVerifier::verify_method(methodHandle const&, JavaThread*)+0x1d2
V  [libjvm.so+0xec78fa]  ClassVerifier::verify_class(JavaThread*)+0xea
V  [libjvm.so+0xec7d2a]  Verifier::verify(InstanceKlass*, bool, JavaThread*)+0x32a
V  [libjvm.so+0x8820d2]  InstanceKlass::link_class_impl(JavaThread*)+0x432
V  [libjvm.so+0x99487c]  get_class_declared_methods_helper(JNIEnv_*, _jclass*, unsigned char, bool, Klass*, JavaThread*) [clone .constprop.0]+0xdc
V  [libjvm.so+0x994eef]  JVM_GetClassDeclaredMethods+0x8f
j  java.lang.Class.getDeclaredMethods0(Z)[Ljava/lang/reflect/Method;+0 java.base@20.0.1
j  java.lang.Class.privateGetDeclaredMethods(Z)[Ljava/lang/reflect/Method;+34 java.base@20.0.1
j  java.lang.Class.getMethodsRecursive(Ljava/lang/String;[Ljava/lang/Class;Z)Ljava/lang/PublicMethods$MethodList;+2 java.base@20.0.1
j  java.lang.Class.getMethod0(Ljava/lang/String;[Ljava/lang/Class;)Ljava/lang/reflect/Method;+14 java.base@20.0.1
j  java.lang.Class.getMethod(Ljava/lang/String;[Ljava/lang/Class;)Ljava/lang/reflect/Method;+26 java.base@20.0.1
j  sun.launcher.LauncherHelper.validateMainClass(Ljava/lang/Class;)V+16 java.base@20.0.1
j  sun.launcher.LauncherHelper.checkAndLoadMain(ZILjava/lang/String;)Ljava/lang/Class;+80 java.base@20.0.1
v  ~StubRoutines::call_stub 0x000014dda0338cc6
V  [libjvm.so+0x8a84c5]  JavaCalls::call_helper(JavaValue*, methodHandle const&, JavaCallArguments*, JavaThread*)+0x315
V  [libjvm.so+0x95070a]  jni_invoke_static(JNIEnv_*, JavaValue*, _jobject*, JNICallType, _jmethodID*, JNI_ArgumentPusher*, JavaThread*) [clone .constprop.1]+0x3ba
V  [libjvm.so+0x9515f3]  jni_CallStaticObjectMethod+0x163
C  [libjli.so+0x3ef3]  JavaMain+0x593
C  [libjli.so+0x7c59]  ThreadJavaMain+0x9

siginfo: si_signo: 11 (SIGSEGV), si_code: 128 (SI_KERNEL), si_addr: 0x0000000000000000

Registers:
RAX=0x000000011f918e80, RBX=0x0000000000000000, RCX=0x0000000000000000, RDX=0x0000000000000000
RSP=0x000014ddb6080150, RBP=0x000014ddb6080368, RSI=0x000000011f9324a8, RDI=0x000000011f918e80
R8 =0x000014dd500132f8, R9 =0x00850000000004c0, R10=0x000014ddb775f000, R11=0x00000000000000b2
R12=0x0000000000000000, R13=0x0000000000000200, R14=0x0000000000000400, R15=0x000014ddb002c9a0
RIP=0x000014dd98e28796, EFLAGS=0x0000000000010246, CSGSFS=0x002b000000000033, ERR=0x0000000000000000
  TRAPNO=0x000000000000000d


Register to memory mapping:

RAX=0x000000011f918e80 is an oop: java.util.HashMap$Node 
{0x000000011f918e80} - klass: 'java/util/HashMap$Node'
 - ---- fields (total size 4 words):
 - final 'hash' 'I' @12  1676362244 (0x63eb4204)
 - final 'key' 'Ljava/lang/Object;' @16  "org/eclipse/jgit/util/Holder.class"{0x000000011f918de8} (0x23f231bd)
 - 'value' 'Ljava/lang/Object;' @20  a 'java/util/jar/Attributes'{0x000000011f918e38} (0x23f231c7)
 - 'next' 'Ljava/util/HashMap$Node;' @24  a 'java/util/HashMap$Node'{0x000000011f9324a8} (0x23f26495)
RBX=0x0 is NULL
RCX=0x0 is NULL
RDX=0x0 is NULL
RSP=0x000014ddb6080150 is pointing into the stack for thread: 0x000014ddb002c9a0
RBP=0x000014ddb6080368 is pointing into the stack for thread: 0x000014ddb002c9a0
RSI=0x000000011f9324a8 is an oop: java.util.HashMap$Node 
{0x000000011f9324a8} - klass: 'java/util/HashMap$Node'
 - ---- fields (total size 4 words):
 - final 'hash' 'I' @12  1408766980 (0x53f81404)
 - final 'key' 'Ljava/lang/Object;' @16  "org/eclipse/jgit/transport/TrackingRefUpdate$Command.class"{0x000000011f9323f8} (0x23f2647f)
 - 'value' 'Ljava/lang/Object;' @20  a 'java/util/jar/Attributes'{0x000000011f932460} (0x23f2648c)
 - 'next' 'Ljava/util/HashMap$Node;' @24  NULL (0x00000000)
RDI=0x000000011f918e80 is an oop: java.util.HashMap$Node 
{0x000000011f918e80} - klass: 'java/util/HashMap$Node'
 - ---- fields (total size 4 words):
 - final 'hash' 'I' @12  1676362244 (0x63eb4204)
 - final 'key' 'Ljava/lang/Object;' @16  "org/eclipse/jgit/util/Holder.class"{0x000000011f918de8} (0x23f231bd)
 - 'value' 'Ljava/lang/Object;' @20  a 'java/util/jar/Attributes'{0x000000011f918e38} (0x23f231c7)
 - 'next' 'Ljava/util/HashMap$Node;' @24  a 'java/util/HashMap$Node'{0x000000011f9324a8} (0x23f26495)
R8 =0x000014dd500132f8 is pointing into metadata
R9 =0x00850000000004c0 is an unknown value
R10=0x000014ddb775f000 points into unknown readable memory: 0x0000000000000000 | 00 00 00 00 00 00 00 00
R11=0x00000000000000b2 is an unknown value
R12=0x0 is NULL
R13=0x0000000000000200 is an unknown value
R14=0x0000000000000400 is an unknown value
R15=0x000014ddb002c9a0 is a thread


Top of Stack: (sp=0x000014ddb6080150)
0x000014ddb6080150:   000014dda03553aa 000014dd3f400000
0x000014ddb6080160:   0000000000000003 000000011f935540
0x000014ddb6080170:   000014ddb6080170 0000000800b663d4
0x000014ddb6080180:   0000000400000200 000000011f935598
0x000014ddb6080190:   000000011f8f9d68 0000000700000400
0x000014ddb60801a0:   000000011f91c2a0 0000000000000000
0x000014ddb60801b0:   000014ddb6080368 000014dd98e23474
0x000014ddb60801c0:   000014dda03553aa 0000000000000000
0x000014ddb60801d0:   000000011f935540 000014ddb60801d8
0x000014ddb60801e0:   00000008007829c2 000014ddb6080238
0x000014ddb60801f0:   0000000800101080 0000000000000000
0x000014ddb6080200:   00000000d3ff743a 000000011f8f9d68
0x000014ddb6080210:   000000011f9354c8 000000011f935530
0x000014ddb6080220:   0000003a00000001 000000011f91c2a0
0x000014ddb6080230:   0000000000000003 000000011f935540
0x000014ddb6080240:   000000011f935540 000000011f9354c8
0x000014ddb6080250:   0000000800782abf 000014ddb60802a0
0x000014ddb6080260:   000014ddb6080368 000014dd98e24044
0x000014ddb6080270:   00000007fef0b638 0000000800101fa0
0x000014ddb6080280:   0000000000000000 000014ddb60802a0
0x000014ddb6080290:   000014ddb60802f8 000014dda0355503
0x000014ddb60802a0:   000000011f935540 000000011f935530
0x000014ddb60802b0:   000014ddb60802b0 0000000800823846
0x000014ddb60802c0:   000014ddb6080310 000000011f8f9d68
0x000014ddb60802d0:   000000011f9354c8 000000011f935530
0x000014ddb60802e0:   0000000800177498 0000000000000000
0x000014ddb60802f0:   000014ddb6080368 000014dda0355953
0x000014ddb6080300:   000014dda0355953 000000011f935530
0x000014ddb6080310:   000000011f9354c8 000000011f8f9d68
0x000014ddb6080320:   000014ddb6080320 000000080068bfa6
0x000014ddb6080330:   000014ddb60803e8 0000000800050b18
0x000014ddb6080340:   0000000000000000 00000007fef036d8 

Instructions: (pc=0x000014dd98e28796)
0x000014dd98e28696:   78 04 00 00 01 00 00 00 e9 08 00 00 00 49 83 80
0x000014dd98e286a6:   50 04 00 00 01 49 8b d1 48 8b c8 4c 8b c7 4d 8b
0x000014dd98e286b6:   cd 89 7c 24 34 44 89 6c 24 30 0f 1f 80 00 00 00
0x000014dd98e286c6:   00 e8 34 2f 57 07 48 b8 f8 32 01 50 dd 14 00 00
0x000014dd98e286d6:   ff 80 88 04 00 00 8b 4c 24 34 48 8b 5c 24 38 44
0x000014dd98e286e6:   8b 6c 24 30 e9 a3 05 00 00 89 7c 24 34 44 89 74
0x000014dd98e286f6:   24 48 44 89 6c 24 30 48 b8 00 00 00 00 00 00 00
0x000014dd98e28706:   00 48 bf 00 00 00 00 00 00 00 00 48 bb 00 00 00
0x000014dd98e28716:   00 00 00 00 00 48 ba 00 00 00 00 00 00 00 00 44
0x000014dd98e28726:   8b 6c 24 30 66 0f 1f 44 00 00 8b 4e 18 48 c1 e1
0x000014dd98e28736:   03 44 8b 46 0c 4d 23 c5 41 83 f8 00 49 b8 f8 32
0x000014dd98e28746:   01 50 dd 14 00 00 49 b9 a0 04 00 00 00 00 00 00
0x000014dd98e28756:   0f 85 0a 00 00 00 49 b9 b0 04 00 00 00 00 00 00
0x000014dd98e28766:   4f 8b 1c 08 4d 8d 5b 01 4f 89 1c 08 0f 85 9b 00
0x000014dd98e28776:   00 00 48 83 fb 00 49 b8 f8 32 01 50 dd 14 00 00
0x000014dd98e28786:   49 b9 c0 04 00 00 00 00 00 00 0f 85 0a 00 00 00
0x000014dd98e28796:   49 b9 d0 04 00 00 00 00 00 00 4f 8b 1c 08 4d 8d
0x000014dd98e287a6:   5b 01 4f 89 1c 08 0f 85 18 00 00 00 48 bb f8 32
0x000014dd98e287b6:   01 50 dd 14 00 00 ff 83 e0 04 00 00 48 8b de e9
0x000014dd98e287c6:   31 00 00 00 45 0f be 47 40 41 83 f8 00 0f 85 90
0x000014dd98e287d6:   06 00 00 4c 8b d6 49 c1 ea 03 44 89 53 18 4c 8b
0x000014dd98e287e6:   c3 4c 33 c6 49 c1 e8 18 49 83 f8 00 0f 85 96 06
0x000014dd98e287f6:   00 00 48 8b da 48 ba f8 32 01 50 dd 14 00 00 ff
0x000014dd98e28806:   82 f8 04 00 00 48 8b d3 e9 86 00 00 00 48 83 f8
0x000014dd98e28816:   00 49 b8 f8 32 01 50 dd 14 00 00 49 b9 10 05 00
0x000014dd98e28826:   00 00 00 00 00 0f 85 0a 00 00 00 49 b9 20 05 00
0x000014dd98e28836:   00 00 00 00 00 4f 8b 1c 08 4d 8d 5b 01 4f 89 1c
0x000014dd98e28846:   08 0f 85 18 00 00 00 48 b8 f8 32 01 50 dd 14 00
0x000014dd98e28856:   00 ff 80 30 05 00 00 48 8b fe e9 2e 00 00 00 45
0x000014dd98e28866:   0f be 47 40 41 83 f8 00 0f 85 32 06 00 00 4c 8b
0x000014dd98e28876:   d6 49 c1 ea 03 44 89 50 18 4c 8b c0 4c 33 c6 49
0x000014dd98e28886:   c1 e8 18 49 83 f8 00 0f 85 38 06 00 00 48 8b c6 


Stack slot to memory mapping:
stack at sp + 0 slots: 0x000014dda03553aa is at code_begin+1098 in an Interpreter codelet
return entry points  [0x000014dda0354f60, 0x000014dda0355a28]  2760 bytes
stack at sp + 1 slots: 0x000014dd3f400000 is an unknown value
stack at sp + 2 slots: 0x0000000000000003 is an unknown value
stack at sp + 3 slots: 0x000000011f935540 is an oop: java.util.LinkedHashMap 
{0x000000011f935540} - klass: 'java/util/LinkedHashMap'
 - ---- fields (total size 7 words):
 - transient 'keySet' 'Ljava/util/Set;' @12  NULL (0x00000000)
 - transient 'values' 'Ljava/util/Collection;' @16  NULL (0x00000000)
 - transient 'size' 'I' @20  0 (0x00000000)
 - transient 'modCount' 'I' @24  0 (0x00000000)
 - 'threshold' 'I' @28  4 (0x00000004)
 - final 'loadFactor' 'F' @32  0.750000 (0x3f400000)
 - transient 'table' '[Ljava/util/HashMap$Node;' @36  NULL (0x00000000)
 - transient 'entrySet' 'Ljava/util/Set;' @40  NULL (0x00000000)
 - final 'accessOrder' 'Z' @44  false (0x00)
 - transient 'head' 'Ljava/util/LinkedHashMap$Entry;' @48  NULL (0x00000000)
 - transient 'tail' 'Ljava/util/LinkedHashMap$Entry;' @52  NULL (0x00000000)
stack at sp + 4 slots: 0x000014ddb6080170 is pointing into the stack for thread: 0x000014ddb002c9a0
stack at sp + 5 slots: 0x0000000800b663d4 is pointing into metadata
stack at sp + 6 slots: 0x0000000400000200 is an unallocated location in the heap
stack at sp + 7 slots: 0x000000011f935598 is an oop: [Ljava.util.HashMap$Node; 
{0x000000011f935598} - klass: 'java/util/HashMap$Node'[]
 - length: 1024


Compiled method (c1)     260  147       3       java.util.HashMap::resize (356 bytes)
 total in heap  [0x000014dd98e27910,0x000014dd98e29508] = 7160
 relocation     [0x000014dd98e27a58,0x000014dd98e27b88] = 304
 constants      [0x000014dd98e27ba0,0x000014dd98e27bc0] = 32
 main code      [0x000014dd98e27bc0,0x000014dd98e29080] = 5312
 stub code      [0x000014dd98e29080,0x000014dd98e290c0] = 64
 metadata       [0x000014dd98e290c0,0x000014dd98e290c8] = 8
 scopes data    [0x000014dd98e290c8,0x000014dd98e29218] = 336
 scopes pcs     [0x000014dd98e29218,0x000014dd98e29468] = 592
 dependencies   [0x000014dd98e29468,0x000014dd98e29470] = 8
 nul chk table  [0x000014dd98e29470,0x000014dd98e29508] = 152


[Constant Pool]
             Address          hex4                    hex8      
  0x000014dd98e27ba0:   0x4e800000      0xf4f4f4f44e800000      
  0x000014dd98e27ba4:   0xf4f4f4f4                              
  0x000014dd98e27ba8:   0xf4f4f4f4      0xf4f4f4f4f4f4f4f4      
  0x000014dd98e27bac:   0xf4f4f4f4                              
  0x000014dd98e27bb0:   0xf4f4f4f4      0xf4f4f4f4f4f4f4f4      
  0x000014dd98e27bb4:   0xf4f4f4f4                              
  0x000014dd98e27bb8:   0xf4f4f4f4      0xf4f4f4f4f4f4f4f4      
  0x000014dd98e27bbc:   0xf4f4f4f4                              

[MachCode]
[Entry Point]
  # {method} {0x00000008004044d8} 'resize' '()[Ljava/util/HashMap$Node;' in 'java/util/HashMap'
  #           [sp+0x70]  (sp of caller)
  0x000014dd98e27bc0: ;   {no_reloc}
  0x000014dd98e27bc0: 448b 5608 | 49bb 0000 | 0000 0800 | 0000 4d03 | d34c 3bd0 

  0x000014dd98e27bd4: ;   {runtime_call ic_miss_stub}
  0x000014dd98e27bd4: 0f85 2637 | 5707 660f | 1f44 0000 
[Verified Entry Point]
  0x000014dd98e27be0: 8984 2400 | c0fe ff55 | 4883 ec60 | 4181 7f20 | 0100 0000 

  0x000014dd98e27bf4: ;   {runtime_call StubRoutines (2)}
  0x000014dd98e27bf4: 7405 e8a5 | 9355 0748 | 8974 2440 

  0x000014dd98e27c00: ;   {metadata(method data for {method} {0x00000008004044d8} 'resize' '()[Ljava/util/HashMap$Node;' in 'java/util/HashMap')}
  0x000014dd98e27c00: 48bb f832 | 0150 dd14 | 0000 8b93 | f400 0000 | 83c2 0289 | 93f4 0000 | 0081 e2fe | 0700 0083 
  0x000014dd98e27c20: fa00 0f84 | 0411 0000 | 448b 5e24 | 49c1 e303 | 4c89 5c24 | 5049 83fb 

  0x000014dd98e27c38: ;   {metadata(method data for {method} {0x00000008004044d8} 'resize' '()[Ljava/util/HashMap$Node;' in 'java/util/HashMap')}
  0x000014dd98e27c38: 0048 bbf8 | 3201 50dd | 1400 0048 | ba38 0100 | 0000 0000 | 000f 850a | 0000 0048 | ba48 0100 
  0x000014dd98e27c58: 0000 0000 | 0048 8b3c | 1348 8d7f | 0148 893c | 130f 851b 

  0x000014dd98e27c6c: ;   {metadata(method data for {method} {0x00000008004044d8} 'resize' '()[Ljava/util/HashMap$Node;' in 'java/util/HashMap')}
  0x000014dd98e27c6c: 0000 0048 | bbf8 3201 | 50dd 1400 | 00ff 8358 | 0100 0041 | bd00 0000 | 00e9 0700 | 0000 418b 
  0x000014dd98e27c8c: 5b0c 4c8b | eb8b 5e1c | 4183 fd00 

  0x000014dd98e27c98: ;   {metadata(method data for {method} {0x00000008004044d8} 'resize' '()[Ljava/util/HashMap$Node;' in 'java/util/HashMap')}
  0x000014dd98e27c98: 48ba f832 | 0150 dd14 | 0000 48bf | 7001 0000 | 0000 0000 | 0f8e 0a00 | 0000 48bf | 8001 0000 
  0x000014dd98e27cb8: 0000 0000 | 488b 043a | 488d 4001 | 4889 043a | 0f8e e300 | 0000 4181 | fd00 0000 

  0x000014dd98e27cd4: ;   {metadata(method data for {method} {0x00000008004044d8} 'resize' '()[Ljava/util/HashMap$Node;' in 'java/util/HashMap')}
  0x000014dd98e27cd4: 4048 baf8 | 3201 50dd | 1400 0048 | bfa0 0100 | 0000 0000 | 000f 8d0a | 0000 0048 | bf90 0100 
  0x000014dd98e27cf4: 0000 0000 | 0048 8b04 | 3a48 8d40 | 0148 8904 | 3a0f 8d04 | 1000 0049 | 8bd5 d1e2 | 81fa 0000 
  0x000014dd98e27d14: ;   {metadata(method data for {method} {0x00000008004044d8} 'resize' '()[Ljava/util/HashMap$Node;' in 'java/util/HashMap')}
  0x000014dd98e27d14: 0040 48bf | f832 0150 | dd14 0000 | 48b8 c001 | 0000 0000 | 0000 0f8c | 0a00 0000 | 48b8 b001 
  0x000014dd98e27d34: 0000 0000 | 0000 488b | 0c07 488d | 4901 4889 | 0c07 0f8c | 0a00 0000 | bb00 0000 | 00e9 bb00 
  0x000014dd98e27d54: 0000 4183 

  0x000014dd98e27d58: ;   {metadata(method data for {method} {0x00000008004044d8} 'resize' '()[Ljava/util/HashMap$Node;' in 'java/util/HashMap')}
  0x000014dd98e27d58: fd10 48bf | f832 0150 | dd14 0000 | 48b8 e001 | 0000 0000 | 0000 0f8d | 0a00 0000 | 48b8 d001 
  0x000014dd98e27d78: 0000 0000 | 0000 488b | 0c07 488d | 4901 4889 | 0c07 0f8d | 0a00 0000 | bb00 0000 | 00e9 7700 
  0x000014dd98e27d98: 0000 d1e3 

  0x000014dd98e27d9c: ;   {metadata(method data for {method} {0x00000008004044d8} 'resize' '()[Ljava/util/HashMap$Node;' in 'java/util/HashMap')}
  0x000014dd98e27d9c: 48bf f832 | 0150 dd14 | 0000 ff87 | f001 0000 | e960 0000 | 0083 fb00 

  0x000014dd98e27db4: ;   {metadata(method data for {method} {0x00000008004044d8} 'resize' '()[Ljava/util/HashMap$Node;' in 'java/util/HashMap')}
  0x000014dd98e27db4: 48ba f832 | 0150 dd14 | 0000 48bf | 0802 0000 | 0000 0000 | 0f8e 0a00 | 0000 48bf | 1802 0000 
  0x000014dd98e27dd4: 0000 0000 | 488b 043a | 488d 4001 | 4889 043a | 0f8e 1d00 

  0x000014dd98e27de8: ;   {metadata(method data for {method} {0x00000008004044d8} 'resize' '()[Ljava/util/HashMap$Node;' in 'java/util/HashMap')}
  0x000014dd98e27de8: 0000 48ba | f832 0150 | dd14 0000 | ff82 2802 | 0000 488b | d3bb 0000 | 0000 e90a | 0000 00bb 
  0x000014dd98e27e08: 0c00 0000 | ba10 0000 | 0083 fb00 

  0x000014dd98e27e14: ;   {metadata(method data for {method} {0x00000008004044d8} 'resize' '()[Ljava/util/HashMap$Node;' in 'java/util/HashMap')}
  0x000014dd98e27e14: 48bf f832 | 0150 dd14 | 0000 48b8 | 4002 0000 | 0000 0000 | 0f85 0a00 | 0000 48b8 | 5002 0000 
  0x000014dd98e27e34: 0000 0000 | 488b 0c07 | 488d 4901 | 4889 0c07 | 0f85 e100 | 0000 c5fa | 1046 20c5 | f22a cac5 
  0x000014dd98e27e54: f259 c881 | fa00 0000 

  0x000014dd98e27e5c: ;   {metadata(method data for {method} {0x00000008004044d8} 'resize' '()[Ljava/util/HashMap$Node;' in 'java/util/HashMap')}
  0x000014dd98e27e5c: 4048 bbf8 | 3201 50dd | 1400 0048 | bf60 0200 | 0000 0000 | 000f 8d0a | 0000 0048 | bf70 0200 
  0x000014dd98e27e7c: 0000 0000 | 0048 8b04 | 3b48 8d40 | 0148 8904 | 3b0f 8d63 

  0x000014dd98e27e90: ;   {section_word}
  0x000014dd98e27e90: 0000 00c5 | fa10 0505 | fdff ffc5 | f82e c8bb | 0100 0000 | 0f8a 1300 | 0000 0f87 | 0d00 0000 
  0x000014dd98e27eb0: bb00 0000 | 000f 8402 | 0000 00ff | cb83 fb00 

  0x000014dd98e27ec0: ;   {metadata(method data for {method} {0x00000008004044d8} 'resize' '()[Ljava/util/HashMap$Node;' in 'java/util/HashMap')}
  0x000014dd98e27ec0: 48bb f832 | 0150 dd14 | 0000 48bf | 9002 0000 | 0000 0000 | 0f8c 0a00 | 0000 48bf | 8002 0000 
  0x000014dd98e27ee0: 0000 0000 | 488b 043b | 488d 4001 | 4889 043b | 0f8c 0a00 | 0000 bbff | ffff 7fe9 | 2b00 0000 
  0x000014dd98e27f00: c5fa 2cd9 | 81fb 0000 | 0080 750f | 4883 ec08 | c5fa 110c 

  0x000014dd98e27f14: ;   {runtime_call StubRoutines (1)}
  0x000014dd98e27f14: 24e8 3f0e 

  0x000014dd98e27f18: ;   {metadata(method data for {method} {0x00000008004044d8} 'resize' '()[Ljava/util/HashMap$Node;' in 'java/util/HashMap')}
  0x000014dd98e27f18: 5107 5b48 | bff8 3201 | 50dd 1400 | 00ff 87a0 | 0200 0089 | 5e1c 488b | da4c 8bf2 

  0x000014dd98e27f34: ;   {metadata('java/util/HashMap$Node'[])}
  0x000014dd98e27f34: 48ba 3044 | 1b00 0800 | 0000 4c8b | ce48 63db | 488b fb48 | 81fb ffff | ff00 0f87 | fe0d 0000 
  0x000014dd98e27f54: 48be 1700 | 0000 0000 | 0000 488d | 349e 4883 | e6f8 498b | 87f8 0000 | 0048 8d34 | 3049 3bb7 
  0x000014dd98e27f74: 0801 0000 | 0f87 d40d | 0000 4989 | b7f8 0000 | 0048 2bf0 | 48c7 0001 | 0000 0048 | 8bca 49ba 
  0x000014dd98e27f94: 0000 0000 | 0800 0000 | 492b ca89 | 4808 8958 | 0c48 83ee | 1048 85f6 | 0f84 1100 | 0000 4833 
  0x000014dd98e27fb4: db48 c1ee | 0348 895c | f008 48ff | ce75 f648 | 8944 2438 | 410f be57 | 4083 fa00 | 0f85 860d 
  0x000014dd98e27fd4: 0000 4c8b | d049 c1ea | 0345 8951 | 2449 8bf1 | 4833 f048 | c1ee 1848 | 83fe 000f | 8587 0d00 
  0x000014dd98e27ff4: 0049 83fb 

  0x000014dd98e27ff8: ;   {metadata(method data for {method} {0x00000008004044d8} 'resize' '()[Ljava/util/HashMap$Node;' in 'java/util/HashMap')}
  0x000014dd98e27ff8: 0048 baf8 | 3201 50dd | 1400 0048 | b9b8 0200 | 0000 0000 | 000f 840a | 0000 0048 | b9c8 0200 
  0x000014dd98e28018: 0000 0000 | 004c 8b04 | 0a4d 8d40 | 014c 8904 | 0a0f 84c7 | 0c00 00bf | 0000 0000 | 0f1f 4000 
  0x000014dd98e28038: ;   {metadata(method data for {method} {0x00000008004044d8} 'resize' '()[Ljava/util/HashMap$Node;' in 'java/util/HashMap')}
  0x000014dd98e28038: 413b fd48 | baf8 3201 | 50dd 1400 | 0048 b9d8 | 0200 0000 | 0000 000f | 8d0a 0000 | 0048 b9e8 
  0x000014dd98e28058: 0200 0000 | 0000 004c | 8b04 0a4d | 8d40 014c | 8904 0a0f | 8d85 0c00 | 0041 3b7b | 0c0f 8323 
  0x000014dd98e28078: 0d00 0048 | 63d7 418b | 7493 1048 | c1e6 0348 

  0x000014dd98e28088: ;   {metadata(method data for {method} {0x00000008004044d8} 'resize' '()[Ljava/util/HashMap$Node;' in 'java/util/HashMap')}
  0x000014dd98e28088: 83fe 0048 | baf8 3201 | 50dd 1400 | 0048 b908 | 0300 0000 | 0000 000f | 850a 0000 | 0048 b9f8 
  0x000014dd98e280a8: 0200 0000 | 0000 004c | 8b04 0a4d | 8d40 014c | 8904 0a0f | 8510 0000 | 0048 8bcf | 488b d844 
  0x000014dd98e280c8: 8974 2448 | e9c1 0b00 

  0x000014dd98e280d0: ;   {oop(NULL)}
  0x000014dd98e280d0: 0048 ba00 | 0000 0000 | 0000 0041 | 3b7b 0c0f | 83c7 0c00 | 0048 83fa 

  0x000014dd98e280e8: ;   {metadata(method data for {method} {0x00000008004044d8} 'resize' '()[Ljava/util/HashMap$Node;' in 'java/util/HashMap')}
  0x000014dd98e280e8: 0075 1749 | b8f8 3201 | 50dd 1400 | 0041 8088 | 1103 0000 | 01e9 fd00 | 0000 418b | 4b08 49ba 
  0x000014dd98e28108: 0000 0000 | 0800 0000 | 4903 ca44 | 8b42 0849 | ba00 0000 | 0008 0000 | 004d 03c2 | 488b 89d0 
  0x000014dd98e28128: 0000 004c | 3bc1 0f84 | 2a00 0000 | 8b59 1449 | 3b0c 180f | 841d 0000 | 0083 fb20 | 0f85 9e00 
  0x000014dd98e28148: 0000 4150 

  0x000014dd98e2814c: ;   {runtime_call slow_subtype_check Runtime1 stub}
  0x000014dd98e2814c: 51e8 2e86 | 6307 4158 | 5983 f900 | 0f84 8a00 

  0x000014dd98e2815c: ;   {metadata(method data for {method} {0x00000008004044d8} 'resize' '()[Ljava/util/HashMap$Node;' in 'java/util/HashMap')}
  0x000014dd98e2815c: 0000 49b8 | f832 0150 | dd14 0000 | 8b4a 0849 | ba00 0000 | 0008 0000 | 0049 03ca | 493b 8828 
  0x000014dd98e2817c: 0300 0075 | 0d49 8380 | 3003 0000 | 01e9 7100 | 0000 493b | 8838 0300 | 0075 0d49 | 8380 4003 
  0x000014dd98e2819c: 0000 01e9 | 5b00 0000 | 4983 b828 | 0300 0000 | 7517 4989 | 8828 0300 | 0049 c780 | 3003 0000 
  0x000014dd98e281bc: 0100 0000 | e93a 0000 | 0049 83b8 | 3803 0000 | 0075 1749 | 8988 3803 | 0000 49c7 | 8040 0300 
  0x000014dd98e281dc: 0001 0000 | 00e9 1900 | 0000 eb17 

  0x000014dd98e281e8: ;   {metadata(method data for {method} {0x00000008004044d8} 'resize' '()[Ljava/util/HashMap$Node;' in 'java/util/HashMap')}
  0x000014dd98e281e8: 49b8 f832 | 0150 dd14 | 0000 4983 | a818 0300 | 0001 e9c0 | 0b00 0048 | 63cf 498d | 4c8b 1045 
  0x000014dd98e28208: 0fbe 4740 | 4183 f800 | 0f85 b20b | 0000 4c8b | d249 c1ea | 0344 8911 | 4c8b c14c | 33c2 49c1 
  0x000014dd98e28228: e818 4983 | f800 0f85 | b30b 0000 

  0x000014dd98e28234: ; implicit exception: dispatches to 0x000014dd98e28dff
  0x000014dd98e28234: 8b56 1848 | c1e2 0348 

  0x000014dd98e2823c: ;   {metadata(method data for {method} {0x00000008004044d8} 'resize' '()[Ljava/util/HashMap$Node;' in 'java/util/HashMap')}
  0x000014dd98e2823c: 83fa 0048 | baf8 3201 | 50dd 1400 | 0048 b950 | 0300 0000 | 0000 000f | 850a 0000 | 0048 b960 
  0x000014dd98e2825c: 0300 0000 | 0000 004c | 8b04 0a4d | 8d40 014c | 8904 0a0f | 8581 0100 | 008b 560c | 498b ceff 
  0x000014dd98e2827c: c948 23d1 | 3b50 0c0f | 837b 0b00 | 0048 83fe 

  0x000014dd98e2828c: ;   {metadata(method data for {method} {0x00000008004044d8} 'resize' '()[Ljava/util/HashMap$Node;' in 'java/util/HashMap')}
  0x000014dd98e2828c: 0075 1749 | b8f8 3201 | 50dd 1400 | 0041 8088 | 6903 0000 | 01e9 fc00 | 0000 8b48 | 0849 ba00 
  0x000014dd98e282ac: 0000 0008 | 0000 0049 | 03ca 448b | 4608 49ba | 0000 0000 | 0800 0000 | 4d03 c248 | 8b89 d000 
  0x000014dd98e282cc: 0000 4c3b | c10f 842a | 0000 008b | 5914 493b | 0c18 0f84 | 1d00 0000 | 83fb 200f | 859e 0000 
  0x000014dd98e282ec: 0041 5051 

  0x000014dd98e282f0: ;   {runtime_call slow_subtype_check Runtime1 stub}
  0x000014dd98e282f0: e88b 8463 | 0741 5859 | 83f9 000f | 848a 0000 

  0x000014dd98e28300: ;   {metadata(method data for {method} {0x00000008004044d8} 'resize' '()[Ljava/util/HashMap$Node;' in 'java/util/HashMap')}
  0x000014dd98e28300: 0049 b8f8 | 3201 50dd | 1400 008b | 4e08 49ba | 0000 0000 | 0800 0000 | 4903 ca49 | 3b88 8003 
  0x000014dd98e28320: 0000 750d | 4983 8088 | 0300 0001 | e971 0000 | 0049 3b88 | 9003 0000 | 750d 4983 | 8098 0300 
  0x000014dd98e28340: 0001 e95b | 0000 0049 | 83b8 8003 | 0000 0075 | 1749 8988 | 8003 0000 | 49c7 8088 | 0300 0001 
  0x000014dd98e28360: 0000 00e9 | 3a00 0000 | 4983 b890 | 0300 0000 | 7517 4989 | 8890 0300 | 0049 c780 | 9803 0000 
  0x000014dd98e28380: 0100 0000 | e919 0000 

  0x000014dd98e28388: ;   {metadata(method data for {method} {0x00000008004044d8} 'resize' '()[Ljava/util/HashMap$Node;' in 'java/util/HashMap')}
  0x000014dd98e28388: 00eb 1749 | b8f8 3201 | 50dd 1400 | 0049 83a8 | 7003 0000 | 01e9 750a | 0000 4863 | d248 8d54 
  0x000014dd98e283a8: 9010 410f | be4f 4083 | f900 0f85 | 680a 0000 | 4c8b d649 | c1ea 0344 | 8912 488b | ca48 33ce 
  0x000014dd98e283c8: 48c1 e918 | 4883 f900 | 0f85 680a 

  0x000014dd98e283d4: ;   {metadata(method data for {method} {0x00000008004044d8} 'resize' '()[Ljava/util/HashMap$Node;' in 'java/util/HashMap')}
  0x000014dd98e283d4: 0000 48ba | f832 0150 | dd14 0000 | ff82 a803 | 0000 488b | cf48 8bd8 | 4489 7424 | 48e9 9c08 
  0x000014dd98e283f4: 0000 4883 | fe00 7517 

  0x000014dd98e283fc: ;   {metadata(method data for {method} {0x00000008004044d8} 'resize' '()[Ljava/util/HashMap$Node;' in 'java/util/HashMap')}
  0x000014dd98e283fc: 49b8 f832 | 0150 dd14 | 0000 4180 | 88b9 0300 | 0001 e9cc 

  0x000014dd98e28410: ;   {metadata('java/util/HashMap$TreeNode')}
  0x000014dd98e28410: 0000 0048 | bb08 4b1b | 0008 0000 | 008b 4e08 | 49ba 0000 | 0000 0800 | 0000 4903 | ca48 3bd9 
  0x000014dd98e28430: 0f85 8d00 

  0x000014dd98e28434: ;   {metadata(method data for {method} {0x00000008004044d8} 'resize' '()[Ljava/util/HashMap$Node;' in 'java/util/HashMap')}
  0x000014dd98e28434: 0000 49b8 | f832 0150 | dd14 0000 | 8b5e 0849 | ba00 0000 | 0008 0000 | 0049 03da | 493b 98d0 
  0x000014dd98e28454: 0300 0075 | 0d49 8380 | d803 0000 | 01e9 7e00 | 0000 493b | 98e0 0300 | 0075 0d49 | 8380 e803 
  0x000014dd98e28474: 0000 01e9 | 6800 0000 | 4983 b8d0 | 0300 0000 | 7517 4989 | 98d0 0300 | 0049 c780 | d803 0000 
  0x000014dd98e28494: 0100 0000 | e947 0000 | 0049 83b8 | e003 0000 | 0075 1749 | 8998 e003 | 0000 49c7 | 80e8 0300 
  0x000014dd98e284b4: 0001 0000 | 00e9 2600 | 0000 e921 

  0x000014dd98e284c0: ;   {metadata(method data for {method} {0x00000008004044d8} 'resize' '()[Ljava/util/HashMap$Node;' in 'java/util/HashMap')}
  0x000014dd98e284c0: 0000 0049 | b8f8 3201 | 50dd 1400 | 0049 83a8 | c003 0000 | 01e9 0500 | 0000 e905 | 0000 0048 
  0x000014dd98e284e0: 33d2 eb0a | 48ba 0100 | 0000 0000 | 0000 83fa 

  0x000014dd98e284f0: ;   {metadata(method data for {method} {0x00000008004044d8} 'resize' '()[Ljava/util/HashMap$Node;' in 'java/util/HashMap')}
  0x000014dd98e284f0: 0048 baf8 | 3201 50dd | 1400 0048 | b9f8 0300 | 0000 0000 | 000f 840a | 0000 0048 | b908 0400 
  0x000014dd98e28510: 0000 0000 | 004c 8b04 | 0a4d 8d40 | 014c 8904 | 0a0f 84c8 | 0100 0044 | 8974 2448 | 4883 fe00 
  0x000014dd98e28530: ;   {metadata(method data for {method} {0x00000008004044d8} 'resize' '()[Ljava/util/HashMap$Node;' in 'java/util/HashMap')}
  0x000014dd98e28530: 7517 49b8 | f832 0150 | dd14 0000 | 4180 8811 | 0400 0001 | e9cc 0000 

  0x000014dd98e28548: ;   {metadata('java/util/HashMap$TreeNode')}
  0x000014dd98e28548: 0048 bb08 | 4b1b 0008 | 0000 008b | 4e08 49ba | 0000 0000 | 0800 0000 | 4903 ca48 | 3bd9 0f85 
  0x000014dd98e28568: 8d00 0000 

  0x000014dd98e2856c: ;   {metadata(method data for {method} {0x00000008004044d8} 'resize' '()[Ljava/util/HashMap$Node;' in 'java/util/HashMap')}
  0x000014dd98e2856c: 49b8 f832 | 0150 dd14 | 0000 8b5e | 0849 ba00 | 0000 0008 | 0000 0049 | 03da 493b | 9828 0400 
  0x000014dd98e2858c: 0075 0d49 | 8380 3004 | 0000 01e9 | 7900 0000 | 493b 9838 | 0400 0075 | 0d49 8380 | 4004 0000 
  0x000014dd98e285ac: 01e9 6300 | 0000 4983 | b828 0400 | 0000 7517 | 4989 9828 | 0400 0049 | c780 3004 | 0000 0100 
  0x000014dd98e285cc: 0000 e942 | 0000 0049 | 83b8 3804 | 0000 0075 | 1749 8998 | 3804 0000 | 49c7 8040 | 0400 0001 
  0x000014dd98e285ec: 0000 00e9 | 2100 0000 | e91c 0000 

  0x000014dd98e285f8: ;   {metadata(method data for {method} {0x00000008004044d8} 'resize' '()[Ljava/util/HashMap$Node;' in 'java/util/HashMap')}
  0x000014dd98e285f8: 0049 b8f8 | 3201 50dd | 1400 0049 | 83a8 1804 | 0000 01e9 | 4608 0000 | e900 0000 | 0048 3b06 
  0x000014dd98e28618: ;   {metadata(method data for {method} {0x00000008004044d8} 'resize' '()[Ljava/util/HashMap$Node;' in 'java/util/HashMap')}
  0x000014dd98e28618: 488b ce49 | b8f8 3201 | 50dd 1400 | 008b 4908 | 49ba 0000 | 0000 0800 | 0000 4903 | ca49 3b88 
  0x000014dd98e28638: 6004 0000 | 750d 4983 | 8068 0400 | 0001 e960 | 0000 0049 | 3b88 7004 | 0000 750d | 4983 8078 
  0x000014dd98e28658: 0400 0001 | e94a 0000 | 0049 83b8 | 6004 0000 | 0075 1749 | 8988 6004 | 0000 49c7 | 8068 0400 
  0x000014dd98e28678: 0001 0000 | 00e9 2900 | 0000 4983 | b870 0400 | 0000 7517 | 4989 8870 | 0400 0049 | c780 7804 
  0x000014dd98e28698: 0000 0100 | 0000 e908 | 0000 0049 | 8380 5004 | 0000 0149 | 8bd1 488b | c84c 8bc7 | 4d8b cd89 
  0x000014dd98e286b8: 7c24 3444 | 896c 2430 | 0f1f 8000 

  0x000014dd98e286c4: ;   {optimized virtual_call}
  0x000014dd98e286c4: 0000 00e8 

  0x000014dd98e286c8: ; ImmutableOopMap {[56]=Oop [64]=Oop [80]=Oop }
                      ;*invokevirtual split {reexecute=0 rethrow=0 return_oop=0}
                      ; - java.util.HashMap::resize@217 (line 720)
  0x000014dd98e286c8: 342f 5707 

  0x000014dd98e286cc: ;   {metadata(method data for {method} {0x00000008004044d8} 'resize' '()[Ljava/util/HashMap$Node;' in 'java/util/HashMap')}
  0x000014dd98e286cc: 48b8 f832 | 0150 dd14 | 0000 ff80 | 8804 0000 | 8b4c 2434 | 488b 5c24 | 3844 8b6c | 2430 e9a3 
  0x000014dd98e286ec: 0500 0089 | 7c24 3444 | 8974 2448 | 4489 6c24 

  0x000014dd98e286fc: ;   {oop(NULL)}
  0x000014dd98e286fc: 3048 b800 | 0000 0000 

  0x000014dd98e28704: ;   {oop(NULL)}
  0x000014dd98e28704: 0000 0048 | bf00 0000 | 0000 0000 

  0x000014dd98e28710: ;   {oop(NULL)}
  0x000014dd98e28710: 0048 bb00 | 0000 0000 

  0x000014dd98e28718: ;   {oop(NULL)}
  0x000014dd98e28718: 0000 0048 | ba00 0000 | 0000 0000 | 0044 8b6c | 2430 660f | 1f44 0000 

  0x000014dd98e28730: ; implicit exception: dispatches to 0x000014dd98e28e64
  0x000014dd98e28730: 8b4e 1848 | c1e1 0344 | 8b46 0c4d | 23c5 4183 

  0x000014dd98e28740: ;   {metadata(method data for {method} {0x00000008004044d8} 'resize' '()[Ljava/util/HashMap$Node;' in 'java/util/HashMap')}
  0x000014dd98e28740: f800 49b8 | f832 0150 | dd14 0000 | 49b9 a004 | 0000 0000 | 0000 0f85 | 0a00 0000 | 49b9 b004 
  0x000014dd98e28760: 0000 0000 | 0000 4f8b | 1c08 4d8d | 5b01 4f89 | 1c08 0f85 | 9b00 0000 | 4883 fb00 

  0x000014dd98e2877c: ;   {metadata(method data for {method} {0x00000008004044d8} 'resize' '()[Ljava/util/HashMap$Node;' in 'java/util/HashMap')}
  0x000014dd98e2877c: 49b8 f832 | 0150 dd14 | 0000 49b9 | c004 0000 | 0000 0000 | 0f85 0a00 | 0000 49b9 | d004 0000 
  0x000014dd98e2879c: 0000 0000 | 4f8b 1c08 | 4d8d 5b01 | 4f89 1c08 | 0f85 1800 

  0x000014dd98e287b0: ;   {metadata(method data for {method} {0x00000008004044d8} 'resize' '()[Ljava/util/HashMap$Node;' in 'java/util/HashMap')}
  0x000014dd98e287b0: 0000 48bb | f832 0150 | dd14 0000 | ff83 e004 | 0000 488b | dee9 3100 | 0000 450f | be47 4041 
  0x000014dd98e287d0: 83f8 000f | 8590 0600 | 004c 8bd6 | 49c1 ea03 

  0x000014dd98e287e0: ; implicit exception: dispatches to 0x000014dd98e28e89
  0x000014dd98e287e0: 4489 5318 | 4c8b c34c | 33c6 49c1 | e818 4983 | f800 0f85 | 9606 0000 

  0x000014dd98e287f8: ;   {metadata(method data for {method} {0x00000008004044d8} 'resize' '()[Ljava/util/HashMap$Node;' in 'java/util/HashMap')}
  0x000014dd98e287f8: 488b da48 | baf8 3201 | 50dd 1400 | 00ff 82f8 | 0400 0048 | 8bd3 e986 | 0000 0048 

  0x000014dd98e28814: ;   {metadata(method data for {method} {0x00000008004044d8} 'resize' '()[Ljava/util/HashMap$Node;' in 'java/util/HashMap')}
  0x000014dd98e28814: 83f8 0049 | b8f8 3201 | 50dd 1400 | 0049 b910 | 0500 0000 | 0000 000f | 850a 0000 | 0049 b920 
  0x000014dd98e28834: 0500 0000 | 0000 004f | 8b1c 084d | 8d5b 014f | 891c 080f | 8518 0000 

  0x000014dd98e2884c: ;   {metadata(method data for {method} {0x00000008004044d8} 'resize' '()[Ljava/util/HashMap$Node;' in 'java/util/HashMap')}
  0x000014dd98e2884c: 0048 b8f8 | 3201 50dd | 1400 00ff | 8030 0500 | 0048 8bfe | e92e 0000 | 0045 0fbe | 4740 4183 
  0x000014dd98e2886c: f800 0f85 | 3206 0000 | 4c8b d649 | c1ea 0344 | 8950 184c | 8bc0 4c33 | c649 c1e8 | 1849 83f8 
  0x000014dd98e2888c: 000f 8538 | 0600 0048 | 8bc6 488b | f348 83f9 | 00bb 0200 | 0000 0f85 | 0500 0000 | bb00 0000 
  0x000014dd98e288ac: ;   {metadata(method data for {method} {0x00000008004044d8} 'resize' '()[Ljava/util/HashMap$Node;' in 'java/util/HashMap')}
  0x000014dd98e288ac: 0049 b8f8 | 3201 50dd | 1400 0045 | 8b88 f800 | 0000 4403 | cb45 8988 | f800 0000 | 83fb 000f 
  0x000014dd98e288cc: 8506 0000 | 0041 b902 | 0000 0041 | 81e1 fe3f | 0000 4183 | f900 0f84 | fb05 0000 | 4d8b 9780 
  0x000014dd98e288ec: ; ImmutableOopMap {rcx=Oop rax=Oop rdi=Oop rsi=Oop rdx=Oop [56]=Oop [64]=Oop [80]=Oop }
                      ;*ifnonnull {reexecute=1 rethrow=0 return_oop=0}
                      ; - (reexecute) java.util.HashMap::resize@306 (line 741)
                      ;   {poll}
  0x000014dd98e288ec: 0300 0041 | 8502 4883 

  0x000014dd98e288f4: ;   {metadata(method data for {method} {0x00000008004044d8} 'resize' '()[Ljava/util/HashMap$Node;' in 'java/util/HashMap')}
  0x000014dd98e288f4: f900 48bb | f832 0150 | dd14 0000 | 49b8 5805 | 0000 0000 | 0000 0f84 | 0a00 0000 | 49b8 4805 
  0x000014dd98e28914: 0000 0000 | 0000 4e8b | 0c03 4d8d | 4901 4e89 | 0c03 0f84 | 0b00 0000 | 488b de48 | 8bf1 e9f9 
  0x000014dd98e28934: fdff ff48 

  0x000014dd98e28938: ;   {metadata(method data for {method} {0x00000008004044d8} 'resize' '()[Ljava/util/HashMap$Node;' in 'java/util/HashMap')}
  0x000014dd98e28938: 83fe 0048 | bbf8 3201 | 50dd 1400 | 0048 b968 | 0500 0000 | 0000 000f | 840a 0000 | 0048 b978 
  0x000014dd98e28958: 0500 0000 | 0000 004c | 8b04 0b4d | 8d40 014c | 8904 0b8b | 4c24 3448 | 8b5c 2438 | 0f84 6f01 
  0x000014dd98e28978: 0000 450f | be47 4041 | 83f8 000f | 857b 0500 | 00c7 4618 | 0000 0000 | 3b4b 0c0f | 8390 0500 
  0x000014dd98e28998: 0048 83fa 

  0x000014dd98e2899c: ;   {metadata(method data for {method} {0x00000008004044d8} 'resize' '()[Ljava/util/HashMap$Node;' in 'java/util/HashMap')}
  0x000014dd98e2899c: 0075 1749 | b8f8 3201 | 50dd 1400 | 0041 8088 | 8105 0000 | 01e9 fe00 | 0000 8b73 | 0849 ba00 
  0x000014dd98e289bc: 0000 0008 | 0000 0049 | 03f2 448b | 4208 49ba | 0000 0000 | 0800 0000 | 4d03 c248 | 8bb6 d000 
  0x000014dd98e289dc: 0000 4c3b | c60f 842c | 0000 0044 | 8b4e 144b | 3b34 080f | 841e 0000 | 0041 83f9 | 200f 859e 
  0x000014dd98e289fc: 0000 0041 

  0x000014dd98e28a00: ;   {runtime_call slow_subtype_check Runtime1 stub}
  0x000014dd98e28a00: 5056 e879 | 7d63 0741 | 585e 83fe | 000f 848a 

  0x000014dd98e28a10: ;   {metadata(method data for {method} {0x00000008004044d8} 'resize' '()[Ljava/util/HashMap$Node;' in 'java/util/HashMap')}
  0x000014dd98e28a10: 0000 0049 | b8f8 3201 | 50dd 1400 | 008b 7208 | 49ba 0000 | 0000 0800 | 0000 4903 | f249 3bb0 
  0x000014dd98e28a30: 9805 0000 | 750d 4983 | 80a0 0500 | 0001 e971 | 0000 0049 | 3bb0 a805 | 0000 750d | 4983 80b0 
  0x000014dd98e28a50: 0500 0001 | e95b 0000 | 0049 83b8 | 9805 0000 | 0075 1749 | 89b0 9805 | 0000 49c7 | 80a0 0500 
  0x000014dd98e28a70: 0001 0000 | 00e9 3a00 | 0000 4983 | b8a8 0500 | 0000 7517 | 4989 b0a8 | 0500 0049 | c780 b005 
  0x000014dd98e28a90: 0000 0100 | 0000 e919 | 0000 00eb 

  0x000014dd98e28a9c: ;   {metadata(method data for {method} {0x00000008004044d8} 'resize' '()[Ljava/util/HashMap$Node;' in 'java/util/HashMap')}
  0x000014dd98e28a9c: 1749 b8f8 | 3201 50dd | 1400 0049 | 83a8 8805 | 0000 01e9 | 8804 0000 | 4863 f148 | 8d74 b310 
  0x000014dd98e28abc: 450f be47 | 4041 83f8 | 000f 857a | 0400 004c | 8bd2 49c1 | ea03 4489 | 164c 8bc6 | 4c33 c249 
  0x000014dd98e28adc: c1e8 1849 | 83f8 000f | 857b 0400 | 0048 83f8 

  0x000014dd98e28aec: ;   {metadata(method data for {method} {0x00000008004044d8} 'resize' '()[Ljava/util/HashMap$Node;' in 'java/util/HashMap')}
  0x000014dd98e28aec: 0048 bef8 | 3201 50dd | 1400 0048 | bac0 0500 | 0000 0000 | 000f 840a | 0000 0048 | bad0 0500 
  0x000014dd98e28b0c: 0000 0000 | 004c 8b04 | 164d 8d40 | 014c 8904 | 160f 846f | 0100 0041 | 0fbe 7740 | 83fe 000f 
  0x000014dd98e28b2c: 854b 0400 | 00c7 4018 | 0000 0000 | 488b c141 | 03c5 3b43 | 0c0f 8359 | 0400 0048 | 83ff 0075 
  0x000014dd98e28b4c: ;   {metadata(method data for {method} {0x00000008004044d8} 'resize' '()[Ljava/util/HashMap$Node;' in 'java/util/HashMap')}
  0x000014dd98e28b4c: 1648 baf8 | 3201 50dd | 1400 0080 | 8ad9 0500 | 0001 e9fb | 0000 008b | 7308 49ba | 0000 0000 
  0x000014dd98e28b6c: 0800 0000 | 4903 f28b | 5708 49ba | 0000 0000 | 0800 0000 | 4903 d248 | 8bb6 d000 | 0000 483b 
  0x000014dd98e28b8c: d60f 842a | 0000 0044 | 8b46 144a | 3b34 020f | 841c 0000 | 0041 83f8 | 200f 859c | 0000 0052 
  0x000014dd98e28bac: ;   {runtime_call slow_subtype_check Runtime1 stub}
  0x000014dd98e28bac: 56e8 ce7b | 6307 5a5e | 83fe 000f | 848a 0000 

  0x000014dd98e28bbc: ;   {metadata(method data for {method} {0x00000008004044d8} 'resize' '()[Ljava/util/HashMap$Node;' in 'java/util/HashMap')}
  0x000014dd98e28bbc: 0048 baf8 | 3201 50dd | 1400 008b | 7708 49ba | 0000 0000 | 0800 0000 | 4903 f248 | 3bb2 f005 
  0x000014dd98e28bdc: 0000 750d | 4883 82f8 | 0500 0001 | e971 0000 | 0048 3bb2 | 0006 0000 | 750d 4883 | 8208 0600 
  0x000014dd98e28bfc: 0001 e95b | 0000 0048 | 83ba f005 | 0000 0075 | 1748 89b2 | f005 0000 | 48c7 82f8 | 0500 0001 
  0x000014dd98e28c1c: 0000 00e9 | 3a00 0000 | 4883 ba00 | 0600 0000 | 7517 4889 | b200 0600 | 0048 c782 | 0806 0000 
  0x000014dd98e28c3c: 0100 0000 | e919 0000 

  0x000014dd98e28c44: ;   {metadata(method data for {method} {0x00000008004044d8} 'resize' '()[Ljava/util/HashMap$Node;' in 'java/util/HashMap')}
  0x000014dd98e28c44: 00eb 1748 | baf8 3201 | 50dd 1400 | 0048 83aa | e005 0000 | 01e9 5503 | 0000 4863 | c048 8d44 
  0x000014dd98e28c64: 8310 410f | be77 4083 | fe00 0f85 | 4803 0000 | 4c8b d749 | c1ea 0344 | 8910 488b | f048 33f7 
  0x000014dd98e28c84: 48c1 ee18 | 4883 fe00 | 0f85 4803 | 0000 488b 

  0x000014dd98e28c94: ;   {metadata(method data for {method} {0x00000008004044d8} 'resize' '()[Ljava/util/HashMap$Node;' in 'java/util/HashMap')}
  0x000014dd98e28c94: f9ff c748 | b8f8 3201 | 50dd 1400 | 008b b0f8 | 0000 0083 | c602 89b0 | f800 0000 | 81e6 fe3f 
  0x000014dd98e28cb4: 0000 83fe | 000f 8433 | 0300 004d | 8b97 8003 

  0x000014dd98e28cc4: ; ImmutableOopMap {rbx=Oop [56]=Oop [64]=Oop [80]=Oop }
                      ;*goto {reexecute=1 rethrow=0 return_oop=0}
                      ; - (reexecute) java.util.HashMap::resize@350 (line 713)
                      ;   {poll}
  0x000014dd98e28cc4: 0000 4185 

  0x000014dd98e28cc8: ;   {metadata(method data for {method} {0x00000008004044d8} 'resize' '()[Ljava/util/HashMap$Node;' in 'java/util/HashMap')}
  0x000014dd98e28cc8: 0248 b8f8 | 3201 50dd | 1400 00ff | 8018 0600 | 0048 8bcf | 488b f948 | 8bc3 448b | 7424 484c 
  0x000014dd98e28ce8: 8b5c 2450 | 4c8b 4c24 | 40e9 42f3 | ffff 488b | d848 8bc3 | 4883 c460 

  0x000014dd98e28d00: ;   {poll_return}
  0x000014dd98e28d00: 5d49 3ba7 | 7803 0000 | 0f87 0503 | 0000 c3c7 | 461c ffff | ff7f 498b | c348 83c4 

  0x000014dd98e28d1c: ;   {poll_return}
  0x000014dd98e28d1c: 605d 493b | a778 0300 | 000f 87fe | 0200 00c3 

  0x000014dd98e28d2c: ;   {metadata({method} {0x00000008004044d8} 'resize' '()[Ljava/util/HashMap$Node;' in 'java/util/HashMap')}
  0x000014dd98e28d2c: 49ba d844 | 4000 0800 | 0000 4c89 | 5424 0848 | c704 24ff 

  0x000014dd98e28d40: ;   {runtime_call counter_overflow Runtime1 stub}
  0x000014dd98e28d40: ffff ffe8 

  0x000014dd98e28d44: ; ImmutableOopMap {rsi=Oop [64]=Oop }
                      ;*synchronization entry
                      ; - java.util.HashMap::resize@-1 (line 684)
  0x000014dd98e28d44: 38b5 6307 | e9db eeff 

  0x000014dd98e28d4c: ;   {runtime_call throw_null_pointer_exception Runtime1 stub}
  0x000014dd98e28d4c: ffe8 ae73 

  0x000014dd98e28d50: ; ImmutableOopMap {rsi=Oop r11=Oop [64]=Oop [80]=Oop }
                      ;*arraylength {reexecute=0 rethrow=0 return_oop=0}
                      ; - java.util.HashMap::resize@14 (line 685)
                      ;   {runtime_call new_object_array Runtime1 stub}
  0x000014dd98e28d50: 5a07 e829 

  0x000014dd98e28d54: ; ImmutableOopMap {r11=Oop r9=Oop [64]=Oop [80]=Oop }
                      ;*anewarray {reexecute=0 rethrow=0 return_oop=0}
                      ; - java.util.HashMap::resize@133 (line 710)
  0x000014dd98e28d54: 855a 07e9 | 67f2 ffff | 418b 5124 | 48c1 e203 | 4883 fa00 | 0f84 68f2 | ffff 4889 

  0x000014dd98e28d70: ;   {runtime_call g1_pre_barrier_slow}
  0x000014dd98e28d70: 1424 e809 | af63 07e9 | 5af2 ffff | 4883 f800 | 0f84 6ff2 | ffff 4c89 

  0x000014dd98e28d88: ;   {runtime_call g1_post_barrier_slow}
  0x000014dd98e28d88: 0c24 e8f1 | ab63 07e9 | 61f2 ffff 

  0x000014dd98e28d94: ;   {runtime_call throw_null_pointer_exception Runtime1 stub}
  0x000014dd98e28d94: e867 735a 

  0x000014dd98e28d98: ; ImmutableOopMap {rax=Oop r9=Oop r11=Oop [56]=Oop [64]=Oop [80]=Oop }
                      ;*aaload {reexecute=0 rethrow=0 return_oop=0}
                      ; - java.util.HashMap::resize@160 (line 715)
                      ;   {runtime_call throw_null_pointer_exception Runtime1 stub}
  0x000014dd98e28d98: 07e8 6273 

  0x000014dd98e28d9c: ; ImmutableOopMap {rax=Oop r9=Oop r11=Oop [56]=Oop [64]=Oop [80]=Oop }
                      ;*aaload {reexecute=0 rethrow=0 return_oop=0}
                      ; - java.util.HashMap::resize@160 (line 715)
  0x000014dd98e28d9c: 5a07 4889 | 3c24 4c89 

  0x000014dd98e28da4: ;   {runtime_call throw_range_check_failed Runtime1 stub}
  0x000014dd98e28da4: 5c24 08e8 

  0x000014dd98e28da8: ; ImmutableOopMap {rax=Oop r9=Oop r11=Oop [56]=Oop [64]=Oop [80]=Oop }
                      ;*aaload {reexecute=0 rethrow=0 return_oop=0}
                      ; - java.util.HashMap::resize@160 (line 715)
  0x000014dd98e28da8: d496 5a07 | 4889 3c24 | 4c89 5c24 

  0x000014dd98e28db4: ;   {runtime_call throw_range_check_failed Runtime1 stub}
  0x000014dd98e28db4: 08e8 c696 

  0x000014dd98e28db8: ; ImmutableOopMap {rax=Oop r9=Oop r11=Oop rsi=Oop rdx=Oop [56]=Oop [64]=Oop [80]=Oop }
                      ;*aastore {reexecute=1 rethrow=0 return_oop=0}
                      ; - (reexecute) java.util.HashMap::resize@171 (line 716)
                      ;   {runtime_call throw_null_pointer_exception Runtime1 stub}
  0x000014dd98e28db8: 5a07 e841 

  0x000014dd98e28dbc: ; ImmutableOopMap {rax=Oop r9=Oop r11=Oop rsi=Oop rdx=Oop [56]=Oop [64]=Oop [80]=Oop }
                      ;*aastore {reexecute=1 rethrow=0 return_oop=0}
                      ; - (reexecute) java.util.HashMap::resize@171 (line 716)
  0x000014dd98e28dbc: 735a 0748 

  0x000014dd98e28dc0: ;   {runtime_call throw_array_store_exception Runtime1 stub}
  0x000014dd98e28dc0: 8914 24e8 

  0x000014dd98e28dc4: ; ImmutableOopMap {rax=Oop r9=Oop r11=Oop rsi=Oop rdx=Oop [56]=Oop [64]=Oop [80]=Oop }
                      ;*aastore {reexecute=1 rethrow=0 return_oop=0}
                      ; - (reexecute) java.util.HashMap::resize@171 (line 716)
  0x000014dd98e28dc4: b885 6307 | 448b 0149 | c1e0 0349 | 83f8 000f | 843d f4ff | ff4c 8904 

  0x000014dd98e28ddc: ;   {runtime_call g1_pre_barrier_slow}
  0x000014dd98e28ddc: 24e8 9eae | 6307 e92f | f4ff ff48 | 83fa 000f | 8443 f4ff | ff48 890c 

  0x000014dd98e28df4: ;   {runtime_call g1_post_barrier_slow}
  0x000014dd98e28df4: 24e8 86ab | 6307 e935 

  0x000014dd98e28dfc: ;   {runtime_call throw_null_pointer_exception Runtime1 stub}
  0x000014dd98e28dfc: f4ff ffe8 

  0x000014dd98e28e00: ; ImmutableOopMap {rax=Oop r9=Oop r11=Oop rsi=Oop [56]=Oop [64]=Oop [80]=Oop }
                      ;*getfield next {reexecute=1 rethrow=0 return_oop=0}
                      ; - (reexecute) java.util.HashMap::resize@174 (line 717)
  0x000014dd98e28e00: fc72 5a07 | 4889 1424 | 4889 4424 

  0x000014dd98e28e0c: ;   {runtime_call throw_range_check_failed Runtime1 stub}
  0x000014dd98e28e0c: 08e8 6e96 

  0x000014dd98e28e10: ; ImmutableOopMap {rax=Oop r9=Oop r11=Oop rsi=Oop [56]=Oop [64]=Oop [80]=Oop }
                      ;*aastore {reexecute=1 rethrow=0 return_oop=0}
                      ; - (reexecute) java.util.HashMap::resize@194 (line 718)
                      ;   {runtime_call throw_null_pointer_exception Runtime1 stub}
  0x000014dd98e28e10: 5a07 e8e9 

  0x000014dd98e28e14: ; ImmutableOopMap {rax=Oop r9=Oop r11=Oop rsi=Oop [56]=Oop [64]=Oop [80]=Oop }
                      ;*aastore {reexecute=1 rethrow=0 return_oop=0}
                      ; - (reexecute) java.util.HashMap::resize@194 (line 718)
  0x000014dd98e28e14: 725a 0748 

  0x000014dd98e28e18: ;   {runtime_call throw_array_store_exception Runtime1 stub}
  0x000014dd98e28e18: 8934 24e8 

  0x000014dd98e28e1c: ; ImmutableOopMap {rax=Oop r9=Oop r11=Oop rsi=Oop [56]=Oop [64]=Oop [80]=Oop }
                      ;*aastore {reexecute=1 rethrow=0 return_oop=0}
                      ; - (reexecute) java.util.HashMap::resize@194 (line 718)
  0x000014dd98e28e1c: 6085 6307 | 8b0a 48c1 | e103 4883 | f900 0f84 | 88f5 ffff | 4889 0c24 

  0x000014dd98e28e34: ;   {runtime_call g1_pre_barrier_slow}
  0x000014dd98e28e34: e847 ae63 | 07e9 7af5 | ffff 4883 | fe00 0f84 | 8ef5 ffff | 4889 1424 

  0x000014dd98e28e4c: ;   {runtime_call g1_post_barrier_slow}
  0x000014dd98e28e4c: e82f ab63 | 07e9 80f5 | ffff 4889 

  0x000014dd98e28e58: ;   {runtime_call throw_class_cast_exception Runtime1 stub}
  0x000014dd98e28e58: 3424 e821 

  0x000014dd98e28e5c: ; ImmutableOopMap {rax=Oop r9=Oop [56]=Oop [64]=Oop [80]=Oop }
                      ;*checkcast {reexecute=0 rethrow=0 return_oop=0}
                      ; - java.util.HashMap::resize@208 (line 720)
                      ;   {runtime_call throw_null_pointer_exception Runtime1 stub}
  0x000014dd98e28e5c: 8263 07e8 

  0x000014dd98e28e60: ; ImmutableOopMap {rax=Oop r9=Oop rsi=Oop [56]=Oop [64]=Oop [80]=Oop }
                      ;*invokevirtual split {reexecute=0 rethrow=0 return_oop=0}
                      ; - java.util.HashMap::resize@217 (line 720)
  0x000014dd98e28e60: 9c72 5a07 

  0x000014dd98e28e64: ;   {runtime_call throw_null_pointer_exception Runtime1 stub}
  0x000014dd98e28e64: e897 725a 

  0x000014dd98e28e68: ; ImmutableOopMap {rsi=Oop rax=Oop rdi=Oop rbx=Oop rdx=Oop [56]=Oop [64]=Oop [80]=Oop }
                      ;*getfield next {reexecute=1 rethrow=0 return_oop=0}
                      ; - (reexecute) java.util.HashMap::resize@237 (line 726)
  0x000014dd98e28e68: 0744 8b43 | 1849 c1e0 | 0349 83f8 | 000f 845e | f9ff ff4c 

  0x000014dd98e28e7c: ;   {runtime_call g1_pre_barrier_slow}
  0x000014dd98e28e7c: 8904 24e8 | fcad 6307 | e950 f9ff 

  0x000014dd98e28e88: ;   {runtime_call throw_null_pointer_exception Runtime1 stub}
  0x000014dd98e28e88: ffe8 7272 

  0x000014dd98e28e8c: ; ImmutableOopMap {rsi=Oop rax=Oop rdi=Oop rcx=Oop rbx=Oop rdx=Oop [56]=Oop [64]=Oop [80]=Oop }
                      ;*putfield next {reexecute=1 rethrow=0 return_oop=0}
                      ; - (reexecute) java.util.HashMap::resize@268 (line 731)
  0x000014dd98e28e8c: 5a07 4883 | fe00 0f84 | 60f9 ffff | 4889 1c24 

  0x000014dd98e28e9c: ;   {runtime_call g1_post_barrier_slow}
  0x000014dd98e28e9c: e8df aa63 | 07e9 52f9 | ffff 448b | 4018 49c1 | e003 4983 | f800 0f84 | bcf9 ffff | 4c89 0424 
  0x000014dd98e28ebc: ;   {runtime_call g1_pre_barrier_slow}
  0x000014dd98e28ebc: e8bf ad63 | 07e9 aef9 

  0x000014dd98e28ec4: ;   {runtime_call throw_null_pointer_exception Runtime1 stub}
  0x000014dd98e28ec4: ffff e835 

  0x000014dd98e28ec8: ; ImmutableOopMap {rcx=Oop rbx=Oop rdx=Oop rsi=Oop rdi=Oop rax=Oop [56]=Oop [64]=Oop [80]=Oop }
                      ;*putfield next {reexecute=1 rethrow=0 return_oop=0}
                      ; - (reexecute) java.util.HashMap::resize@294 (line 738)
  0x000014dd98e28ec8: 725a 0748 | 83fe 000f | 84be f9ff | ff48 8904 

  0x000014dd98e28ed8: ;   {runtime_call g1_post_barrier_slow}
  0x000014dd98e28ed8: 24e8 a2aa | 6307 e9b0 

  0x000014dd98e28ee0: ;   {metadata({method} {0x00000008004044d8} 'resize' '()[Ljava/util/HashMap$Node;' in 'java/util/HashMap')}
  0x000014dd98e28ee0: f9ff ff49 | bad8 4440 | 0008 0000 | 004c 8954 | 2408 48c7 | 0424 3201 

  0x000014dd98e28ef8: ;   {runtime_call counter_overflow Runtime1 stub}
  0x000014dd98e28ef8: 0000 e881 

  0x000014dd98e28efc: ; ImmutableOopMap {rcx=Oop rax=Oop rdi=Oop rsi=Oop rdx=Oop [56]=Oop [64]=Oop [80]=Oop }
                      ;*ifnonnull {reexecute=1 rethrow=0 return_oop=0}
                      ; - (reexecute) java.util.HashMap::resize@306 (line 741)
  0x000014dd98e28efc: b363 07e9 | e4f9 ffff 

  0x000014dd98e28f04: ; implicit exception: dispatches to 0x000014dd98e29049
  0x000014dd98e28f04: 448b 4618 | 49c1 e003 | 4983 f800 | 0f84 73fa | ffff 4c89 

  0x000014dd98e28f18: ;   {runtime_call g1_pre_barrier_slow}
  0x000014dd98e28f18: 0424 e861 | ad63 07e9 | 65fa ffff 

  0x000014dd98e28f24: ;   {runtime_call throw_null_pointer_exception Runtime1 stub}
  0x000014dd98e28f24: e8d7 715a 

  0x000014dd98e28f28: ; ImmutableOopMap {rdi=Oop rax=Oop rbx=Oop rdx=Oop [56]=Oop [64]=Oop [80]=Oop }
                      ;*putfield next {reexecute=1 rethrow=0 return_oop=0}
                      ; - (reexecute) java.util.HashMap::resize@317 (line 743)
  0x000014dd98e28f28: 0748 890c | 2448 895c 

  0x000014dd98e28f30: ;   {runtime_call throw_range_check_failed Runtime1 stub}
  0x000014dd98e28f30: 2408 e849 

  0x000014dd98e28f34: ; ImmutableOopMap {rdi=Oop rax=Oop rbx=Oop rdx=Oop [56]=Oop [64]=Oop [80]=Oop }
                      ;*aastore {reexecute=1 rethrow=0 return_oop=0}
                      ; - (reexecute) java.util.HashMap::resize@326 (line 744)
                      ;   {runtime_call throw_null_pointer_exception Runtime1 stub}
  0x000014dd98e28f34: 955a 07e8 

  0x000014dd98e28f38: ; ImmutableOopMap {rdi=Oop rax=Oop rbx=Oop rdx=Oop [56]=Oop [64]=Oop [80]=Oop }
                      ;*aastore {reexecute=1 rethrow=0 return_oop=0}
                      ; - (reexecute) java.util.HashMap::resize@326 (line 744)
  0x000014dd98e28f38: c471 5a07 | 4889 1424 

  0x000014dd98e28f40: ;   {runtime_call throw_array_store_exception Runtime1 stub}
  0x000014dd98e28f40: e83b 8463 

  0x000014dd98e28f44: ; ImmutableOopMap {rdi=Oop rax=Oop rbx=Oop rdx=Oop [56]=Oop [64]=Oop [80]=Oop }
                      ;*aastore {reexecute=1 rethrow=0 return_oop=0}
                      ; - (reexecute) java.util.HashMap::resize@326 (line 744)
  0x000014dd98e28f44: 0744 8b06 | 49c1 e003 | 4983 f800 | 0f84 75fb | ffff 4c89 

  0x000014dd98e28f58: ;   {runtime_call g1_pre_barrier_slow}
  0x000014dd98e28f58: 0424 e821 | ad63 07e9 | 67fb ffff | 4883 fa00 | 0f84 7bfb | ffff 4889 

  0x000014dd98e28f70: ;   {runtime_call g1_post_barrier_slow}
  0x000014dd98e28f70: 3424 e809 | aa63 07e9 | 6dfb ffff 

  0x000014dd98e28f7c: ; implicit exception: dispatches to 0x000014dd98e2904e
  0x000014dd98e28f7c: 8b70 1848 | c1e6 0348 | 83fe 000f | 84a4 fbff | ff48 8934 

  0x000014dd98e28f90: ;   {runtime_call g1_pre_barrier_slow}
  0x000014dd98e28f90: 24e8 eaac | 6307 e996 

  0x000014dd98e28f98: ;   {runtime_call throw_null_pointer_exception Runtime1 stub}
  0x000014dd98e28f98: fbff ffe8 

  0x000014dd98e28f9c: ; ImmutableOopMap {rbx=Oop rdi=Oop [56]=Oop [64]=Oop [80]=Oop }
                      ;*putfield next {reexecute=1 rethrow=0 return_oop=0}
                      ; - (reexecute) java.util.HashMap::resize@335 (line 747)
  0x000014dd98e28f9c: 6071 5a07 | 4889 0424 | 4889 5c24 

  0x000014dd98e28fa8: ;   {runtime_call throw_range_check_failed Runtime1 stub}
  0x000014dd98e28fa8: 08e8 d294 

  0x000014dd98e28fac: ; ImmutableOopMap {rbx=Oop rdi=Oop [56]=Oop [64]=Oop [80]=Oop }
                      ;*aastore {reexecute=1 rethrow=0 return_oop=0}
                      ; - (reexecute) java.util.HashMap::resize@346 (line 748)
                      ;   {runtime_call throw_null_pointer_exception Runtime1 stub}
  0x000014dd98e28fac: 5a07 e84d 

  0x000014dd98e28fb0: ; ImmutableOopMap {rbx=Oop rdi=Oop [56]=Oop [64]=Oop [80]=Oop }
                      ;*aastore {reexecute=1 rethrow=0 return_oop=0}
                      ; - (reexecute) java.util.HashMap::resize@346 (line 748)
  0x000014dd98e28fb0: 715a 0748 

  0x000014dd98e28fb4: ;   {runtime_call throw_array_store_exception Runtime1 stub}
  0x000014dd98e28fb4: 893c 24e8 

  0x000014dd98e28fb8: ; ImmutableOopMap {rbx=Oop rdi=Oop [56]=Oop [64]=Oop [80]=Oop }
                      ;*aastore {reexecute=1 rethrow=0 return_oop=0}
                      ; - (reexecute) java.util.HashMap::resize@346 (line 748)
  0x000014dd98e28fb8: c483 6307 | 8b30 48c1 | e603 4883 | fe00 0f84 | a8fc ffff | 4889 3424 

  0x000014dd98e28fd0: ;   {runtime_call g1_pre_barrier_slow}
  0x000014dd98e28fd0: e8ab ac63 | 07e9 9afc | ffff 4883 | ff00 0f84 | aefc ffff | 4889 0424 

  0x000014dd98e28fe8: ;   {runtime_call g1_post_barrier_slow}
  0x000014dd98e28fe8: e893 a963 | 07e9 a0fc 

  0x000014dd98e28ff0: ;   {metadata({method} {0x00000008004044d8} 'resize' '()[Ljava/util/HashMap$Node;' in 'java/util/HashMap')}
  0x000014dd98e28ff0: ffff 49ba | d844 4000 | 0800 0000 | 4c89 5424 | 0848 c704 | 245e 0100 

  0x000014dd98e29008: ;   {runtime_call counter_overflow Runtime1 stub}
  0x000014dd98e29008: 00e8 72b2 

  0x000014dd98e2900c: ; ImmutableOopMap {rbx=Oop [56]=Oop [64]=Oop [80]=Oop }
                      ;*goto {reexecute=1 rethrow=0 return_oop=0}
                      ; - (reexecute) java.util.HashMap::resize@350 (line 713)
  0x000014dd98e2900c: 6307 e9ac 

  0x000014dd98e29010: ;   {internal_word}
  0x000014dd98e29010: fcff ff49 | ba01 8de2 | 98dd 1400 | 004d 8997 | 9003 0000 

  0x000014dd98e29024: ;   {runtime_call SafepointBlob}
  0x000014dd98e29024: e957 9257 

  0x000014dd98e29028: ;   {internal_word}
  0x000014dd98e29028: 0749 ba1e | 8de2 98dd | 1400 004d | 8997 9003 

  0x000014dd98e29038: ;   {runtime_call SafepointBlob}
  0x000014dd98e29038: 0000 e941 

  0x000014dd98e2903c: ;   {runtime_call throw_null_pointer_exception Runtime1 stub}
  0x000014dd98e2903c: 9257 07e8 

  0x000014dd98e29040: ; ImmutableOopMap {rsi=Oop rax=Oop rdi=Oop rcx=Oop rbx=Oop rdx=Oop [56]=Oop [64]=Oop [80]=Oop }
                      ;*putfield next {reexecute=1 rethrow=0 return_oop=0}
                      ; - (reexecute) java.util.HashMap::resize@268 (line 731)
  0x000014dd98e29040: bc70 5a07 

  0x000014dd98e29044: ;   {runtime_call throw_null_pointer_exception Runtime1 stub}
  0x000014dd98e29044: e8b7 705a 

  0x000014dd98e29048: ; ImmutableOopMap {rcx=Oop rbx=Oop rdx=Oop rsi=Oop rdi=Oop rax=Oop [56]=Oop [64]=Oop [80]=Oop }
                      ;*putfield next {reexecute=1 rethrow=0 return_oop=0}
                      ; - (reexecute) java.util.HashMap::resize@294 (line 738)
                      ;   {runtime_call throw_null_pointer_exception Runtime1 stub}
  0x000014dd98e29048: 07e8 b270 

  0x000014dd98e2904c: ; ImmutableOopMap {rdi=Oop rax=Oop rbx=Oop rdx=Oop rsi=Oop [56]=Oop [64]=Oop [80]=Oop }
                      ;*putfield next {reexecute=1 rethrow=0 return_oop=0}
                      ; - (reexecute) java.util.HashMap::resize@317 (line 743)
                      ;   {runtime_call throw_null_pointer_exception Runtime1 stub}
  0x000014dd98e2904c: 5a07 e8ad 

  0x000014dd98e29050: ; ImmutableOopMap {rbx=Oop rax=Oop rdi=Oop [56]=Oop [64]=Oop [80]=Oop }
                      ;*putfield next {reexecute=1 rethrow=0 return_oop=0}
                      ; - (reexecute) java.util.HashMap::resize@335 (line 747)
  0x000014dd98e29050: 705a 0749 | 8b87 2804 | 0000 49c7 | 8728 0400 | 0000 0000 | 0049 c787 | 3004 0000 | 0000 0000 
  0x000014dd98e29070: 4883 c460 

  0x000014dd98e29074: ;   {runtime_call unwind_exception Runtime1 stub}
  0x000014dd98e29074: 5de9 069a | 5a07 f4f4 | f4f4 f4f4 
[Stub Code]
  0x000014dd98e29080: ;   {no_reloc}
  0x000014dd98e29080: 0f1f 4400 

  0x000014dd98e29084: ;   {static_stub}
  0x000014dd98e29084: 0048 bb00 | 0000 0000 

  0x000014dd98e2908c: ;   {runtime_call}
  0x000014dd98e2908c: 0000 00e9 | fbff ffff 
[Exception Handler]
  0x000014dd98e29094: ;   {runtime_call handle_exception_from_callee Runtime1 stub}
  0x000014dd98e29094: e867 735a 

  0x000014dd98e29098: ;   {external_word}
  0x000014dd98e29098: 0748 bf90 | d2ff b6dd | 1400 0048 

  0x000014dd98e290a4: ;   {runtime_call MacroAssembler::debug64(char*, long, long*)}
  0x000014dd98e290a4: 83e4 f0e8 | e455 de1d 

  0x000014dd98e290ac: ;   {section_word}
  0x000014dd98e290ac: f449 baad | 90e2 98dd | 1400 0041 

  0x000014dd98e290b8: ;   {runtime_call DeoptimizationBlob}
  0x000014dd98e290b8: 52e9 6284 | 5707 f4f4 
[/MachCode]


Compiled method (c1)     297  125       3       java.util.HashMap::putVal (300 bytes)
 total in heap  [0x000014dd98e22310,0x000014dd98e23c10] = 6400
 relocation     [0x000014dd98e22458,0x000014dd98e225a0] = 328
 main code      [0x000014dd98e225a0,0x000014dd98e236e0] = 4416
 stub code      [0x000014dd98e236e0,0x000014dd98e237a0] = 192
 metadata       [0x000014dd98e237a0,0x000014dd98e237a8] = 8
 scopes data    [0x000014dd98e237a8,0x000014dd98e239c0] = 536
 scopes pcs     [0x000014dd98e239c0,0x000014dd98e23ba0] = 480
 dependencies   [0x000014dd98e23ba0,0x000014dd98e23ba8] = 8
 nul chk table  [0x000014dd98e23ba8,0x000014dd98e23c10] = 104

[Constant Pool (empty)]

[MachCode]
[Entry Point]
  # {method} {0x0000000800404638} 'putVal' '(ILjava/lang/Object;Ljava/lang/Object;ZZ)Ljava/lang/Object;' in 'java/util/HashMap'
  # this:     rsi:rsi   = 'java/util/HashMap'
  # parm0:    rdx       = int
  # parm1:    rcx:rcx   = 'java/lang/Object'
  # parm2:    r8:r8     = 'java/lang/Object'
  # parm3:    r9        = boolean
  # parm4:    rdi       = boolean
  #           [sp+0xb0]  (sp of caller)
  0x000014dd98e225a0: 448b 5608 | 49bb 0000 | 0000 0800 | 0000 4d03 | d34c 3bd0 

  0x000014dd98e225b4: ;   {runtime_call ic_miss_stub}
  0x000014dd98e225b4: 0f85 468d | 5707 660f | 1f44 0000 
[Verified Entry Point]
  0x000014dd98e225c0: 8984 2400 | c0fe ff55 | 4881 eca0 | 0000 0090 | 4181 7f20 | 0100 0000 

  0x000014dd98e225d8: ;   {runtime_call StubRoutines (2)}
  0x000014dd98e225d8: 7405 e8c1 | e955 0748 | 8974 2448 | 8954 2440 | 4889 4c24 

  0x000014dd98e225ec: ;   {metadata(method data for {method} {0x0000000800404638} 'putVal' '(ILjava/lang/Object;Ljava/lang/Object;ZZ)Ljava/lang/Object;' in 'java/util/HashMap')}
  0x000014dd98e225ec: 5048 bb50 | 2501 50dd | 1400 008b | 83f4 0000 | 0083 c002 | 8983 f400 | 0000 25fe | 0700 0083 
  0x000014dd98e2260c: f800 0f84 | 300f 0000 | 8b5e 2448 | c1e3 0348 

  0x000014dd98e2261c: ;   {metadata(method data for {method} {0x0000000800404638} 'putVal' '(ILjava/lang/Object;Ljava/lang/Object;ZZ)Ljava/lang/Object;' in 'java/util/HashMap')}
  0x000014dd98e2261c: 83fb 0048 | b850 2501 | 50dd 1400 | 0049 bb38 | 0100 0000 | 0000 000f | 840a 0000 | 0049 bb48 
  0x000014dd98e2263c: 0100 0000 | 0000 004e | 8b2c 184d | 8d6d 014e | 892c 180f | 844f 0000 | 008b 430c 

  0x000014dd98e22658: ;   {metadata(method data for {method} {0x0000000800404638} 'putVal' '(ILjava/lang/Object;Ljava/lang/Object;ZZ)Ljava/lang/Object;' in 'java/util/HashMap')}
  0x000014dd98e22658: 83f8 0049 | bb50 2501 | 50dd 1400 | 0049 bd68 | 0100 0000 | 0000 000f | 840a 0000 | 0049 bd58 
  0x000014dd98e22678: 0100 0000 | 0000 004f | 8b34 2b4d | 8d76 014f | 8934 2b0f | 8413 0000 | 0089 7c24 | 6044 894c 
  0x000014dd98e22698: 2444 4c89 | 4424 58e9 | 3c00 0000 | 897c 2460 | 4489 4c24 | 444c 8944 | 2458 488b 

  0x000014dd98e226b4: ;   {metadata(method data for {method} {0x0000000800404638} 'putVal' '(ILjava/lang/Object;Ljava/lang/Object;ZZ)Ljava/lang/Object;' in 'java/util/HashMap')}
  0x000014dd98e226b4: de48 b850 | 2501 50dd | 1400 0048 | 8380 7801 | 0000 0148 | 8bde 488b 

  0x000014dd98e226cc: ;   {optimized virtual_call}
  0x000014dd98e226cc: f366 90e8 

  0x000014dd98e226d0: ; ImmutableOopMap {[72]=Oop [80]=Oop [88]=Oop }
                      ;*invokevirtual resize {reexecute=0 rethrow=0 return_oop=0}
                      ; - java.util.HashMap::putVal@20 (line 635)
  0x000014dd98e226d0: 0c55 0000 | 488b d08b | 4a0c 488b | c148 8bda | ffc8 2344 | 2440 3b43 | 0c0f 838a | 0e00 0048 
  0x000014dd98e226f0: 63d0 8b7c | 9310 48c1 | e703 4883 

  0x000014dd98e226fc: ;   {metadata(method data for {method} {0x0000000800404638} 'putVal' '(ILjava/lang/Object;Ljava/lang/Object;ZZ)Ljava/lang/Object;' in 'java/util/HashMap')}
  0x000014dd98e226fc: ff00 48ba | 5025 0150 | dd14 0000 | 48b9 b001 | 0000 0000 | 0000 0f85 | 0a00 0000 | 48b9 c001 
  0x000014dd98e2271c: 0000 0000 | 0000 4c8b | 040a 4d8d | 4001 4c89 | 040a 0f85 | 3702 0000 | 8944 2464 | 4889 5c24 
  0x000014dd98e2273c: 6848 8b74 

  0x000014dd98e22740: ;   {metadata(method data for {method} {0x0000000800404638} 'putVal' '(ILjava/lang/Object;Ljava/lang/Object;ZZ)Ljava/lang/Object;' in 'java/util/HashMap')}
  0x000014dd98e22740: 2448 48ba | 5025 0150 | dd14 0000 | 8b76 0849 | ba00 0000 | 0008 0000 | 0049 03f2 | 483b b2e0 
  0x000014dd98e22760: 0100 0075 | 0d48 8382 | e801 0000 | 01e9 6000 | 0000 483b | b2f0 0100 | 0075 0d48 | 8382 f801 
  0x000014dd98e22780: 0000 01e9 | 4a00 0000 | 4883 bae0 | 0100 0000 | 7517 4889 | b2e0 0100 | 0048 c782 | e801 0000 
  0x000014dd98e227a0: 0100 0000 | e929 0000 | 0048 83ba | f001 0000 | 0075 1748 | 89b2 f001 | 0000 48c7 | 82f8 0100 
  0x000014dd98e227c0: 0001 0000 | 00e9 0800 | 0000 4883 | 82d0 0100 | 0001 8b54 | 2440 488b | 4c24 504c | 8b44 2458 
  0x000014dd98e227e0: ;   {oop(NULL)}
  0x000014dd98e227e0: 49b9 0000 | 0000 0000 | 0000 488b | 7424 4866 | 0f1f 4400 | 0048 b8ff | ffff ffff 

  0x000014dd98e227fc: ;   {virtual_call}
  0x000014dd98e227fc: ffff ffe8 

  0x000014dd98e22800: ; ImmutableOopMap {[72]=Oop [104]=Oop }
                      ;*invokevirtual newNode {reexecute=0 rethrow=0 return_oop=0}
                      ; - java.util.HashMap::putVal@56 (line 637)
  0x000014dd98e22800: 1c5c 5707 | 488b 5c24 | 6848 83f8 

  0x000014dd98e2280c: ;   {metadata(method data for {method} {0x0000000800404638} 'putVal' '(ILjava/lang/Object;Ljava/lang/Object;ZZ)Ljava/lang/Object;' in 'java/util/HashMap')}
  0x000014dd98e2280c: 0075 1648 | be50 2501 | 50dd 1400 | 0080 8e01 | 0200 0001 | e9f9 0000 | 008b 5308 | 49ba 0000 
  0x000014dd98e2282c: 0000 0800 | 0000 4903 | d28b 7008 | 49ba 0000 | 0000 0800 | 0000 4903 | f248 8b92 | d000 0000 
  0x000014dd98e2284c: 483b f20f | 8428 0000 | 008b 7a14 | 483b 143e | 0f84 1b00 | 0000 83ff | 200f 859c | 0000 0056 
  0x000014dd98e2286c: ;   {runtime_call slow_subtype_check Runtime1 stub}
  0x000014dd98e2286c: 52e8 0edf | 6307 5e5a | 83fa 000f | 848a 0000 

  0x000014dd98e2287c: ;   {metadata(method data for {method} {0x0000000800404638} 'putVal' '(ILjava/lang/Object;Ljava/lang/Object;ZZ)Ljava/lang/Object;' in 'java/util/HashMap')}
  0x000014dd98e2287c: 0048 be50 | 2501 50dd | 1400 008b | 5008 49ba | 0000 0000 | 0800 0000 | 4903 d248 | 3b96 1802 
  0x000014dd98e2289c: 0000 750d | 4883 8620 | 0200 0001 | e971 0000 | 0048 3b96 | 2802 0000 | 750d 4883 | 8630 0200 
  0x000014dd98e228bc: 0001 e95b | 0000 0048 | 83be 1802 | 0000 0075 | 1748 8996 | 1802 0000 | 48c7 8620 | 0200 0001 
  0x000014dd98e228dc: 0000 00e9 | 3a00 0000 | 4883 be28 | 0200 0000 | 7517 4889 | 9628 0200 | 0048 c786 | 3002 0000 
  0x000014dd98e228fc: 0100 0000 | e919 0000 

  0x000014dd98e22904: ;   {metadata(method data for {method} {0x0000000800404638} 'putVal' '(ILjava/lang/Object;Ljava/lang/Object;ZZ)Ljava/lang/Object;' in 'java/util/HashMap')}
  0x000014dd98e22904: 00eb 1748 | be50 2501 | 50dd 1400 | 0048 83ae | 0802 0000 | 01e9 6e0c | 0000 8b54 | 2464 4863 
  0x000014dd98e22924: d248 8d54 | 9310 410f | be77 4083 | fe00 0f85 | 5d0c 0000 | 4c8b d049 | c1ea 0344 | 8912 488b 
  0x000014dd98e22944: f248 33f0 | 48c1 ee18 | 4883 fe00 | 0f85 5d0c 

  0x000014dd98e22954: ;   {metadata(method data for {method} {0x0000000800404638} 'putVal' '(ILjava/lang/Object;Ljava/lang/Object;ZZ)Ljava/lang/Object;' in 'java/util/HashMap')}
  0x000014dd98e22954: 0000 48ba | 5025 0150 | dd14 0000 | ff82 4002 | 0000 e90b | 0900 008b | 570c 3b54 

  0x000014dd98e22970: ;   {metadata(method data for {method} {0x0000000800404638} 'putVal' '(ILjava/lang/Object;Ljava/lang/Object;ZZ)Ljava/lang/Object;' in 'java/util/HashMap')}
  0x000014dd98e22970: 2440 48ba | 5025 0150 | dd14 0000 | 48be 6802 | 0000 0000 | 0000 0f84 | 0a00 0000 | 48be 5802 
  0x000014dd98e22990: 0000 0000 | 0000 488b | 0432 488d | 4001 4889 | 0432 0f84 | 0a00 0000 | 4889 5c24 | 68e9 8001 
  0x000014dd98e229b0: 0000 488b | 4c24 508b | 5710 48c1 | e203 483b 

  0x000014dd98e229c0: ;   {metadata(method data for {method} {0x0000000800404638} 'putVal' '(ILjava/lang/Object;Ljava/lang/Object;ZZ)Ljava/lang/Object;' in 'java/util/HashMap')}
  0x000014dd98e229c0: d148 be50 | 2501 50dd | 1400 0048 | b878 0200 | 0000 0000 | 000f 840a | 0000 0048 | b888 0200 
  0x000014dd98e229e0: 0000 0000 | 004c 8b04 | 064d 8d40 | 014c 8904 | 060f 8432 | 0800 0048 

  0x000014dd98e229f8: ;   {metadata(method data for {method} {0x0000000800404638} 'putVal' '(ILjava/lang/Object;Ljava/lang/Object;ZZ)Ljava/lang/Object;' in 'java/util/HashMap')}
  0x000014dd98e229f8: 83f9 0048 | be50 2501 | 50dd 1400 | 0048 b8a8 | 0200 0000 | 0000 000f | 850a 0000 | 0048 b898 
  0x000014dd98e22a18: 0200 0000 | 0000 004c | 8b04 064d | 8d40 014c | 8904 060f | 850a 0000 | 0048 895c | 2468 e9f7 
  0x000014dd98e22a38: 0000 0048 | 897c 2470 | 4889 5c24 | 6848 3b01 

  0x000014dd98e22a48: ;   {metadata(method data for {method} {0x0000000800404638} 'putVal' '(ILjava/lang/Object;Ljava/lang/Object;ZZ)Ljava/lang/Object;' in 'java/util/HashMap')}
  0x000014dd98e22a48: 488b f148 | b850 2501 | 50dd 1400 | 008b 7608 | 49ba 0000 | 0000 0800 | 0000 4903 | f248 3bb0 
  0x000014dd98e22a68: c802 0000 | 750d 4883 | 80d0 0200 | 0001 e960 | 0000 0048 | 3bb0 d802 | 0000 750d | 4883 80e0 
  0x000014dd98e22a88: 0200 0001 | e94a 0000 | 0048 83b8 | c802 0000 | 0075 1748 | 89b0 c802 | 0000 48c7 | 80d0 0200 
  0x000014dd98e22aa8: 0001 0000 | 00e9 2900 | 0000 4883 | b8d8 0200 | 0000 7517 | 4889 b0d8 | 0200 0048 | c780 e002 
  0x000014dd98e22ac8: 0000 0100 | 0000 e908 | 0000 0048 | 8380 b802 | 0000 0148 | 8bf1 0f1f | 8000 0000 | 0048 b8ff 
  0x000014dd98e22ae8: ffff ffff 

  0x000014dd98e22aec: ;   {virtual_call}
  0x000014dd98e22aec: ffff ffe8 

  0x000014dd98e22af0: ; ImmutableOopMap {[72]=Oop [80]=Oop [88]=Oop [104]=Oop [112]=Oop }
                      ;*invokevirtual equals {reexecute=0 rethrow=0 return_oop=0}
                      ; - java.util.HashMap::putVal@91 (line 641)
  0x000014dd98e22af0: 0c8e 5707 

  0x000014dd98e22af4: ;   {metadata(method data for {method} {0x0000000800404638} 'putVal' '(ILjava/lang/Object;Ljava/lang/Object;ZZ)Ljava/lang/Object;' in 'java/util/HashMap')}
  0x000014dd98e22af4: 83f8 0048 | ba50 2501 | 50dd 1400 | 0048 b900 | 0300 0000 | 0000 000f | 850a 0000 | 0048 b9f0 
  0x000014dd98e22b14: 0200 0000 | 0000 004c | 8b04 0a4d | 8d40 014c | 8904 0a48 | 8b7c 2470 | 0f85 f706 | 0000 4883 
  0x000014dd98e22b34: ff00 7517 

  0x000014dd98e22b38: ;   {metadata(method data for {method} {0x0000000800404638} 'putVal' '(ILjava/lang/Object;Ljava/lang/Object;ZZ)Ljava/lang/Object;' in 'java/util/HashMap')}
  0x000014dd98e22b38: 49b8 5025 | 0150 dd14 | 0000 4180 | 8821 0300 | 0001 e9cd 

  0x000014dd98e22b4c: ;   {metadata('java/util/HashMap$TreeNode')}
  0x000014dd98e22b4c: 0000 0049 | b908 4b1b | 0008 0000 | 008b 4f08 | 49ba 0000 | 0000 0800 | 0000 4903 | ca4c 3bc9 
  0x000014dd98e22b6c: 0f85 8e00 

  0x000014dd98e22b70: ;   {metadata(method data for {method} {0x0000000800404638} 'putVal' '(ILjava/lang/Object;Ljava/lang/Object;ZZ)Ljava/lang/Object;' in 'java/util/HashMap')}
  0x000014dd98e22b70: 0000 49b8 | 5025 0150 | dd14 0000 | 448b 4f08 | 49ba 0000 | 0000 0800 | 0000 4d03 | ca4d 3b88 
  0x000014dd98e22b90: 3803 0000 | 750d 4983 | 8040 0300 | 0001 e97e | 0000 004d | 3b88 4803 | 0000 750d | 4983 8050 
  0x000014dd98e22bb0: 0300 0001 | e968 0000 | 0049 83b8 | 3803 0000 | 0075 174d | 8988 3803 | 0000 49c7 | 8040 0300 
  0x000014dd98e22bd0: 0001 0000 | 00e9 4700 | 0000 4983 | b848 0300 | 0000 7517 | 4d89 8848 | 0300 0049 | c780 5003 
  0x000014dd98e22bf0: 0000 0100 | 0000 e926 | 0000 00e9 | 2100 0000 

  0x000014dd98e22c00: ;   {metadata(method data for {method} {0x0000000800404638} 'putVal' '(ILjava/lang/Object;Ljava/lang/Object;ZZ)Ljava/lang/Object;' in 'java/util/HashMap')}
  0x000014dd98e22c00: 49b8 5025 | 0150 dd14 | 0000 4983 | a828 0300 | 0001 e905 | 0000 00e9 | 0500 0000 | 4833 d2eb 
  0x000014dd98e22c20: 0a48 ba01 | 0000 0000 | 0000 0083 

  0x000014dd98e22c2c: ;   {metadata(method data for {method} {0x0000000800404638} 'putVal' '(ILjava/lang/Object;Ljava/lang/Object;ZZ)Ljava/lang/Object;' in 'java/util/HashMap')}
  0x000014dd98e22c2c: fa00 48ba | 5025 0150 | dd14 0000 | 48b9 6003 | 0000 0000 | 0000 0f84 | 0a00 0000 | 48b9 7003 
  0x000014dd98e22c4c: 0000 0000 | 0000 4c8b | 040a 4d8d | 4001 4c89 | 040a 0f84 | b501 0000 | 4883 ff00 

  0x000014dd98e22c68: ;   {metadata(method data for {method} {0x0000000800404638} 'putVal' '(ILjava/lang/Object;Ljava/lang/Object;ZZ)Ljava/lang/Object;' in 'java/util/HashMap')}
  0x000014dd98e22c68: 7516 48b9 | 5025 0150 | dd14 0000 | 8089 7903 | 0000 01e9 | cd00 0000 

  0x000014dd98e22c80: ;   {metadata('java/util/HashMap$TreeNode')}
  0x000014dd98e22c80: 49b8 084b | 1b00 0800 | 0000 8b57 | 0849 ba00 | 0000 0008 | 0000 0049 | 03d2 4c3b | c20f 858e 
  0x000014dd98e22ca0: ;   {metadata(method data for {method} {0x0000000800404638} 'putVal' '(ILjava/lang/Object;Ljava/lang/Object;ZZ)Ljava/lang/Object;' in 'java/util/HashMap')}
  0x000014dd98e22ca0: 0000 0048 | b950 2501 | 50dd 1400 | 0044 8b47 | 0849 ba00 | 0000 0008 | 0000 004d | 03c2 4c3b 
  0x000014dd98e22cc0: 8190 0300 | 0075 0d48 | 8381 9803 | 0000 01e9 | 7900 0000 | 4c3b 81a0 | 0300 0075 | 0d48 8381 
  0x000014dd98e22ce0: a803 0000 | 01e9 6300 | 0000 4883 | b990 0300 | 0000 7517 | 4c89 8190 | 0300 0048 | c781 9803 
  0x000014dd98e22d00: 0000 0100 | 0000 e942 | 0000 0048 | 83b9 a003 | 0000 0075 | 174c 8981 | a003 0000 | 48c7 81a8 
  0x000014dd98e22d20: 0300 0001 | 0000 00e9 | 2100 0000 | e91c 0000 

  0x000014dd98e22d30: ;   {metadata(method data for {method} {0x0000000800404638} 'putVal' '(ILjava/lang/Object;Ljava/lang/Object;ZZ)Ljava/lang/Object;' in 'java/util/HashMap')}
  0x000014dd98e22d30: 0048 b950 | 2501 50dd | 1400 0048 | 83a9 8003 | 0000 01e9 | 8d08 0000 | e900 0000 | 0048 8bf7 
  0x000014dd98e22d50: ; implicit exception: dispatches to 0x000014dd98e235de
  0x000014dd98e22d50: 483b 0648 

  0x000014dd98e22d54: ;   {metadata(method data for {method} {0x0000000800404638} 'putVal' '(ILjava/lang/Object;Ljava/lang/Object;ZZ)Ljava/lang/Object;' in 'java/util/HashMap')}
  0x000014dd98e22d54: 8bd6 48b9 | 5025 0150 | dd14 0000 | 8b52 0849 | ba00 0000 | 0008 0000 | 0049 03d2 | 483b 91c8 
  0x000014dd98e22d74: 0300 0075 | 0d48 8381 | d003 0000 | 01e9 6000 | 0000 483b | 91d8 0300 | 0075 0d48 | 8381 e003 
  0x000014dd98e22d94: 0000 01e9 | 4a00 0000 | 4883 b9c8 | 0300 0000 | 7517 4889 | 91c8 0300 | 0048 c781 | d003 0000 
  0x000014dd98e22db4: 0100 0000 | e929 0000 | 0048 83b9 | d803 0000 | 0075 1748 | 8991 d803 | 0000 48c7 | 81e0 0300 
  0x000014dd98e22dd4: 0001 0000 | 00e9 0800 | 0000 4883 | 81b8 0300 | 0001 488b | 5424 4848 | 8b4c 2468 | 448b 4424 
  0x000014dd98e22df4: 404c 8b4c | 2450 488b 

  0x000014dd98e22dfc: ;   {optimized virtual_call}
  0x000014dd98e22dfc: 7c24 58e8 

  0x000014dd98e22e00: ; ImmutableOopMap {[72]=Oop [88]=Oop }
                      ;*invokevirtual putTreeVal {reexecute=0 rethrow=0 return_oop=0}
                      ; - java.util.HashMap::putVal@123 (line 644)
  0x000014dd98e22e00: fc87 5707 

  0x000014dd98e22e04: ;   {metadata(method data for {method} {0x0000000800404638} 'putVal' '(ILjava/lang/Object;Ljava/lang/Object;ZZ)Ljava/lang/Object;' in 'java/util/HashMap')}
  0x000014dd98e22e04: 48ba 5025 | 0150 dd14 | 0000 ff82 | f003 0000 | e923 0400 | 00bb 0000 | 0000 6690 | 895c 2478 
  0x000014dd98e22e24: 488b 4c24 | 508b 5424 | 408b 4718 | 48c1 e003 | 4889 8424 | 8000 0000 | 4883 f800 

  0x000014dd98e22e40: ;   {metadata(method data for {method} {0x0000000800404638} 'putVal' '(ILjava/lang/Object;Ljava/lang/Object;ZZ)Ljava/lang/Object;' in 'java/util/HashMap')}
  0x000014dd98e22e40: 48be 5025 | 0150 dd14 | 0000 49b8 | 1804 0000 | 0000 0000 | 0f84 0a00 | 0000 49b8 | 0804 0000 
  0x000014dd98e22e60: 0000 0000 | 4e8b 0c06 | 4d8d 4901 | 4e89 0c06 | 0f84 1e02 | 0000 8b70 

  0x000014dd98e22e78: ;   {metadata(method data for {method} {0x0000000800404638} 'putVal' '(ILjava/lang/Object;Ljava/lang/Object;ZZ)Ljava/lang/Object;' in 'java/util/HashMap')}
  0x000014dd98e22e78: 0c3b f248 | be50 2501 | 50dd 1400 | 0048 bfd0 | 0400 0000 | 0000 000f | 850a 0000 | 0048 bfe0 
  0x000014dd98e22e98: 0400 0000 | 0000 004c | 8b04 3e4d | 8d40 014c | 8904 3e0f | 8564 0100 | 008b 7010 | 48c1 e603 
  0x000014dd98e22eb8: ;   {metadata(method data for {method} {0x0000000800404638} 'putVal' '(ILjava/lang/Object;Ljava/lang/Object;ZZ)Ljava/lang/Object;' in 'java/util/HashMap')}
  0x000014dd98e22eb8: 483b f148 | bf50 2501 | 50dd 1400 | 0049 b8f0 | 0400 0000 | 0000 000f | 840a 0000 | 0049 b800 
  0x000014dd98e22ed8: 0500 0000 | 0000 004e | 8b0c 074d | 8d49 014e | 890c 070f | 8479 0100 | 0048 83f9 

  0x000014dd98e22ef4: ;   {metadata(method data for {method} {0x0000000800404638} 'putVal' '(ILjava/lang/Object;Ljava/lang/Object;ZZ)Ljava/lang/Object;' in 'java/util/HashMap')}
  0x000014dd98e22ef4: 0048 bf50 | 2501 50dd | 1400 0049 | b810 0500 | 0000 0000 | 000f 840a | 0000 0049 | b820 0500 
  0x000014dd98e22f14: 0000 0000 | 004e 8b0c | 074d 8d49 | 014e 890c | 070f 84ea | 0000 0048 | 3b01 488b 

  0x000014dd98e22f30: ;   {metadata(method data for {method} {0x0000000800404638} 'putVal' '(ILjava/lang/Object;Ljava/lang/Object;ZZ)Ljava/lang/Object;' in 'java/util/HashMap')}
  0x000014dd98e22f30: f949 b850 | 2501 50dd | 1400 008b | 7f08 49ba | 0000 0000 | 0800 0000 | 4903 fa49 | 3bb8 4005 
  0x000014dd98e22f50: 0000 750d | 4983 8048 | 0500 0001 | e960 0000 | 0049 3bb8 | 5005 0000 | 750d 4983 | 8058 0500 
  0x000014dd98e22f70: 0001 e94a | 0000 0049 | 83b8 4005 | 0000 0075 | 1749 89b8 | 4005 0000 | 49c7 8048 | 0500 0001 
  0x000014dd98e22f90: 0000 00e9 | 2900 0000 | 4983 b850 | 0500 0000 | 7517 4989 | b850 0500 | 0049 c780 | 5805 0000 
  0x000014dd98e22fb0: 0100 0000 | e908 0000 | 0049 8380 | 3005 0000 | 0148 8bd6 | 488b f166 | 0f1f 4400 | 0048 b8ff 
  0x000014dd98e22fd0: ffff ffff 

  0x000014dd98e22fd4: ;   {virtual_call}
  0x000014dd98e22fd4: ffff ffe8 

  0x000014dd98e22fd8: ; ImmutableOopMap {[72]=Oop [80]=Oop [88]=Oop [104]=Oop [128]=Oop }
                      ;*invokevirtual equals {reexecute=0 rethrow=0 return_oop=0}
                      ; - java.util.HashMap::putVal@203 (line 654)
  0x000014dd98e22fd8: 2489 5707 

  0x000014dd98e22fdc: ;   {metadata(method data for {method} {0x0000000800404638} 'putVal' '(ILjava/lang/Object;Ljava/lang/Object;ZZ)Ljava/lang/Object;' in 'java/util/HashMap')}
  0x000014dd98e22fdc: 83f8 0048 | ba50 2501 | 50dd 1400 | 0048 b978 | 0500 0000 | 0000 000f | 850a 0000 | 0048 b968 
  0x000014dd98e22ffc: 0500 0000 | 0000 004c | 8b04 0a4d | 8d40 014c | 8904 0a0f | 8562 0000 | 008b 5c24 

  0x000014dd98e23018: ;   {metadata(method data for {method} {0x0000000800404638} 'putVal' '(ILjava/lang/Object;Ljava/lang/Object;ZZ)Ljava/lang/Object;' in 'java/util/HashMap')}
  0x000014dd98e23018: 78ff c348 | ba50 2501 | 50dd 1400 | 008b 8af8 | 0000 0083 | c102 898a | f800 0000 | 81e1 fe3f 
  0x000014dd98e23038: 0000 83f9 | 000f 84af | 0500 004d | 8b97 8003 

  0x000014dd98e23048: ; ImmutableOopMap {[72]=Oop [80]=Oop [88]=Oop [104]=Oop [128]=Oop }
                      ;*goto {reexecute=1 rethrow=0 return_oop=0}
                      ; - (reexecute) java.util.HashMap::putVal@219 (line 646)
                      ;   {poll}
  0x000014dd98e23048: 0000 4185 

  0x000014dd98e2304c: ;   {metadata(method data for {method} {0x0000000800404638} 'putVal' '(ILjava/lang/Object;Ljava/lang/Object;ZZ)Ljava/lang/Object;' in 'java/util/HashMap')}
  0x000014dd98e2304c: 0248 ba50 | 2501 50dd | 1400 00ff | 82a0 0500 | 0048 8bbc | 2480 0000 | 00e9 b6fd | ffff 488b 
  0x000014dd98e2306c: 8424 8000 | 0000 e9c5 

  0x000014dd98e23074: ;   {metadata(method data for {method} {0x0000000800404638} 'putVal' '(ILjava/lang/Object;Ljava/lang/Object;ZZ)Ljava/lang/Object;' in 'java/util/HashMap')}
  0x000014dd98e23074: 0100 0048 | ba50 2501 | 50dd 1400 | 00ff 8288 | 0500 0048 | 8b84 2480 | 0000 00e9 | a801 0000 
  0x000014dd98e23094: 4889 bc24 | 8800 0000 | 488b 7424 

  0x000014dd98e230a0: ;   {metadata(method data for {method} {0x0000000800404638} 'putVal' '(ILjava/lang/Object;Ljava/lang/Object;ZZ)Ljava/lang/Object;' in 'java/util/HashMap')}
  0x000014dd98e230a0: 4848 ba50 | 2501 50dd | 1400 008b | 7608 49ba | 0000 0000 | 0800 0000 | 4903 f248 | 3bb2 3804 
  0x000014dd98e230c0: 0000 750d | 4883 8240 | 0400 0001 | e960 0000 | 0048 3bb2 | 4804 0000 | 750d 4883 | 8250 0400 
  0x000014dd98e230e0: 0001 e94a | 0000 0048 | 83ba 3804 | 0000 0075 | 1748 89b2 | 3804 0000 | 48c7 8240 | 0400 0001 
  0x000014dd98e23100: 0000 00e9 | 2900 0000 | 4883 ba48 | 0400 0000 | 7517 4889 | b248 0400 | 0048 c782 | 5004 0000 
  0x000014dd98e23120: 0100 0000 | e908 0000 | 0048 8382 | 2804 0000 | 018b 5424 | 404c 8b44 

  0x000014dd98e23138: ;   {oop(NULL)}
  0x000014dd98e23138: 2458 49b9 | 0000 0000 | 0000 0000 | 488b 7424 | 480f 1f40 | 0048 b8ff | ffff ffff 

  0x000014dd98e23154: ;   {virtual_call}
  0x000014dd98e23154: ffff ffe8 

  0x000014dd98e23158: ; ImmutableOopMap {[72]=Oop [88]=Oop [104]=Oop [128]=Oop [136]=Oop }
                      ;*invokevirtual newNode {reexecute=0 rethrow=0 return_oop=0}
                      ; - java.util.HashMap::putVal@152 (line 648)
  0x000014dd98e23158: 4452 5707 | 410f be57 | 4083 fa00 | 488b bc24 | 8800 0000 | 0f85 a104 | 0000 4c8b | d049 c1ea 
  0x000014dd98e23178: 0344 8957 | 1848 8bd7 | 4833 d048 | c1ea 1848 | 83fa 000f | 85a1 0400 | 008b 5c24 | 7883 fb07 
  0x000014dd98e23198: ;   {metadata(method data for {method} {0x0000000800404638} 'putVal' '(ILjava/lang/Object;Ljava/lang/Object;ZZ)Ljava/lang/Object;' in 'java/util/HashMap')}
  0x000014dd98e23198: 48ba 5025 | 0150 dd14 | 0000 48b9 | 7004 0000 | 0000 0000 | 0f8d 0a00 | 0000 48b9 | 6004 0000 
  0x000014dd98e231b8: 0000 0000 | 488b 340a | 488d 7601 | 4889 340a | 0f8d 0d00 | 0000 488b | 8424 8000 | 0000 e961 
  0x000014dd98e231d8: 0000 0048 | 8b5c 2468 | 8b4c 2440 | 488b 7424 

  0x000014dd98e231e8: ;   {metadata(method data for {method} {0x0000000800404638} 'putVal' '(ILjava/lang/Object;Ljava/lang/Object;ZZ)Ljava/lang/Object;' in 'java/util/HashMap')}
  0x000014dd98e231e8: 4848 ba50 | 2501 50dd | 1400 0048 | 8382 8004 | 0000 0148 | 8bd3 488b | 7424 480f 

  0x000014dd98e23204: ;   {optimized virtual_call}
  0x000014dd98e23204: 1f40 00e8 

  0x000014dd98e23208: ; ImmutableOopMap {[72]=Oop [88]=Oop [128]=Oop }
                      ;*invokevirtual treeifyBin {reexecute=0 rethrow=0 return_oop=0}
                      ; - java.util.HashMap::putVal@169 (line 650)
  0x000014dd98e23208: f483 5707 

  0x000014dd98e2320c: ;   {metadata(method data for {method} {0x0000000800404638} 'putVal' '(ILjava/lang/Object;Ljava/lang/Object;ZZ)Ljava/lang/Object;' in 'java/util/HashMap')}
  0x000014dd98e2320c: 48ba 5025 | 0150 dd14 | 0000 ff82 | b804 0000 | 488b 8424 | 8000 0000 | e913 0000 

  0x000014dd98e23228: ;   {metadata(method data for {method} {0x0000000800404638} 'putVal' '(ILjava/lang/Object;Ljava/lang/Object;ZZ)Ljava/lang/Object;' in 'java/util/HashMap')}
  0x000014dd98e23228: 0048 ba50 | 2501 50dd | 1400 00ff | 8210 0300 | 0048 8bc7 | 4883 f800 

  0x000014dd98e23240: ;   {metadata(method data for {method} {0x0000000800404638} 'putVal' '(ILjava/lang/Object;Ljava/lang/Object;ZZ)Ljava/lang/Object;' in 'java/util/HashMap')}
  0x000014dd98e23240: 48ba 5025 | 0150 dd14 | 0000 48be | c805 0000 | 0000 0000 | 0f85 0a00 | 0000 48be | b805 0000 
  0x000014dd98e23260: 0000 0000 | 488b 3c32 | 488d 7f01 | 4889 3c32 | 0f85 5900 | 0000 488b | 7424 488b | 5618 ffc2 
  0x000014dd98e23280: 8956 188b | 5614 ffc2 | 8956 148b | 7e1c 3bd7 

  0x000014dd98e23290: ;   {metadata(method data for {method} {0x0000000800404638} 'putVal' '(ILjava/lang/Object;Ljava/lang/Object;ZZ)Ljava/lang/Object;' in 'java/util/HashMap')}
  0x000014dd98e23290: 48ba 5025 | 0150 dd14 | 0000 48bf | 6006 0000 | 0000 0000 | 0f8f 0a00 | 0000 48bf | 5006 0000 
  0x000014dd98e232b0: 0000 0000 | 488b 1c3a | 488d 5b01 | 4889 1c3a | 0f8f 8c01 | 0000 8b7c | 2460 e9ae | 0100 0044 
  0x000014dd98e232d0: 8b4c 2444 | 488b 7424 | 488b 7814 | 48c1 e703 | 4183 f900 

  0x000014dd98e232e4: ;   {metadata(method data for {method} {0x0000000800404638} 'putVal' '(ILjava/lang/Object;Ljava/lang/Object;ZZ)Ljava/lang/Object;' in 'java/util/HashMap')}
  0x000014dd98e232e4: 48ba 5025 | 0150 dd14 | 0000 48bb | d805 0000 | 0000 0000 | 0f84 0a00 | 0000 48bb | e805 0000 
  0x000014dd98e23304: 0000 0000 | 488b 0c1a | 488d 4901 | 4889 0c1a | 0f84 3a00 | 0000 4883 

  0x000014dd98e2331c: ;   {metadata(method data for {method} {0x0000000800404638} 'putVal' '(ILjava/lang/Object;Ljava/lang/Object;ZZ)Ljava/lang/Object;' in 'java/util/HashMap')}
  0x000014dd98e2331c: ff00 48ba | 5025 0150 | dd14 0000 | 48bb f805 | 0000 0000 | 0000 0f85 | 0a00 0000 | 48bb 0806 
  0x000014dd98e2333c: 0000 0000 | 0000 488b | 0c1a 488d | 4901 4889 | 0c1a 0f85 | 3200 0000 | 4c8b 4424 | 5841 0fbe 
  0x000014dd98e2335c: 5740 83fa | 000f 85e8 | 0200 004d | 8bd0 49c1 | ea03 4489 | 5014 488b | d049 33d0 | 48c1 ea18 
  0x000014dd98e2337c: 4883 fa00 | 0f85 e802 | 0000 4889 | bc24 9000 | 0000 488b 

  0x000014dd98e23390: ;   {metadata(method data for {method} {0x0000000800404638} 'putVal' '(ILjava/lang/Object;Ljava/lang/Object;ZZ)Ljava/lang/Object;' in 'java/util/HashMap')}
  0x000014dd98e23390: d648 bb50 | 2501 50dd | 1400 008b | 5208 49ba | 0000 0000 | 0800 0000 | 4903 d248 | 3b93 2806 
  0x000014dd98e233b0: 0000 750d | 4883 8330 | 0600 0001 | e960 0000 | 0048 3b93 | 3806 0000 | 750d 4883 | 8340 0600 
  0x000014dd98e233d0: 0001 e94a | 0000 0048 | 83bb 2806 | 0000 0075 | 1748 8993 | 2806 0000 | 48c7 8330 | 0600 0001 
  0x000014dd98e233f0: 0000 00e9 | 2900 0000 | 4883 bb38 | 0600 0000 | 7517 4889 | 9338 0600 | 0048 c783 | 4006 0000 
  0x000014dd98e23410: 0100 0000 | e908 0000 | 0048 8383 | 1806 0000 | 0148 8bd0 | 9048 b8ff | ffff ffff 

  0x000014dd98e2342c: ;   {virtual_call}
  0x000014dd98e2342c: ffff ffe8 

  0x000014dd98e23430: ; ImmutableOopMap {[144]=Oop }
                      ;*invokevirtual afterNodeAccess {reexecute=0 rethrow=0 return_oop=0}
                      ; - java.util.HashMap::putVal@253 (line 663)
  0x000014dd98e23430: cc84 5707 | 488b 8424 | 9000 0000 | 4881 c4a0 | 0000 005d 

  0x000014dd98e23444: ;   {poll_return}
  0x000014dd98e23444: 493b a778 | 0300 000f | 8735 0200 | 00c3 488b 

  0x000014dd98e23454: ;   {metadata(method data for {method} {0x0000000800404638} 'putVal' '(ILjava/lang/Object;Ljava/lang/Object;ZZ)Ljava/lang/Object;' in 'java/util/HashMap')}
  0x000014dd98e23454: fe48 bb50 | 2501 50dd | 1400 0048 | 8383 7006 | 0000 0148 | 8bfe 488b 

  0x000014dd98e2346c: ;   {optimized virtual_call}
  0x000014dd98e2346c: f766 90e8 

  0x000014dd98e23470: ; ImmutableOopMap {[72]=Oop }
                      ;*invokevirtual resize {reexecute=0 rethrow=0 return_oop=0}
                      ; - java.util.HashMap::putVal@288 (line 669)
  0x000014dd98e23470: 6c47 0000 | 8b7c 2460 | 488b 7424 | 4848 8bd6 

  0x000014dd98e23480: ;   {metadata(method data for {method} {0x0000000800404638} 'putVal' '(ILjava/lang/Object;Ljava/lang/Object;ZZ)Ljava/lang/Object;' in 'java/util/HashMap')}
  0x000014dd98e23480: 48bb 5025 | 0150 dd14 | 0000 8b52 | 0849 ba00 | 0000 0008 | 0000 0049 | 03d2 483b | 93b8 0600 
  0x000014dd98e234a0: 0075 0d48 | 8383 c006 | 0000 01e9 | 6000 0000 | 483b 93c8 | 0600 0075 | 0d48 8383 | d006 0000 
  0x000014dd98e234c0: 01e9 4a00 | 0000 4883 | bbb8 0600 | 0000 7517 | 4889 93b8 | 0600 0048 | c783 c006 | 0000 0100 
  0x000014dd98e234e0: 0000 e929 | 0000 0048 | 83bb c806 | 0000 0075 | 1748 8993 | c806 0000 | 48c7 83d0 | 0600 0001 
  0x000014dd98e23500: 0000 00e9 | 0800 0000 | 4883 83a8 | 0600 0001 | 488b d766 | 9048 b8ff | ffff ffff 

  0x000014dd98e2351c: ;   {virtual_call}
  0x000014dd98e2351c: ffff ffe8 

  0x000014dd98e23520: ; ImmutableOopMap {}
                      ;*invokevirtual afterNodeInsertion {reexecute=0 rethrow=0 return_oop=0}
                      ; - java.util.HashMap::putVal@295 (line 670)
  0x000014dd98e23520: bc4e 5707 

  0x000014dd98e23524: ;   {oop(NULL)}
  0x000014dd98e23524: 48b8 0000 | 0000 0000 | 0000 4881 | c4a0 0000 

  0x000014dd98e23534: ;   {poll_return}
  0x000014dd98e23534: 005d 493b | a778 0300 | 000f 8759 | 0100 00c3 

  0x000014dd98e23544: ;   {metadata({method} {0x0000000800404638} 'putVal' '(ILjava/lang/Object;Ljava/lang/Object;ZZ)Ljava/lang/Object;' in 'java/util/HashMap')}
  0x000014dd98e23544: 49ba 3846 | 4000 0800 | 0000 4c89 | 5424 0848 | c704 24ff 

  0x000014dd98e23558: ;   {runtime_call counter_overflow Runtime1 stub}
  0x000014dd98e23558: ffff ffe8 

  0x000014dd98e2355c: ; ImmutableOopMap {rsi=Oop rcx=Oop r8=Oop [72]=Oop [80]=Oop }
                      ;*synchronization entry
                      ; - java.util.HashMap::putVal@-1 (line 634)
  0x000014dd98e2355c: 200d 6407 | e9af f0ff 

  0x000014dd98e23564: ;   {runtime_call throw_null_pointer_exception Runtime1 stub}
  0x000014dd98e23564: ffe8 96cb 

  0x000014dd98e23568: ; ImmutableOopMap {rsi=Oop rcx=Oop r8=Oop rbx=Oop [72]=Oop [80]=Oop }
                      ;*arraylength {reexecute=0 rethrow=0 return_oop=0}
                      ; - java.util.HashMap::putVal@12 (line 634)
                      ;   {runtime_call throw_null_pointer_exception Runtime1 stub}
  0x000014dd98e23568: 5a07 e891 

  0x000014dd98e2356c: ; ImmutableOopMap {rdx=Oop [72]=Oop [80]=Oop [88]=Oop }
                      ;*arraylength {reexecute=0 rethrow=0 return_oop=0}
                      ; - java.util.HashMap::putVal@26 (line 635)
                      ;   {runtime_call throw_null_pointer_exception Runtime1 stub}
  0x000014dd98e2356c: cb5a 07e8 

  0x000014dd98e23570: ; ImmutableOopMap {rbx=Oop [72]=Oop [80]=Oop [88]=Oop }
                      ;*aaload {reexecute=0 rethrow=0 return_oop=0}
                      ; - java.util.HashMap::putVal@40 (line 636)
  0x000014dd98e23570: 8ccb 5a07 

  0x000014dd98e23574: ;   {runtime_call throw_null_pointer_exception Runtime1 stub}
  0x000014dd98e23574: e887 cb5a 

  0x000014dd98e23578: ; ImmutableOopMap {rbx=Oop [72]=Oop [80]=Oop [88]=Oop }
                      ;*aaload {reexecute=0 rethrow=0 return_oop=0}
                      ; - java.util.HashMap::putVal@40 (line 636)
  0x000014dd98e23578: 0748 8904 | 2448 895c 

  0x000014dd98e23580: ;   {runtime_call throw_range_check_failed Runtime1 stub}
  0x000014dd98e23580: 2408 e8f9 

  0x000014dd98e23584: ; ImmutableOopMap {rbx=Oop [72]=Oop [80]=Oop [88]=Oop }
                      ;*aaload {reexecute=0 rethrow=0 return_oop=0}
                      ; - java.util.HashMap::putVal@40 (line 636)
                      ;   {runtime_call throw_null_pointer_exception Runtime1 stub}
  0x000014dd98e23584: ee5a 07e8 

  0x000014dd98e23588: ; ImmutableOopMap {rax=Oop rbx=Oop [72]=Oop }
                      ;*aastore {reexecute=1 rethrow=0 return_oop=0}
                      ; - (reexecute) java.util.HashMap::putVal@59 (line 637)
  0x000014dd98e23588: 74cb 5a07 | 4889 0424 

  0x000014dd98e23590: ;   {runtime_call throw_array_store_exception Runtime1 stub}
  0x000014dd98e23590: e8eb dd63 

  0x000014dd98e23594: ; ImmutableOopMap {rax=Oop rbx=Oop [72]=Oop }
                      ;*aastore {reexecute=1 rethrow=0 return_oop=0}
                      ; - (reexecute) java.util.HashMap::putVal@59 (line 637)
  0x000014dd98e23594: 078b 3248 | c1e6 0348 | 83fe 000f | 8493 f3ff | ff48 8934 

  0x000014dd98e235a8: ;   {runtime_call g1_pre_barrier_slow}
  0x000014dd98e235a8: 24e8 d206 | 6407 e985 | f3ff ff48 | 83f8 000f | 8499 f3ff | ff48 8914 

  0x000014dd98e235c0: ;   {runtime_call g1_post_barrier_slow}
  0x000014dd98e235c0: 24e8 ba03 | 6407 e98b 

  0x000014dd98e235c8: ;   {runtime_call throw_null_pointer_exception Runtime1 stub}
  0x000014dd98e235c8: f3ff ffe8 

  0x000014dd98e235cc: ; ImmutableOopMap {rdi=Oop rbx=Oop [72]=Oop [80]=Oop [88]=Oop }
                      ;*getfield hash {reexecute=1 rethrow=0 return_oop=0}
                      ; - (reexecute) java.util.HashMap::putVal@65 (line 640)
  0x000014dd98e235cc: 30cb 5a07 

  0x000014dd98e235d0: ;   {runtime_call throw_null_pointer_exception Runtime1 stub}
  0x000014dd98e235d0: e82b cb5a 

  0x000014dd98e235d4: ; ImmutableOopMap {rcx=Oop rdx=Oop [72]=Oop [80]=Oop [88]=Oop [104]=Oop [112]=Oop }
                      ;*invokevirtual equals {reexecute=0 rethrow=0 return_oop=0}
                      ; - java.util.HashMap::putVal@91 (line 641)
  0x000014dd98e235d4: 0748 893c 

  0x000014dd98e235d8: ;   {runtime_call throw_class_cast_exception Runtime1 stub}
  0x000014dd98e235d8: 24e8 a2da 

  0x000014dd98e235dc: ; ImmutableOopMap {[72]=Oop [80]=Oop [88]=Oop [104]=Oop }
                      ;*checkcast {reexecute=0 rethrow=0 return_oop=0}
                      ; - java.util.HashMap::putVal@114 (line 644)
                      ;   {runtime_call throw_null_pointer_exception Runtime1 stub}
  0x000014dd98e235dc: 6307 e81d 

  0x000014dd98e235e0: ; ImmutableOopMap {rsi=Oop [72]=Oop [80]=Oop [88]=Oop [104]=Oop }
                      ;*invokevirtual putTreeVal {reexecute=0 rethrow=0 return_oop=0}
                      ; - java.util.HashMap::putVal@123 (line 644)
                      ;   {runtime_call throw_null_pointer_exception Runtime1 stub}
  0x000014dd98e235e0: cb5a 07e8 

  0x000014dd98e235e4: ; ImmutableOopMap {rdi=Oop rcx=Oop [72]=Oop [80]=Oop [88]=Oop [104]=Oop }
                      ;*getfield next {reexecute=1 rethrow=0 return_oop=0}
                      ; - (reexecute) java.util.HashMap::putVal@136 (line 647)
  0x000014dd98e235e4: 18cb 5a07 

  0x000014dd98e235e8: ;   {runtime_call throw_null_pointer_exception Runtime1 stub}
  0x000014dd98e235e8: e813 cb5a 

  0x000014dd98e235ec: ; ImmutableOopMap {rcx=Oop rax=Oop [72]=Oop [80]=Oop [88]=Oop [104]=Oop [128]=Oop }
                      ;*getfield hash {reexecute=1 rethrow=0 return_oop=0}
                      ; - (reexecute) java.util.HashMap::putVal@177 (line 653)
                      ;   {runtime_call throw_null_pointer_exception Runtime1 stub}
  0x000014dd98e235ec: 07e8 0ecb 

  0x000014dd98e235f0: ; ImmutableOopMap {rcx=Oop rsi=Oop [72]=Oop [80]=Oop [88]=Oop [104]=Oop [128]=Oop }
                      ;*invokevirtual equals {reexecute=0 rethrow=0 return_oop=0}
                      ; - java.util.HashMap::putVal@203 (line 654)
                      ;   {metadata({method} {0x0000000800404638} 'putVal' '(ILjava/lang/Object;Ljava/lang/Object;ZZ)Ljava/lang/Object;' in 'java/util/HashMap')}
  0x000014dd98e235f0: 5a07 49ba | 3846 4000 | 0800 0000 | 4c89 5424 | 0848 c704 | 24db 0000 

  0x000014dd98e23608: ;   {runtime_call counter_overflow Runtime1 stub}
  0x000014dd98e23608: 00e8 720c 

  0x000014dd98e2360c: ; ImmutableOopMap {[72]=Oop [80]=Oop [88]=Oop [104]=Oop [128]=Oop }
                      ;*goto {reexecute=1 rethrow=0 return_oop=0}
                      ; - (reexecute) java.util.HashMap::putVal@219 (line 646)
  0x000014dd98e2360c: 6407 e930 | faff ff8b | 5718 48c1 | e203 4883 | fa00 0f84 | 4efb ffff | 4889 1424 

  0x000014dd98e23628: ;   {runtime_call g1_pre_barrier_slow}
  0x000014dd98e23628: e853 0664 | 07e9 40fb | ffff 4883 | f800 0f84 | 55fb ffff | 4889 3c24 

  0x000014dd98e23640: ;   {runtime_call g1_post_barrier_slow}
  0x000014dd98e23640: e83b 0364 | 07e9 47fb 

  0x000014dd98e23648: ;   {runtime_call throw_null_pointer_exception Runtime1 stub}
  0x000014dd98e23648: ffff e8b1 

  0x000014dd98e2364c: ; ImmutableOopMap {rsi=Oop rax=Oop [72]=Oop [88]=Oop }
                      ;*getfield value {reexecute=1 rethrow=0 return_oop=0}
                      ; - (reexecute) java.util.HashMap::putVal@229 (line 660)
  0x000014dd98e2364c: ca5a 078b | 5014 48c1 | e203 4883 | fa00 0f84 | 07fd ffff | 4889 1424 

  0x000014dd98e23664: ;   {runtime_call g1_pre_barrier_slow}
  0x000014dd98e23664: e817 0664 | 07e9 f9fc | ffff 4983 | f800 0f84 | 0efd ffff | 4889 0424 

  0x000014dd98e2367c: ;   {runtime_call g1_post_barrier_slow}
  0x000014dd98e2367c: e8ff 0264 | 07e9 00fd 

  0x000014dd98e23684: ;   {internal_word}
  0x000014dd98e23684: ffff 49ba | 4434 e298 | dd14 0000 | 4d89 9790 

  0x000014dd98e23694: ;   {runtime_call SafepointBlob}
  0x000014dd98e23694: 0300 00e9 | e4eb 5707 

  0x000014dd98e2369c: ;   {internal_word}
  0x000014dd98e2369c: 49ba 3635 | e298 dd14 | 0000 4d89 | 9790 0300 

  0x000014dd98e236ac: ;   {runtime_call SafepointBlob}
  0x000014dd98e236ac: 00e9 ceeb | 5707 498b | 8728 0400 | 0049 c787 | 2804 0000 | 0000 0000 | 49c7 8730 | 0400 0000 
  0x000014dd98e236cc: 0000 0048 | 81c4 a000 

  0x000014dd98e236d4: ;   {runtime_call unwind_exception Runtime1 stub}
  0x000014dd98e236d4: 0000 5de9 | a4f3 5a07 | f4f4 f4f4 
[Stub Code]
  0x000014dd98e236e0: ;   {no_reloc}
  0x000014dd98e236e0: 0f1f 4400 

  0x000014dd98e236e4: ;   {static_stub}
  0x000014dd98e236e4: 0048 bb00 | 0000 0000 

  0x000014dd98e236ec: ;   {runtime_call}
  0x000014dd98e236ec: 0000 00e9 | fbff ffff 

  0x000014dd98e236f4: ;   {static_stub}
  0x000014dd98e236f4: 9048 bb00 | 0000 0000 

  0x000014dd98e236fc: ;   {runtime_call}
  0x000014dd98e236fc: 0000 00e9 | fbff ffff 

  0x000014dd98e23704: ;   {static_stub}
  0x000014dd98e23704: 9048 bb00 | 0000 0000 

  0x000014dd98e2370c: ;   {runtime_call}
  0x000014dd98e2370c: 0000 00e9 | fbff ffff 

  0x000014dd98e23714: ;   {static_stub}
  0x000014dd98e23714: 9048 bb00 | 0000 0000 

  0x000014dd98e2371c: ;   {runtime_call}
  0x000014dd98e2371c: 0000 00e9 | fbff ffff 

  0x000014dd98e23724: ;   {static_stub}
  0x000014dd98e23724: 9048 bb00 | 0000 0000 

  0x000014dd98e2372c: ;   {runtime_call}
  0x000014dd98e2372c: 0000 00e9 | fbff ffff 

  0x000014dd98e23734: ;   {static_stub}
  0x000014dd98e23734: 9048 bb00 | 0000 0000 

  0x000014dd98e2373c: ;   {runtime_call}
  0x000014dd98e2373c: 0000 00e9 | fbff ffff 

  0x000014dd98e23744: ;   {static_stub}
  0x000014dd98e23744: 9048 bb00 | 0000 0000 

  0x000014dd98e2374c: ;   {runtime_call}
  0x000014dd98e2374c: 0000 00e9 | fbff ffff 
[Exception Handler]
  0x000014dd98e23754: ;   {runtime_call handle_exception_from_callee Runtime1 stub}
  0x000014dd98e23754: e8a7 cc5a 

  0x000014dd98e23758: ;   {external_word}
  0x000014dd98e23758: 0748 bf90 | d2ff b6dd | 1400 0048 

  0x000014dd98e23764: ;   {runtime_call MacroAssembler::debug64(char*, long, long*)}
  0x000014dd98e23764: 83e4 f0e8 | 24af de1d 

  0x000014dd98e2376c: ;   {section_word}
  0x000014dd98e2376c: f449 ba6d | 37e2 98dd | 1400 0041 

  0x000014dd98e23778: ;   {runtime_call DeoptimizationBlob}
  0x000014dd98e23778: 52e9 a2dd 

  0x000014dd98e2377c: ;   {static_stub}
  0x000014dd98e2377c: 5707 48bb | d844 4000 | 0800 0000 

  0x000014dd98e23788: ;   {runtime_call I2C/C2I adapters}
  0x000014dd98e23788: e946 c857 

  0x000014dd98e2378c: ;   {static_stub}
  0x000014dd98e2378c: 0748 bb00 | 0000 0000 

  0x000014dd98e23794: ;   {runtime_call}
  0x000014dd98e23794: 0000 00e9 | fbff ffff | f4f4 f4f4 
[/MachCode]


Compiled method (c1)     329  127       3       java.util.HashMap::put (13 bytes)
 total in heap  [0x000014dd98e23c90,0x000014dd98e24240] = 1456
 relocation     [0x000014dd98e23dd8,0x000014dd98e23e30] = 88
 main code      [0x000014dd98e23e40,0x000014dd98e240e8] = 680
 stub code      [0x000014dd98e240e8,0x000014dd98e24138] = 80
 metadata       [0x000014dd98e24138,0x000014dd98e24148] = 16
 scopes data    [0x000014dd98e24148,0x000014dd98e241b8] = 112
 scopes pcs     [0x000014dd98e241b8,0x000014dd98e24228] = 112
 dependencies   [0x000014dd98e24228,0x000014dd98e24230] = 8
 nul chk table  [0x000014dd98e24230,0x000014dd98e24240] = 16

[Constant Pool (empty)]

[MachCode]
[Entry Point]
  # {method} {0x000000080008f6d8} 'put' '(Ljava/lang/Object;Ljava/lang/Object;)Ljava/lang/Object;' in 'java/util/HashMap'
  # this:     rsi:rsi   = 'java/util/HashMap'
  # parm0:    rdx:rdx   = 'java/lang/Object'
  # parm1:    rcx:rcx   = 'java/lang/Object'
  #           [sp+0x90]  (sp of caller)
  0x000014dd98e23e40: 448b 5608 | 49bb 0000 | 0000 0800 | 0000 4d03 | d34c 3bd0 

  0x000014dd98e23e54: ;   {runtime_call ic_miss_stub}
  0x000014dd98e23e54: 0f85 a674 | 5707 660f | 1f44 0000 
[Verified Entry Point]
  0x000014dd98e23e60: 8984 2400 | c0fe ff55 | 4881 ec80 | 0000 0090 | 4181 7f20 | 0100 0000 

  0x000014dd98e23e78: ;   {runtime_call StubRoutines (2)}
  0x000014dd98e23e78: 7405 e821 

  0x000014dd98e23e7c: ;   {metadata(method data for {method} {0x000000080008f6d8} 'put' '(Ljava/lang/Object;Ljava/lang/Object;)Ljava/lang/Object;' in 'java/util/HashMap')}
  0x000014dd98e23e7c: d155 0748 | bf28 3101 | 50dd 1400 | 008b 9ff4 | 0000 0083 | c302 899f | f400 0000 | 81e3 fe07 
  0x000014dd98e23e9c: 0000 83fb | 000f 84b3 

  0x000014dd98e23ea4: ;   {metadata(method data for {method} {0x000000080008f6d8} 'put' '(Ljava/lang/Object;Ljava/lang/Object;)Ljava/lang/Object;' in 'java/util/HashMap')}
  0x000014dd98e23ea4: 0100 0048 | bf28 3101 | 50dd 1400 | 0048 8387 | 3801 0000 

  0x000014dd98e23eb8: ;   {metadata(method data for {method} {0x00000008004048a0} 'hash' '(Ljava/lang/Object;)I' in 'java/util/HashMap')}
  0x000014dd98e23eb8: 0148 bff0 | 0f01 50dd | 1400 008b | 9ff4 0000 | 0083 c302 | 899f f400 | 0000 81e3 | feff 1f00 
  0x000014dd98e23ed8: 83fb 000f | 849a 0100 | 0048 83fa 

  0x000014dd98e23ee4: ;   {metadata(method data for {method} {0x00000008004048a0} 'hash' '(Ljava/lang/Object;)I' in 'java/util/HashMap')}
  0x000014dd98e23ee4: 0048 bff0 | 0f01 50dd | 1400 0048 | bb38 0100 | 0000 0000 | 000f 850a | 0000 0048 | bb48 0100 
  0x000014dd98e23f04: 0000 0000 | 0048 8b04 | 1f48 8d40 | 0148 8904 | 1f0f 8529 

  0x000014dd98e23f18: ;   {metadata(method data for {method} {0x00000008004048a0} 'hash' '(Ljava/lang/Object;)I' in 'java/util/HashMap')}
  0x000014dd98e23f18: 0000 0048 | bff0 0f01 | 50dd 1400 | 00ff 8758 | 0100 00bf | 0000 0000 | 4889 4c24 | 6848 8954 
  0x000014dd98e23f38: 2460 4889 | 7424 58e9 | c400 0000 | 4889 4c24 | 6848 8974 | 2458 483b | 0248 8bfa 

  0x000014dd98e23f54: ;   {metadata(method data for {method} {0x00000008004048a0} 'hash' '(Ljava/lang/Object;)I' in 'java/util/HashMap')}
  0x000014dd98e23f54: 48bb f00f | 0150 dd14 | 0000 8b7f | 0849 ba00 | 0000 0008 | 0000 0049 | 03fa 483b | bb80 0100 
  0x000014dd98e23f74: 0075 0d48 | 8383 8801 | 0000 01e9 | 6000 0000 | 483b bb90 | 0100 0075 | 0d48 8383 | 9801 0000 
  0x000014dd98e23f94: 01e9 4a00 | 0000 4883 | bb80 0100 | 0000 7517 | 4889 bb80 | 0100 0048 | c783 8801 | 0000 0100 
  0x000014dd98e23fb4: 0000 e929 | 0000 0048 | 83bb 9001 | 0000 0075 | 1748 89bb | 9001 0000 | 48c7 8398 | 0100 0001 
  0x000014dd98e23fd4: 0000 00e9 | 0800 0000 | 4883 8370 | 0100 0001 | 488b f248 | 8954 2460 | 9048 b830 | eb00 0008 
  0x000014dd98e23ff4: ;   {virtual_call}
  0x000014dd98e23ff4: 0000 00e8 

  0x000014dd98e23ff8: ; ImmutableOopMap {[88]=Oop [96]=Oop [104]=Oop }
                      ;*invokevirtual hashCode {reexecute=0 rethrow=0 return_oop=0}
                      ; - java.util.HashMap::hash@9 (line 338)
                      ; - java.util.HashMap::put@2 (line 618)
  0x000014dd98e23ff8: 6444 5707 | 488b d0c1 | ea10 4833 | d048 8bfa | 4c8b 4424 | 6848 8b4c | 2460 488b | 7424 5848 
  0x000014dd98e24018: ;   {metadata(method data for {method} {0x000000080008f6d8} 'put' '(Ljava/lang/Object;Ljava/lang/Object;)Ljava/lang/Object;' in 'java/util/HashMap')}
  0x000014dd98e24018: 8bd6 49b9 | 2831 0150 | dd14 0000 | 4983 8148 | 0100 0001 | 488b d741 | b900 0000 | 00bf 0100 
  0x000014dd98e24038: 0000 0f1f 

  0x000014dd98e2403c: ;   {optimized virtual_call}
  0x000014dd98e2403c: 4400 00e8 

  0x000014dd98e24040: ; ImmutableOopMap {}
                      ;*invokevirtual putVal {reexecute=0 rethrow=0 return_oop=0}
                      ; - java.util.HashMap::put@9 (line 618)
  0x000014dd98e24040: 7ce5 ffff | 4881 c480 | 0000 005d 

  0x000014dd98e2404c: ;   {poll_return}
  0x000014dd98e2404c: 493b a778 | 0300 000f | 8748 0000 

  0x000014dd98e24058: ;   {metadata({method} {0x000000080008f6d8} 'put' '(Ljava/lang/Object;Ljava/lang/Object;)Ljava/lang/Object;' in 'java/util/HashMap')}
  0x000014dd98e24058: 00c3 49ba | d8f6 0800 | 0800 0000 | 4c89 5424 | 0848 c704 | 24ff ffff 

  0x000014dd98e24070: ;   {runtime_call counter_overflow Runtime1 stub}
  0x000014dd98e24070: ffe8 0a02 

  0x000014dd98e24074: ; ImmutableOopMap {rsi=Oop rdx=Oop rcx=Oop }
                      ;*synchronization entry
                      ; - java.util.HashMap::put@-1 (line 618)
  0x000014dd98e24074: 6407 e92c 

  0x000014dd98e24078: ;   {metadata({method} {0x00000008004048a0} 'hash' '(Ljava/lang/Object;)I' in 'java/util/HashMap')}
  0x000014dd98e24078: feff ff49 | baa0 4840 | 0008 0000 | 004c 8954 | 2408 48c7 | 0424 ffff 

  0x000014dd98e24090: ;   {runtime_call counter_overflow Runtime1 stub}
  0x000014dd98e24090: ffff e8e9 

  0x000014dd98e24094: ; ImmutableOopMap {rsi=Oop rdx=Oop rcx=Oop }
                      ;*synchronization entry
                      ; - java.util.HashMap::hash@-1 (line 338)
                      ; - java.util.HashMap::put@2 (line 618)
  0x000014dd98e24094: 0164 07e9 | 45fe ffff 

  0x000014dd98e2409c: ;   {runtime_call throw_null_pointer_exception Runtime1 stub}
  0x000014dd98e2409c: e85f c05a 

  0x000014dd98e240a0: ; ImmutableOopMap {rdx=Oop [88]=Oop [104]=Oop }
                      ;*invokevirtual hashCode {reexecute=0 rethrow=0 return_oop=0}
                      ; - java.util.HashMap::hash@9 (line 338)
                      ; - java.util.HashMap::put@2 (line 618)
                      ;   {internal_word}
  0x000014dd98e240a0: 0749 ba4c | 40e2 98dd | 1400 004d | 8997 9003 

  0x000014dd98e240b0: ;   {runtime_call SafepointBlob}
  0x000014dd98e240b0: 0000 e9c9 | e157 0749 | 8b87 2804 | 0000 49c7 | 8728 0400 | 0000 0000 | 0049 c787 | 3004 0000 
  0x000014dd98e240d0: 0000 0000 | 4881 c480 | 0000 005d 

  0x000014dd98e240dc: ;   {runtime_call unwind_exception Runtime1 stub}
  0x000014dd98e240dc: e99f e95a | 07f4 f4f4 | f4f4 f4f4 
[Stub Code]
  0x000014dd98e240e8: ;   {no_reloc}
  0x000014dd98e240e8: 0f1f 4400 

  0x000014dd98e240ec: ;   {static_stub}
  0x000014dd98e240ec: 0048 bb00 | 0000 0000 

  0x000014dd98e240f4: ;   {runtime_call}
  0x000014dd98e240f4: 0000 00e9 | fbff ffff 
[Exception Handler]
  0x000014dd98e240fc: ;   {runtime_call handle_exception_from_callee Runtime1 stub}
  0x000014dd98e240fc: e8ff c25a 

  0x000014dd98e24100: ;   {external_word}
  0x000014dd98e24100: 0748 bf90 | d2ff b6dd | 1400 0048 

  0x000014dd98e2410c: ;   {runtime_call MacroAssembler::debug64(char*, long, long*)}
  0x000014dd98e2410c: 83e4 f0e8 | 7ca5 de1d 

  0x000014dd98e24114: ;   {section_word}
  0x000014dd98e24114: f449 ba15 | 41e2 98dd | 1400 0041 

  0x000014dd98e24120: ;   {runtime_call DeoptimizationBlob}
  0x000014dd98e24120: 52e9 fad3 

  0x000014dd98e24124: ;   {static_stub}
  0x000014dd98e24124: 5707 48bb | 0000 0000 | 0000 0000 

  0x000014dd98e24130: ;   {runtime_call}
  0x000014dd98e24130: e9fb ffff | fff4 f4f4 
[/MachCode]


---------------  P R O C E S S  ---------------

Threads class SMR info:
_java_thread_list=0x000014ddb016f700, length=10, elements={
0x000014ddb002c9a0, 0x000014ddb011e860, 0x000014ddb011fda0, 0x000014ddb0121770,
0x000014ddb0122c10, 0x000014ddb01240a0, 0x000014ddb0125ad0, 0x000014ddb0127080,
0x000014ddb016c1c0, 0x000014ddb016e6b0
}

Java Threads: ( => current thread )
=>0x000014ddb002c9a0 JavaThread "main" [_thread_in_Java, id=1130430, stack(0x000014ddb5f86000,0x000014ddb6086000)]
  0x000014ddb011e860 JavaThread "Reference Handler" daemon [_thread_blocked, id=1130437, stack(0x000014ddb4574000,0x000014ddb4674000)]
  0x000014ddb011fda0 JavaThread "Finalizer" daemon [_thread_blocked, id=1130438, stack(0x000014ddb4474000,0x000014ddb4574000)]
  0x000014ddb0121770 JavaThread "Signal Dispatcher" daemon [_thread_blocked, id=1130439, stack(0x000014ddb4374000,0x000014ddb4474000)]
  0x000014ddb0122c10 JavaThread "Service Thread" daemon [_thread_blocked, id=1130440, stack(0x000014ddb4274000,0x000014ddb4374000)]
  0x000014ddb01240a0 JavaThread "Monitor Deflation Thread" daemon [_thread_blocked, id=1130441, stack(0x000014ddb4174000,0x000014ddb4274000)]
  0x000014ddb0125ad0 JavaThread "C2 CompilerThread0" daemon [_thread_blocked, id=1130442, stack(0x000014ddb4074000,0x000014ddb4174000)]
  0x000014ddb0127080 JavaThread "C1 CompilerThread0" daemon [_thread_blocked, id=1130443, stack(0x000014dd8dc00000,0x000014dd8dd00000)]
  0x000014ddb016c1c0 JavaThread "Common-Cleaner" daemon [_thread_blocked, id=1130444, stack(0x000014dd70300000,0x000014dd70400000)]
  0x000014ddb016e6b0 JavaThread "Notification Thread" daemon [_thread_blocked, id=1130445, stack(0x000014dd70200000,0x000014dd70300000)]

Other Threads:
  0x000014ddb010f2e0 VMThread "VM Thread" [stack: 0x000014ddb46cb000,0x000014ddb47cb000] [id=1130436]
  0x000014ddb0170410 WatcherThread "VM Periodic Task Thread" [stack: 0x000014dd70100000,0x000014dd70200000] [id=1130446]
  0x000014ddb005f550 WorkerThread "GC Thread#0" [stack: 0x000014ddb4fc4000,0x000014ddb50c4000] [id=1130431]
  0x000014ddb006f710 ConcurrentGCThread "G1 Main Marker" [stack: 0x000014ddb4ec2000,0x000014ddb4fc2000] [id=1130432]
  0x000014ddb0070640 WorkerThread "G1 Conc#0" [stack: 0x000014ddb4dc0000,0x000014ddb4ec0000] [id=1130433]
  0x000014ddb00e5630 ConcurrentGCThread "G1 Refine#0" [stack: 0x000014ddb4abc000,0x000014ddb4bbc000] [id=1130434]
  0x000014ddb00e6580 ConcurrentGCThread "G1 Service" [stack: 0x000014ddb49ba000,0x000014ddb4aba000] [id=1130435]

Threads with active compile tasks:

VM state: not at safepoint (normal execution)

VM Mutex/Monitor currently owned by a thread: None

Heap address: 0x00000000a0000000, size: 30208 MB, Compressed Oops mode: Zero based, Oop shift amount: 3

CDS archive(s) mapped at: [0x0000000800000000-0x0000000800c75000-0x0000000800c75000), size 13062144, SharedBaseAddress: 0x0000000800000000, ArchiveRelocationMode: 0.
Compressed class space mapped at: 0x0000000801000000-0x0000000841000000, reserved size: 1073741824
Narrow klass base: 0x0000000800000000, Narrow klass shift: 0, Narrow klass range: 0x100000000

GC Precious Log:
 CardTable entry size: 512
 Card Set container configuration: InlinePtr #cards 3 size 8 Array Of Cards #cards 128 size 272 Howl #buckets 8 coarsen threshold 29491 Howl Bitmap #cards 4096 size 528 coarsen threshold 3686 Card regions per heap region 1 cards per card region 32768
 CPUs: 28 total, 2 available
 Memory: 251G
 Large Page Support: Disabled
 NUMA Support: Disabled
 Compressed Oops: Enabled (Zero based)
 Heap Region Size: 16M
 Heap Min Capacity: 16M
 Heap Initial Capacity: 2G
 Heap Max Capacity: 30208M
 Pre-touch: Disabled
 Parallel Workers: 2
 Concurrent Workers: 1
 Concurrent Refinement Workers: 2
 Periodic GC: Disabled

Heap:
 garbage-first heap   total 2129920K, used 16364K [0x00000000a0000000, 0x0000000800000000)
  region size 16384K, 1 young (16384K), 0 survivors (0K)
 Metaspace       used 322K, committed 448K, reserved 1114112K
  class space    used 16K, committed 128K, reserved 1048576K

Heap Regions: E=young(eden), S=young(survivor), O=old, HS=humongous(starts), HC=humongous(continues), CS=collection set, F=free, OA=open archive, CA=closed archive, TAMS=top-at-mark-start, PB=parsable bottom
|   0|0x00000000a0000000, 0x00000000a0000000, 0x00000000a1000000|  0%| F|  |TAMS 0x00000000a0000000| PB 0x00000000a0000000| Untracked 
|   1|0x00000000a1000000, 0x00000000a1000000, 0x00000000a2000000|  0%| F|  |TAMS 0x00000000a1000000| PB 0x00000000a1000000| Untracked 
|   2|0x00000000a2000000, 0x00000000a2000000, 0x00000000a3000000|  0%| F|  |TAMS 0x00000000a2000000| PB 0x00000000a2000000| Untracked 
|   3|0x00000000a3000000, 0x00000000a3000000, 0x00000000a4000000|  0%| F|  |TAMS 0x00000000a3000000| PB 0x00000000a3000000| Untracked 
|   4|0x00000000a4000000, 0x00000000a4000000, 0x00000000a5000000|  0%| F|  |TAMS 0x00000000a4000000| PB 0x00000000a4000000| Untracked 
|   5|0x00000000a5000000, 0x00000000a5000000, 0x00000000a6000000|  0%| F|  |TAMS 0x00000000a5000000| PB 0x00000000a5000000| Untracked 
|   6|0x00000000a6000000, 0x00000000a6000000, 0x00000000a7000000|  0%| F|  |TAMS 0x00000000a6000000| PB 0x00000000a6000000| Untracked 
|   7|0x00000000a7000000, 0x00000000a7000000, 0x00000000a8000000|  0%| F|  |TAMS 0x00000000a7000000| PB 0x00000000a7000000| Untracked 
|   8|0x00000000a8000000, 0x00000000a8000000, 0x00000000a9000000|  0%| F|  |TAMS 0x00000000a8000000| PB 0x00000000a8000000| Untracked 
|   9|0x00000000a9000000, 0x00000000a9000000, 0x00000000aa000000|  0%| F|  |TAMS 0x00000000a9000000| PB 0x00000000a9000000| Untracked 
|  10|0x00000000aa000000, 0x00000000aa000000, 0x00000000ab000000|  0%| F|  |TAMS 0x00000000aa000000| PB 0x00000000aa000000| Untracked 
|  11|0x00000000ab000000, 0x00000000ab000000, 0x00000000ac000000|  0%| F|  |TAMS 0x00000000ab000000| PB 0x00000000ab000000| Untracked 
|  12|0x00000000ac000000, 0x00000000ac000000, 0x00000000ad000000|  0%| F|  |TAMS 0x00000000ac000000| PB 0x00000000ac000000| Untracked 
|  13|0x00000000ad000000, 0x00000000ad000000, 0x00000000ae000000|  0%| F|  |TAMS 0x00000000ad000000| PB 0x00000000ad000000| Untracked 
|  14|0x00000000ae000000, 0x00000000ae000000, 0x00000000af000000|  0%| F|  |TAMS 0x00000000ae000000| PB 0x00000000ae000000| Untracked 
|  15|0x00000000af000000, 0x00000000af000000, 0x00000000b0000000|  0%| F|  |TAMS 0x00000000af000000| PB 0x00000000af000000| Untracked 
|  16|0x00000000b0000000, 0x00000000b0000000, 0x00000000b1000000|  0%| F|  |TAMS 0x00000000b0000000| PB 0x00000000b0000000| Untracked 
|  17|0x00000000b1000000, 0x00000000b1000000, 0x00000000b2000000|  0%| F|  |TAMS 0x00000000b1000000| PB 0x00000000b1000000| Untracked 
|  18|0x00000000b2000000, 0x00000000b2000000, 0x00000000b3000000|  0%| F|  |TAMS 0x00000000b2000000| PB 0x00000000b2000000| Untracked 
|  19|0x00000000b3000000, 0x00000000b3000000, 0x00000000b4000000|  0%| F|  |TAMS 0x00000000b3000000| PB 0x00000000b3000000| Untracked 
|  20|0x00000000b4000000, 0x00000000b4000000, 0x00000000b5000000|  0%| F|  |TAMS 0x00000000b4000000| PB 0x00000000b4000000| Untracked 
|  21|0x00000000b5000000, 0x00000000b5000000, 0x00000000b6000000|  0%| F|  |TAMS 0x00000000b5000000| PB 0x00000000b5000000| Untracked 
|  22|0x00000000b6000000, 0x00000000b6000000, 0x00000000b7000000|  0%| F|  |TAMS 0x00000000b6000000| PB 0x00000000b6000000| Untracked 
|  23|0x00000000b7000000, 0x00000000b7000000, 0x00000000b8000000|  0%| F|  |TAMS 0x00000000b7000000| PB 0x00000000b7000000| Untracked 
|  24|0x00000000b8000000, 0x00000000b8000000, 0x00000000b9000000|  0%| F|  |TAMS 0x00000000b8000000| PB 0x00000000b8000000| Untracked 
|  25|0x00000000b9000000, 0x00000000b9000000, 0x00000000ba000000|  0%| F|  |TAMS 0x00000000b9000000| PB 0x00000000b9000000| Untracked 
|  26|0x00000000ba000000, 0x00000000ba000000, 0x00000000bb000000|  0%| F|  |TAMS 0x00000000ba000000| PB 0x00000000ba000000| Untracked 
|  27|0x00000000bb000000, 0x00000000bb000000, 0x00000000bc000000|  0%| F|  |TAMS 0x00000000bb000000| PB 0x00000000bb000000| Untracked 
|  28|0x00000000bc000000, 0x00000000bc000000, 0x00000000bd000000|  0%| F|  |TAMS 0x00000000bc000000| PB 0x00000000bc000000| Untracked 
|  29|0x00000000bd000000, 0x00000000bd000000, 0x00000000be000000|  0%| F|  |TAMS 0x00000000bd000000| PB 0x00000000bd000000| Untracked 
|  30|0x00000000be000000, 0x00000000be000000, 0x00000000bf000000|  0%| F|  |TAMS 0x00000000be000000| PB 0x00000000be000000| Untracked 
|  31|0x00000000bf000000, 0x00000000bf000000, 0x00000000c0000000|  0%| F|  |TAMS 0x00000000bf000000| PB 0x00000000bf000000| Untracked 
|  32|0x00000000c0000000, 0x00000000c0000000, 0x00000000c1000000|  0%| F|  |TAMS 0x00000000c0000000| PB 0x00000000c0000000| Untracked 
|  33|0x00000000c1000000, 0x00000000c1000000, 0x00000000c2000000|  0%| F|  |TAMS 0x00000000c1000000| PB 0x00000000c1000000| Untracked 
|  34|0x00000000c2000000, 0x00000000c2000000, 0x00000000c3000000|  0%| F|  |TAMS 0x00000000c2000000| PB 0x00000000c2000000| Untracked 
|  35|0x00000000c3000000, 0x00000000c3000000, 0x00000000c4000000|  0%| F|  |TAMS 0x00000000c3000000| PB 0x00000000c3000000| Untracked 
|  36|0x00000000c4000000, 0x00000000c4000000, 0x00000000c5000000|  0%| F|  |TAMS 0x00000000c4000000| PB 0x00000000c4000000| Untracked 
|  37|0x00000000c5000000, 0x00000000c5000000, 0x00000000c6000000|  0%| F|  |TAMS 0x00000000c5000000| PB 0x00000000c5000000| Untracked 
|  38|0x00000000c6000000, 0x00000000c6000000, 0x00000000c7000000|  0%| F|  |TAMS 0x00000000c6000000| PB 0x00000000c6000000| Untracked 
|  39|0x00000000c7000000, 0x00000000c7000000, 0x00000000c8000000|  0%| F|  |TAMS 0x00000000c7000000| PB 0x00000000c7000000| Untracked 
|  40|0x00000000c8000000, 0x00000000c8000000, 0x00000000c9000000|  0%| F|  |TAMS 0x00000000c8000000| PB 0x00000000c8000000| Untracked 
|  41|0x00000000c9000000, 0x00000000c9000000, 0x00000000ca000000|  0%| F|  |TAMS 0x00000000c9000000| PB 0x00000000c9000000| Untracked 
|  42|0x00000000ca000000, 0x00000000ca000000, 0x00000000cb000000|  0%| F|  |TAMS 0x00000000ca000000| PB 0x00000000ca000000| Untracked 
|  43|0x00000000cb000000, 0x00000000cb000000, 0x00000000cc000000|  0%| F|  |TAMS 0x00000000cb000000| PB 0x00000000cb000000| Untracked 
|  44|0x00000000cc000000, 0x00000000cc000000, 0x00000000cd000000|  0%| F|  |TAMS 0x00000000cc000000| PB 0x00000000cc000000| Untracked 
|  45|0x00000000cd000000, 0x00000000cd000000, 0x00000000ce000000|  0%| F|  |TAMS 0x00000000cd000000| PB 0x00000000cd000000| Untracked 
|  46|0x00000000ce000000, 0x00000000ce000000, 0x00000000cf000000|  0%| F|  |TAMS 0x00000000ce000000| PB 0x00000000ce000000| Untracked 
|  47|0x00000000cf000000, 0x00000000cf000000, 0x00000000d0000000|  0%| F|  |TAMS 0x00000000cf000000| PB 0x00000000cf000000| Untracked 
|  48|0x00000000d0000000, 0x00000000d0000000, 0x00000000d1000000|  0%| F|  |TAMS 0x00000000d0000000| PB 0x00000000d0000000| Untracked 
|  49|0x00000000d1000000, 0x00000000d1000000, 0x00000000d2000000|  0%| F|  |TAMS 0x00000000d1000000| PB 0x00000000d1000000| Untracked 
|  50|0x00000000d2000000, 0x00000000d2000000, 0x00000000d3000000|  0%| F|  |TAMS 0x00000000d2000000| PB 0x00000000d2000000| Untracked 
|  51|0x00000000d3000000, 0x00000000d3000000, 0x00000000d4000000|  0%| F|  |TAMS 0x00000000d3000000| PB 0x00000000d3000000| Untracked 
|  52|0x00000000d4000000, 0x00000000d4000000, 0x00000000d5000000|  0%| F|  |TAMS 0x00000000d4000000| PB 0x00000000d4000000| Untracked 
|  53|0x00000000d5000000, 0x00000000d5000000, 0x00000000d6000000|  0%| F|  |TAMS 0x00000000d5000000| PB 0x00000000d5000000| Untracked 
|  54|0x00000000d6000000, 0x00000000d6000000, 0x00000000d7000000|  0%| F|  |TAMS 0x00000000d6000000| PB 0x00000000d6000000| Untracked 
|  55|0x00000000d7000000, 0x00000000d7000000, 0x00000000d8000000|  0%| F|  |TAMS 0x00000000d7000000| PB 0x00000000d7000000| Untracked 
|  56|0x00000000d8000000, 0x00000000d8000000, 0x00000000d9000000|  0%| F|  |TAMS 0x00000000d8000000| PB 0x00000000d8000000| Untracked 
|  57|0x00000000d9000000, 0x00000000d9000000, 0x00000000da000000|  0%| F|  |TAMS 0x00000000d9000000| PB 0x00000000d9000000| Untracked 
|  58|0x00000000da000000, 0x00000000da000000, 0x00000000db000000|  0%| F|  |TAMS 0x00000000da000000| PB 0x00000000da000000| Untracked 
|  59|0x00000000db000000, 0x00000000db000000, 0x00000000dc000000|  0%| F|  |TAMS 0x00000000db000000| PB 0x00000000db000000| Untracked 
|  60|0x00000000dc000000, 0x00000000dc000000, 0x00000000dd000000|  0%| F|  |TAMS 0x00000000dc000000| PB 0x00000000dc000000| Untracked 
|  61|0x00000000dd000000, 0x00000000dd000000, 0x00000000de000000|  0%| F|  |TAMS 0x00000000dd000000| PB 0x00000000dd000000| Untracked 
|  62|0x00000000de000000, 0x00000000de000000, 0x00000000df000000|  0%| F|  |TAMS 0x00000000de000000| PB 0x00000000de000000| Untracked 
|  63|0x00000000df000000, 0x00000000df000000, 0x00000000e0000000|  0%| F|  |TAMS 0x00000000df000000| PB 0x00000000df000000| Untracked 
|  64|0x00000000e0000000, 0x00000000e0000000, 0x00000000e1000000|  0%| F|  |TAMS 0x00000000e0000000| PB 0x00000000e0000000| Untracked 
|  65|0x00000000e1000000, 0x00000000e1000000, 0x00000000e2000000|  0%| F|  |TAMS 0x00000000e1000000| PB 0x00000000e1000000| Untracked 
|  66|0x00000000e2000000, 0x00000000e2000000, 0x00000000e3000000|  0%| F|  |TAMS 0x00000000e2000000| PB 0x00000000e2000000| Untracked 
|  67|0x00000000e3000000, 0x00000000e3000000, 0x00000000e4000000|  0%| F|  |TAMS 0x00000000e3000000| PB 0x00000000e3000000| Untracked 
|  68|0x00000000e4000000, 0x00000000e4000000, 0x00000000e5000000|  0%| F|  |TAMS 0x00000000e4000000| PB 0x00000000e4000000| Untracked 
|  69|0x00000000e5000000, 0x00000000e5000000, 0x00000000e6000000|  0%| F|  |TAMS 0x00000000e5000000| PB 0x00000000e5000000| Untracked 
|  70|0x00000000e6000000, 0x00000000e6000000, 0x00000000e7000000|  0%| F|  |TAMS 0x00000000e6000000| PB 0x00000000e6000000| Untracked 
|  71|0x00000000e7000000, 0x00000000e7000000, 0x00000000e8000000|  0%| F|  |TAMS 0x00000000e7000000| PB 0x00000000e7000000| Untracked 
|  72|0x00000000e8000000, 0x00000000e8000000, 0x00000000e9000000|  0%| F|  |TAMS 0x00000000e8000000| PB 0x00000000e8000000| Untracked 
|  73|0x00000000e9000000, 0x00000000e9000000, 0x00000000ea000000|  0%| F|  |TAMS 0x00000000e9000000| PB 0x00000000e9000000| Untracked 
|  74|0x00000000ea000000, 0x00000000ea000000, 0x00000000eb000000|  0%| F|  |TAMS 0x00000000ea000000| PB 0x00000000ea000000| Untracked 
|  75|0x00000000eb000000, 0x00000000eb000000, 0x00000000ec000000|  0%| F|  |TAMS 0x00000000eb000000| PB 0x00000000eb000000| Untracked 
|  76|0x00000000ec000000, 0x00000000ec000000, 0x00000000ed000000|  0%| F|  |TAMS 0x00000000ec000000| PB 0x00000000ec000000| Untracked 
|  77|0x00000000ed000000, 0x00000000ed000000, 0x00000000ee000000|  0%| F|  |TAMS 0x00000000ed000000| PB 0x00000000ed000000| Untracked 
|  78|0x00000000ee000000, 0x00000000ee000000, 0x00000000ef000000|  0%| F|  |TAMS 0x00000000ee000000| PB 0x00000000ee000000| Untracked 
|  79|0x00000000ef000000, 0x00000000ef000000, 0x00000000f0000000|  0%| F|  |TAMS 0x00000000ef000000| PB 0x00000000ef000000| Untracked 
|  80|0x00000000f0000000, 0x00000000f0000000, 0x00000000f1000000|  0%| F|  |TAMS 0x00000000f0000000| PB 0x00000000f0000000| Untracked 
|  81|0x00000000f1000000, 0x00000000f1000000, 0x00000000f2000000|  0%| F|  |TAMS 0x00000000f1000000| PB 0x00000000f1000000| Untracked 
|  82|0x00000000f2000000, 0x00000000f2000000, 0x00000000f3000000|  0%| F|  |TAMS 0x00000000f2000000| PB 0x00000000f2000000| Untracked 
|  83|0x00000000f3000000, 0x00000000f3000000, 0x00000000f4000000|  0%| F|  |TAMS 0x00000000f3000000| PB 0x00000000f3000000| Untracked 
|  84|0x00000000f4000000, 0x00000000f4000000, 0x00000000f5000000|  0%| F|  |TAMS 0x00000000f4000000| PB 0x00000000f4000000| Untracked 
|  85|0x00000000f5000000, 0x00000000f5000000, 0x00000000f6000000|  0%| F|  |TAMS 0x00000000f5000000| PB 0x00000000f5000000| Untracked 
|  86|0x00000000f6000000, 0x00000000f6000000, 0x00000000f7000000|  0%| F|  |TAMS 0x00000000f6000000| PB 0x00000000f6000000| Untracked 
|  87|0x00000000f7000000, 0x00000000f7000000, 0x00000000f8000000|  0%| F|  |TAMS 0x00000000f7000000| PB 0x00000000f7000000| Untracked 
|  88|0x00000000f8000000, 0x00000000f8000000, 0x00000000f9000000|  0%| F|  |TAMS 0x00000000f8000000| PB 0x00000000f8000000| Untracked 
|  89|0x00000000f9000000, 0x00000000f9000000, 0x00000000fa000000|  0%| F|  |TAMS 0x00000000f9000000| PB 0x00000000f9000000| Untracked 
|  90|0x00000000fa000000, 0x00000000fa000000, 0x00000000fb000000|  0%| F|  |TAMS 0x00000000fa000000| PB 0x00000000fa000000| Untracked 
|  91|0x00000000fb000000, 0x00000000fb000000, 0x00000000fc000000|  0%| F|  |TAMS 0x00000000fb000000| PB 0x00000000fb000000| Untracked 
|  92|0x00000000fc000000, 0x00000000fc000000, 0x00000000fd000000|  0%| F|  |TAMS 0x00000000fc000000| PB 0x00000000fc000000| Untracked 
|  93|0x00000000fd000000, 0x00000000fd000000, 0x00000000fe000000|  0%| F|  |TAMS 0x00000000fd000000| PB 0x00000000fd000000| Untracked 
|  94|0x00000000fe000000, 0x00000000fe000000, 0x00000000ff000000|  0%| F|  |TAMS 0x00000000fe000000| PB 0x00000000fe000000| Untracked 
|  95|0x00000000ff000000, 0x00000000ff000000, 0x0000000100000000|  0%| F|  |TAMS 0x00000000ff000000| PB 0x00000000ff000000| Untracked 
|  96|0x0000000100000000, 0x0000000100000000, 0x0000000101000000|  0%| F|  |TAMS 0x0000000100000000| PB 0x0000000100000000| Untracked 
|  97|0x0000000101000000, 0x0000000101000000, 0x0000000102000000|  0%| F|  |TAMS 0x0000000101000000| PB 0x0000000101000000| Untracked 
|  98|0x0000000102000000, 0x0000000102000000, 0x0000000103000000|  0%| F|  |TAMS 0x0000000102000000| PB 0x0000000102000000| Untracked 
|  99|0x0000000103000000, 0x0000000103000000, 0x0000000104000000|  0%| F|  |TAMS 0x0000000103000000| PB 0x0000000103000000| Untracked 
| 100|0x0000000104000000, 0x0000000104000000, 0x0000000105000000|  0%| F|  |TAMS 0x0000000104000000| PB 0x0000000104000000| Untracked 
| 101|0x0000000105000000, 0x0000000105000000, 0x0000000106000000|  0%| F|  |TAMS 0x0000000105000000| PB 0x0000000105000000| Untracked 
| 102|0x0000000106000000, 0x0000000106000000, 0x0000000107000000|  0%| F|  |TAMS 0x0000000106000000| PB 0x0000000106000000| Untracked 
| 103|0x0000000107000000, 0x0000000107000000, 0x0000000108000000|  0%| F|  |TAMS 0x0000000107000000| PB 0x0000000107000000| Untracked 
| 104|0x0000000108000000, 0x0000000108000000, 0x0000000109000000|  0%| F|  |TAMS 0x0000000108000000| PB 0x0000000108000000| Untracked 
| 105|0x0000000109000000, 0x0000000109000000, 0x000000010a000000|  0%| F|  |TAMS 0x0000000109000000| PB 0x0000000109000000| Untracked 
| 106|0x000000010a000000, 0x000000010a000000, 0x000000010b000000|  0%| F|  |TAMS 0x000000010a000000| PB 0x000000010a000000| Untracked 
| 107|0x000000010b000000, 0x000000010b000000, 0x000000010c000000|  0%| F|  |TAMS 0x000000010b000000| PB 0x000000010b000000| Untracked 
| 108|0x000000010c000000, 0x000000010c000000, 0x000000010d000000|  0%| F|  |TAMS 0x000000010c000000| PB 0x000000010c000000| Untracked 
| 109|0x000000010d000000, 0x000000010d000000, 0x000000010e000000|  0%| F|  |TAMS 0x000000010d000000| PB 0x000000010d000000| Untracked 
| 110|0x000000010e000000, 0x000000010e000000, 0x000000010f000000|  0%| F|  |TAMS 0x000000010e000000| PB 0x000000010e000000| Untracked 
| 111|0x000000010f000000, 0x000000010f000000, 0x0000000110000000|  0%| F|  |TAMS 0x000000010f000000| PB 0x000000010f000000| Untracked 
| 112|0x0000000110000000, 0x0000000110000000, 0x0000000111000000|  0%| F|  |TAMS 0x0000000110000000| PB 0x0000000110000000| Untracked 
| 113|0x0000000111000000, 0x0000000111000000, 0x0000000112000000|  0%| F|  |TAMS 0x0000000111000000| PB 0x0000000111000000| Untracked 
| 114|0x0000000112000000, 0x0000000112000000, 0x0000000113000000|  0%| F|  |TAMS 0x0000000112000000| PB 0x0000000112000000| Untracked 
| 115|0x0000000113000000, 0x0000000113000000, 0x0000000114000000|  0%| F|  |TAMS 0x0000000113000000| PB 0x0000000113000000| Untracked 
| 116|0x0000000114000000, 0x0000000114000000, 0x0000000115000000|  0%| F|  |TAMS 0x0000000114000000| PB 0x0000000114000000| Untracked 
| 117|0x0000000115000000, 0x0000000115000000, 0x0000000116000000|  0%| F|  |TAMS 0x0000000115000000| PB 0x0000000115000000| Untracked 
| 118|0x0000000116000000, 0x0000000116000000, 0x0000000117000000|  0%| F|  |TAMS 0x0000000116000000| PB 0x0000000116000000| Untracked 
| 119|0x0000000117000000, 0x0000000117000000, 0x0000000118000000|  0%| F|  |TAMS 0x0000000117000000| PB 0x0000000117000000| Untracked 
| 120|0x0000000118000000, 0x0000000118000000, 0x0000000119000000|  0%| F|  |TAMS 0x0000000118000000| PB 0x0000000118000000| Untracked 
| 121|0x0000000119000000, 0x0000000119000000, 0x000000011a000000|  0%| F|  |TAMS 0x0000000119000000| PB 0x0000000119000000| Untracked 
| 122|0x000000011a000000, 0x000000011a000000, 0x000000011b000000|  0%| F|  |TAMS 0x000000011a000000| PB 0x000000011a000000| Untracked 
| 123|0x000000011b000000, 0x000000011b000000, 0x000000011c000000|  0%| F|  |TAMS 0x000000011b000000| PB 0x000000011b000000| Untracked 
| 124|0x000000011c000000, 0x000000011c000000, 0x000000011d000000|  0%| F|  |TAMS 0x000000011c000000| PB 0x000000011c000000| Untracked 
| 125|0x000000011d000000, 0x000000011d000000, 0x000000011e000000|  0%| F|  |TAMS 0x000000011d000000| PB 0x000000011d000000| Untracked 
| 126|0x000000011e000000, 0x000000011e000000, 0x000000011f000000|  0%| F|  |TAMS 0x000000011e000000| PB 0x000000011e000000| Untracked 
| 127|0x000000011f000000, 0x000000011f9b5710, 0x0000000120000000| 60%| E|  |TAMS 0x000000011f000000| PB 0x000000011f000000| Complete 
|1886|0x00000007fe000000, 0x00000007fef79000, 0x00000007ff000000| 96%|OA|  |TAMS 0x00000007fe000000| PB 0x00000007fe000000| Untracked 
|1887|0x00000007ff000000, 0x00000007ff082000, 0x0000000800000000|  3%|CA|  |TAMS 0x00000007ff000000| PB 0x00000007ff000000| Untracked 

Card table byte_map: [0x000014dd91800000,0x000014dd95300000] _byte_map_base: 0x000014dd91300000

Marking Bits: (CMBitMap*) 0x000014ddb005fff0
 Bits: [0x000014dd70400000, 0x000014dd8dc00000)

Polling page: 0x000014ddb775e000

Metaspace:

Usage:
  Non-class:    305.95 KB used.
      Class:     16.38 KB used.
       Both:    322.33 KB used.

Virtual space:
  Non-class space:       64.00 MB reserved,     320.00 KB ( <1%) committed,  1 nodes.
      Class space:        1.00 GB reserved,     128.00 KB ( <1%) committed,  1 nodes.
             Both:        1.06 GB reserved,     448.00 KB ( <1%) committed. 

Chunk freelists:
   Non-Class:  3.94 MB
       Class:  3.74 MB
        Both:  7.68 MB

MaxMetaspaceSize: unlimited
CompressedClassSpaceSize: 1.00 GB
Initial GC threshold: 21.00 MB
Current GC threshold: 21.00 MB
CDS: on
MetaspaceReclaimPolicy: balanced
 - commit_granule_bytes: 65536.
 - commit_granule_words: 8192.
 - virtual_space_node_default_size: 8388608.
 - enlarge_chunks_in_place: 1.
 - new_chunks_are_fully_committed: 0.
 - uncommit_free_chunks: 1.
 - use_allocation_guard: 0.


Internal statistics:

num_allocs_failed_limit: 0.
num_arena_births: 6.
num_arena_deaths: 0.
num_vsnodes_births: 2.
num_vsnodes_deaths: 0.
num_space_committed: 7.
num_space_uncommitted: 0.
num_chunks_returned_to_freelist: 0.
num_chunks_taken_from_freelist: 13.
num_chunk_merges: 0.
num_chunk_splits: 5.
num_chunks_enlarged: 3.
num_inconsistent_stats: 0.

CodeHeap 'non-profiled nmethods': size=120036Kb used=52Kb max_used=52Kb free=119983Kb
 bounds [0x000014dda08c7000, 0x000014dda0b37000, 0x000014dda7e00000]
CodeHeap 'profiled nmethods': size=120032Kb used=210Kb max_used=210Kb free=119822Kb
 bounds [0x000014dd98e00000, 0x000014dd99070000, 0x000014dda0338000]
CodeHeap 'non-nmethods': size=5692Kb used=1317Kb max_used=1333Kb free=4374Kb
 bounds [0x000014dda0338000, 0x000014dda05a8000, 0x000014dda08c7000]
 total_blobs=542 nmethods=159 adapters=295
 compilation: enabled
              stopped_count=0, restarted_count=0
 full_count=0

Compilation events (20 events):
Event: 0.166 Thread 0x000014ddb0127080 nmethod 137 0x000014dd98e25890 code [0x000014dd98e25a20, 0x000014dd98e25b50]
Event: 0.166 Thread 0x000014ddb0127080  138       1       java.net.URL::getHost (5 bytes)
Event: 0.166 Thread 0x000014ddb0127080 nmethod 138 0x000014dda08d1e90 code [0x000014dda08d2000, 0x000014dda08d20c8]
Event: 0.167 Thread 0x000014ddb0127080  139       3       java.io.RandomAccessFile::readFully (45 bytes)
Event: 0.168 Thread 0x000014ddb0127080 nmethod 139 0x000014dd98e25c10 code [0x000014dd98e25dc0, 0x000014dd98e26128]
Event: 0.168 Thread 0x000014ddb0127080  140       3       java.lang.AbstractStringBuilder::newCapacity (59 bytes)
Event: 0.168 Thread 0x000014ddb0127080 nmethod 140 0x000014dd98e26310 code [0x000014dd98e264e0, 0x000014dd98e268c0]
Event: 0.168 Thread 0x000014ddb0127080  141       1       java.net.URL::getProtocol (5 bytes)
Event: 0.168 Thread 0x000014ddb0127080 nmethod 141 0x000014dda08d2190 code [0x000014dda08d2300, 0x000014dda08d23c8]
Event: 0.179 Thread 0x000014ddb0127080  142       3       jdk.internal.util.Preconditions::checkFromToIndex (24 bytes)
Event: 0.179 Thread 0x000014ddb0127080 nmethod 142 0x000014dd98e26a90 code [0x000014dd98e26c20, 0x000014dd98e26e00]
Event: 0.181 Thread 0x000014ddb0127080  143       3       java.lang.String::checkBoundsOffCount (10 bytes)
Event: 0.181 Thread 0x000014ddb0127080 nmethod 143 0x000014dd98e26f10 code [0x000014dd98e270a0, 0x000014dd98e272b8]
Event: 0.181 Thread 0x000014ddb0127080  146       3       java.util.jar.Manifest$FastInputStream::peek (38 bytes)
Event: 0.182 Thread 0x000014ddb0127080 nmethod 146 0x000014dd98e27410 code [0x000014dd98e275c0, 0x000014dd98e277e8]
Event: 0.182 Thread 0x000014ddb0127080  147       3       java.util.HashMap::resize (356 bytes)
Event: 0.183 Thread 0x000014ddb0127080 nmethod 147 0x000014dd98e27910 code [0x000014dd98e27bc0, 0x000014dd98e290c0]
Event: 0.183 Thread 0x000014ddb0127080  151       3       java.util.HashMap::get (19 bytes)
Event: 0.184 Thread 0x000014ddb0127080 nmethod 151 0x000014dd98e29590 code [0x000014dd98e29740, 0x000014dd98e29900]
Event: 0.184 Thread 0x000014ddb0127080  150   !   3       java.lang.String::<init> (893 bytes)

GC Heap History (0 events):
No events

Dll operation events (4 events):
Event: 0.004 Loaded shared library /opt/apps/oracle-java/20.0.1/lib/libjava.so
Event: 0.022 Loaded shared library /opt/apps/oracle-java/20.0.1/lib/libjsvml.so
Event: 0.104 Loaded shared library /opt/apps/oracle-java/20.0.1/lib/libnio.so
Event: 0.116 Loaded shared library /opt/apps/oracle-java/20.0.1/lib/libzip.so

Deoptimization events (14 events):
Event: 0.123 Thread 0x000014ddb002c9a0 DEOPT PACKING pc=0x000014dd98e1387c sp=0x000014ddb6081840
Event: 0.124 Thread 0x000014ddb002c9a0 DEOPT UNPACKING pc=0x000014dda03a19af sp=0x000014ddb6080cf0 mode 0
Event: 0.124 Thread 0x000014ddb002c9a0 DEOPT PACKING pc=0x000014dd98e1387c sp=0x000014ddb6081840
Event: 0.124 Thread 0x000014ddb002c9a0 DEOPT UNPACKING pc=0x000014dda03a19af sp=0x000014ddb6080cf0 mode 0
Event: 0.124 Thread 0x000014ddb002c9a0 DEOPT PACKING pc=0x000014dd98e1387c sp=0x000014ddb6081840
Event: 0.124 Thread 0x000014ddb002c9a0 DEOPT UNPACKING pc=0x000014dda03a19af sp=0x000014ddb6080cf0 mode 0
Event: 0.124 Thread 0x000014ddb002c9a0 DEOPT PACKING pc=0x000014dd98e1387c sp=0x000014ddb6081840
Event: 0.124 Thread 0x000014ddb002c9a0 DEOPT UNPACKING pc=0x000014dda03a19af sp=0x000014ddb6080cf0 mode 0
Event: 0.124 Thread 0x000014ddb002c9a0 DEOPT PACKING pc=0x000014dd98e1387c sp=0x000014ddb6081840
Event: 0.124 Thread 0x000014ddb002c9a0 DEOPT UNPACKING pc=0x000014dda03a19af sp=0x000014ddb6080cf0 mode 0
Event: 0.124 Thread 0x000014ddb002c9a0 DEOPT PACKING pc=0x000014dd98e1387c sp=0x000014ddb6081840
Event: 0.124 Thread 0x000014ddb002c9a0 DEOPT UNPACKING pc=0x000014dda03a19af sp=0x000014ddb6080cf0 mode 0
Event: 0.126 Thread 0x000014ddb002c9a0 DEOPT PACKING pc=0x000014dd98e1387c sp=0x000014ddb6081840
Event: 0.126 Thread 0x000014ddb002c9a0 DEOPT UNPACKING pc=0x000014dda03a19af sp=0x000014ddb6080cf0 mode 0

Classes loaded (8 events):
Event: 0.029 Loading class sun/nio/cs/UTF_8$Encoder
Event: 0.030 Loading class sun/nio/cs/UTF_8$Encoder done
Event: 0.096 Loading class java/lang/WeakPairMap$Pair$Weak
Event: 0.096 Loading class java/lang/WeakPairMap$WeakRefPeer
Event: 0.096 Loading class java/lang/WeakPairMap$WeakRefPeer done
Event: 0.096 Loading class java/lang/WeakPairMap$Pair$Weak done
Event: 0.096 Loading class java/lang/WeakPairMap$Pair$Weak$1
Event: 0.096 Loading class java/lang/WeakPairMap$Pair$Weak$1 done

Classes unloaded (0 events):
No events

Classes redefined (0 events):
No events

Internal exceptions (0 events):
No events

VM Operations (2 events):
Event: 0.120 Executing VM operation: HandshakeAllThreads
Event: 0.120 Executing VM operation: HandshakeAllThreads done

Events (20 events):
Event: 0.003 Protecting memory [0x000014ddb5f86000,0x000014ddb5f8a000] with protection modes 0
Event: 0.022 Thread 0x000014ddb002c9a0 Thread added: 0x000014ddb002c9a0
Event: 0.032 Thread 0x000014ddb011e860 Thread added: 0x000014ddb011e860
Event: 0.032 Protecting memory [0x000014ddb4574000,0x000014ddb4578000] with protection modes 0
Event: 0.032 Thread 0x000014ddb011fda0 Thread added: 0x000014ddb011fda0
Event: 0.032 Protecting memory [0x000014ddb4474000,0x000014ddb4478000] with protection modes 0
Event: 0.032 Thread 0x000014ddb0121770 Thread added: 0x000014ddb0121770
Event: 0.032 Protecting memory [0x000014ddb4374000,0x000014ddb4378000] with protection modes 0
Event: 0.033 Thread 0x000014ddb0122c10 Thread added: 0x000014ddb0122c10
Event: 0.033 Protecting memory [0x000014ddb4274000,0x000014ddb4278000] with protection modes 0
Event: 0.033 Thread 0x000014ddb01240a0 Thread added: 0x000014ddb01240a0
Event: 0.033 Protecting memory [0x000014ddb4174000,0x000014ddb4178000] with protection modes 0
Event: 0.033 Thread 0x000014ddb0125ad0 Thread added: 0x000014ddb0125ad0
Event: 0.033 Protecting memory [0x000014ddb4074000,0x000014ddb4078000] with protection modes 0
Event: 0.033 Thread 0x000014ddb0127080 Thread added: 0x000014ddb0127080
Event: 0.037 Protecting memory [0x000014dd8dc00000,0x000014dd8dc04000] with protection modes 0
Event: 0.093 Thread 0x000014ddb016c1c0 Thread added: 0x000014ddb016c1c0
Event: 0.093 Protecting memory [0x000014dd70300000,0x000014dd70304000] with protection modes 0
Event: 0.099 Thread 0x000014ddb016e6b0 Thread added: 0x000014ddb016e6b0
Event: 0.099 Protecting memory [0x000014dd70200000,0x000014dd70204000] with protection modes 0


Dynamic libraries:
a0000000-120000000 rw-p 00000000 00:00 0 
120000000-7fe000000 ---p 00000000 00:00 0 
7fe000000-7fef00000 rw-p 00000000 00:00 0 
7fef00000-7fef79000 rw-p 00d34000 00:32 2690282609                       /opt/apps/oracle-java/20.0.1/lib/server/classes.jsa
7fef79000-7ff000000 rw-p 00000000 00:00 0 
7ff000000-7ff082000 rw-p 00cb2000 00:32 2690282609                       /opt/apps/oracle-java/20.0.1/lib/server/classes.jsa
7ff082000-800000000 rw-p 00000000 00:00 0 
800000000-800481000 rw-p 00001000 00:32 2690282609                       /opt/apps/oracle-java/20.0.1/lib/server/classes.jsa
800481000-800c75000 r--p 00482000 00:32 2690282609                       /opt/apps/oracle-java/20.0.1/lib/server/classes.jsa
800c75000-801000000 ---p 00000000 00:00 0 
801000000-801010000 rw-p 00000000 00:00 0 
801010000-801040000 ---p 00000000 00:00 0 
801040000-801050000 rw-p 00000000 00:00 0 
801050000-841000000 ---p 00000000 00:00 0 
14dd0c000000-14dd0c021000 rw-p 00000000 00:00 0 
14dd0c021000-14dd10000000 ---p 00000000 00:00 0 
14dd14000000-14dd14021000 rw-p 00000000 00:00 0 
14dd14021000-14dd18000000 ---p 00000000 00:00 0 
14dd18000000-14dd18021000 rw-p 00000000 00:00 0 
14dd18021000-14dd1c000000 ---p 00000000 00:00 0 
14dd20000000-14dd200c3000 rw-p 00000000 00:00 0 
14dd200c3000-14dd24000000 ---p 00000000 00:00 0 
14dd24000000-14dd2411e000 rw-p 00000000 00:00 0 
14dd2411e000-14dd28000000 ---p 00000000 00:00 0 
14dd2c000000-14dd2c021000 rw-p 00000000 00:00 0 
14dd2c021000-14dd30000000 ---p 00000000 00:00 0 
14dd30000000-14dd30021000 rw-p 00000000 00:00 0 
14dd30021000-14dd34000000 ---p 00000000 00:00 0 
14dd38000000-14dd38021000 rw-p 00000000 00:00 0 
14dd38021000-14dd3c000000 ---p 00000000 00:00 0 
14dd3c000000-14dd3c021000 rw-p 00000000 00:00 0 
14dd3c021000-14dd40000000 ---p 00000000 00:00 0 
14dd44000000-14dd44021000 rw-p 00000000 00:00 0 
14dd44021000-14dd48000000 ---p 00000000 00:00 0 
14dd48000000-14dd48021000 rw-p 00000000 00:00 0 
14dd48021000-14dd4c000000 ---p 00000000 00:00 0 
14dd50000000-14dd50040000 rw-p 00000000 00:00 0 
14dd50040000-14dd50400000 ---p 00000000 00:00 0 
14dd50400000-14dd50410000 rw-p 00000000 00:00 0 
14dd50410000-14dd54000000 ---p 00000000 00:00 0 
14dd54000000-14dd54021000 rw-p 00000000 00:00 0 
14dd54021000-14dd58000000 ---p 00000000 00:00 0 
14dd58000000-14dd58021000 rw-p 00000000 00:00 0 
14dd58021000-14dd5c000000 ---p 00000000 00:00 0 
14dd60000000-14dd60021000 rw-p 00000000 00:00 0 
14dd60021000-14dd64000000 ---p 00000000 00:00 0 
14dd64000000-14dd64021000 rw-p 00000000 00:00 0 
14dd64021000-14dd68000000 ---p 00000000 00:00 0 
14dd69c14000-14dd6c021000 rw-p 00000000 00:00 0 
14dd6c021000-14dd70000000 ---p 00000000 00:00 0 
14dd700fe000-14dd700ff000 ---p 00000000 00:00 0 
14dd700ff000-14dd70200000 rw-p 00000000 00:00 0 
14dd70200000-14dd70204000 ---p 00000000 00:00 0 
14dd70204000-14dd70300000 rw-p 00000000 00:00 0 
14dd70300000-14dd70304000 ---p 00000000 00:00 0 
14dd70304000-14dd70400000 rw-p 00000000 00:00 0 
14dd70400000-14dd72400000 rw-p 00000000 00:00 0 
14dd72400000-14dd8db80000 ---p 00000000 00:00 0 
14dd8db80000-14dd8dc00000 rw-p 00000000 00:00 0 
14dd8dc00000-14dd8dc04000 ---p 00000000 00:00 0 
14dd8dc04000-14dd8dd00000 rw-p 00000000 00:00 0 
14dd8dd00000-14dd8e100000 rw-p 00000000 00:00 0 
14dd8e100000-14dd917f0000 ---p 00000000 00:00 0 
14dd917f0000-14dd91c00000 rw-p 00000000 00:00 0 
14dd91c00000-14dd952f0000 ---p 00000000 00:00 0 
14dd952f0000-14dd95700000 rw-p 00000000 00:00 0 
14dd95700000-14dd98df0000 ---p 00000000 00:00 0 
14dd98df0000-14dd98e00000 rw-p 00000000 00:00 0 
14dd98e00000-14dd99070000 rwxp 00000000 00:00 0 
14dd99070000-14dda0338000 ---p 00000000 00:00 0 
14dda0338000-14dda05a8000 rwxp 00000000 00:00 0 
14dda05a8000-14dda08c7000 ---p 00000000 00:00 0 
14dda08c7000-14dda0b37000 rwxp 00000000 00:00 0 
14dda0b37000-14dda7e00000 ---p 00000000 00:00 0 
14dda7ede000-14ddb0000000 r--s 00000000 00:32 1075234354                 /opt/apps/oracle-java/20.0.1/lib/modules
14ddb0000000-14ddb0299000 rw-p 00000000 00:00 0 
14ddb0299000-14ddb4000000 ---p 00000000 00:00 0 
14ddb4074000-14ddb4078000 ---p 00000000 00:00 0 
14ddb4078000-14ddb4174000 rw-p 00000000 00:00 0 
14ddb4174000-14ddb4178000 ---p 00000000 00:00 0 
14ddb4178000-14ddb4274000 rw-p 00000000 00:00 0 
14ddb4274000-14ddb4278000 ---p 00000000 00:00 0 
14ddb4278000-14ddb4374000 rw-p 00000000 00:00 0 
14ddb4374000-14ddb4378000 ---p 00000000 00:00 0 
14ddb4378000-14ddb4474000 rw-p 00000000 00:00 0 
14ddb4474000-14ddb4478000 ---p 00000000 00:00 0 
14ddb4478000-14ddb4574000 rw-p 00000000 00:00 0 
14ddb4574000-14ddb4578000 ---p 00000000 00:00 0 
14ddb4578000-14ddb4674000 rw-p 00000000 00:00 0 
14ddb4674000-14ddb46c9000 r--p 00000000 fd:00 1610677145                 /usr/lib/locale/C.utf8/LC_CTYPE
14ddb46c9000-14ddb46ca000 ---p 00000000 00:00 0 
14ddb46ca000-14ddb47cb000 rw-p 00000000 00:00 0 
14ddb47cb000-14ddb4899000 r-xp 00000000 00:32 1075234338                 /opt/apps/oracle-java/20.0.1/lib/libjsvml.so
14ddb4899000-14ddb489a000 r--p 000cd000 00:32 1075234338                 /opt/apps/oracle-java/20.0.1/lib/libjsvml.so
14ddb489a000-14ddb489b000 rw-p 000ce000 00:32 1075234338                 /opt/apps/oracle-java/20.0.1/lib/libjsvml.so
14ddb489b000-14ddb49b8000 rw-p 00000000 00:00 0 
14ddb49b8000-14ddb49b9000 ---p 00000000 00:00 0 
14ddb49b9000-14ddb4aba000 rw-p 00000000 00:00 0 
14ddb4aba000-14ddb4abb000 ---p 00000000 00:00 0 
14ddb4abb000-14ddb4bbc000 rw-p 00000000 00:00 0 
14ddb4bbc000-14ddb4dbe000 rw-p 00000000 00:00 0 
14ddb4dbe000-14ddb4dbf000 ---p 00000000 00:00 0 
14ddb4dbf000-14ddb4ec0000 rw-p 00000000 00:00 0 
14ddb4ec0000-14ddb4ec1000 ---p 00000000 00:00 0 
14ddb4ec1000-14ddb4fc2000 rw-p 00000000 00:00 0 
14ddb4fc2000-14ddb4fc3000 ---p 00000000 00:00 0 
14ddb4fc3000-14ddb50c4000 rw-p 00000000 00:00 0 
14ddb50c4000-14ddb542f000 rw-p 00000000 00:00 0 
14ddb542f000-14ddb5515000 ---p 00000000 00:00 0 
14ddb5515000-14ddb551a000 rw-p 00000000 00:00 0 
14ddb551a000-14ddb5600000 ---p 00000000 00:00 0 
14ddb5600000-14ddb5ed4000 r--s 00000000 fd:00 1611280658                 /var/lib/sss/mc/passwd
14ddb5ed7000-14ddb5ede000 r-xp 00000000 00:32 1075234353                 /opt/apps/oracle-java/20.0.1/lib/libzip.so
14ddb5ede000-14ddb5edf000 ---p 00007000 00:32 1075234353                 /opt/apps/oracle-java/20.0.1/lib/libzip.so
14ddb5edf000-14ddb5ee0000 r--p 00007000 00:32 1075234353                 /opt/apps/oracle-java/20.0.1/lib/libzip.so
14ddb5ee0000-14ddb5ee1000 rw-p 00008000 00:32 1075234353                 /opt/apps/oracle-java/20.0.1/lib/libzip.so
14ddb5ee1000-14ddb5eed000 r-xp 00000000 00:32 1075234344                 /opt/apps/oracle-java/20.0.1/lib/libnet.so
14ddb5eed000-14ddb5eee000 r--p 0000b000 00:32 1075234344                 /opt/apps/oracle-java/20.0.1/lib/libnet.so
14ddb5eee000-14ddb5eef000 rw-p 0000c000 00:32 1075234344                 /opt/apps/oracle-java/20.0.1/lib/libnet.so
14ddb5eef000-14ddb5f02000 r-xp 00000000 00:32 1075234345                 /opt/apps/oracle-java/20.0.1/lib/libnio.so
14ddb5f02000-14ddb5f03000 ---p 00013000 00:32 1075234345                 /opt/apps/oracle-java/20.0.1/lib/libnio.so
14ddb5f03000-14ddb5f04000 r--p 00013000 00:32 1075234345                 /opt/apps/oracle-java/20.0.1/lib/libnio.so
14ddb5f04000-14ddb5f05000 rw-p 00014000 00:32 1075234345                 /opt/apps/oracle-java/20.0.1/lib/libnio.so
14ddb5f05000-14ddb5f06000 r--p 00000000 fd:00 1610677150                 /usr/lib/locale/C.utf8/LC_NUMERIC
14ddb5f06000-14ddb5f07000 r--p 00000000 fd:00 1610677153                 /usr/lib/locale/C.utf8/LC_TIME
14ddb5f07000-14ddb5f08000 r--p 00000000 fd:00 1610677144                 /usr/lib/locale/C.utf8/LC_COLLATE
14ddb5f08000-14ddb5f09000 r--p 00000000 fd:00 1610677148                 /usr/lib/locale/C.utf8/LC_MONETARY
14ddb5f09000-14ddb5f0a000 r--p 00000000 fd:00 28652                      /usr/lib/locale/C.utf8/LC_MESSAGES/SYS_LC_MESSAGES
14ddb5f0a000-14ddb5f11000 r--s 00000000 fd:00 1075287776                 /usr/lib64/gconv/gconv-modules.cache
14ddb5f11000-14ddb5f55000 rw-p 00000000 00:00 0 
14ddb5f55000-14ddb5f5c000 ---p 00000000 00:00 0 
14ddb5f5c000-14ddb5f82000 r-xp 00000000 00:32 1075234330                 /opt/apps/oracle-java/20.0.1/lib/libjava.so
14ddb5f82000-14ddb5f83000 ---p 00026000 00:32 1075234330                 /opt/apps/oracle-java/20.0.1/lib/libjava.so
14ddb5f83000-14ddb5f84000 r--p 00026000 00:32 1075234330                 /opt/apps/oracle-java/20.0.1/lib/libjava.so
14ddb5f84000-14ddb5f85000 rw-p 00027000 00:32 1075234330                 /opt/apps/oracle-java/20.0.1/lib/libjava.so
14ddb5f85000-14ddb5f86000 rw-p 00000000 00:00 0 
14ddb5f86000-14ddb5f8a000 ---p 00000000 00:00 0 
14ddb5f8a000-14ddb6086000 rw-p 00000000 00:00 0 
14ddb6086000-14ddb72a2000 r-xp 00000000 00:32 2690282612                 /opt/apps/oracle-java/20.0.1/lib/server/libjvm.so
14ddb72a2000-14ddb736c000 r--p 0121b000 00:32 2690282612                 /opt/apps/oracle-java/20.0.1/lib/server/libjvm.so
14ddb736c000-14ddb73a1000 rw-p 012e5000 00:32 2690282612                 /opt/apps/oracle-java/20.0.1/lib/server/libjvm.so
14ddb73a1000-14ddb7400000 rw-p 00000000 00:00 0 
14ddb7400000-14ddb7429000 r--p 00000000 fd:00 169478                     /usr/lib64/libc.so.6
14ddb7429000-14ddb759e000 r-xp 00029000 fd:00 169478                     /usr/lib64/libc.so.6
14ddb759e000-14ddb75f6000 r--p 0019e000 fd:00 169478                     /usr/lib64/libc.so.6
14ddb75f6000-14ddb75fa000 r--p 001f6000 fd:00 169478                     /usr/lib64/libc.so.6
14ddb75fa000-14ddb75fc000 rw-p 001fa000 fd:00 169478                     /usr/lib64/libc.so.6
14ddb75fc000-14ddb7609000 rw-p 00000000 00:00 0 
14ddb7609000-14ddb760a000 r--p 00000000 fd:00 1610677151                 /usr/lib/locale/C.utf8/LC_PAPER
14ddb760a000-14ddb760c000 r--p 00000000 fd:00 169914                     /usr/lib64/libnss_sss.so.2
14ddb760c000-14ddb7614000 r-xp 00002000 fd:00 169914                     /usr/lib64/libnss_sss.so.2
14ddb7614000-14ddb7616000 r--p 0000a000 fd:00 169914                     /usr/lib64/libnss_sss.so.2
14ddb7616000-14ddb7617000 r--p 0000b000 fd:00 169914                     /usr/lib64/libnss_sss.so.2
14ddb7617000-14ddb7618000 rw-p 0000c000 fd:00 169914                     /usr/lib64/libnss_sss.so.2
14ddb7618000-14ddb7633000 r-xp 00000000 00:32 1075234334                 /opt/apps/oracle-java/20.0.1/lib/libjimage.so
14ddb7633000-14ddb7634000 ---p 0001b000 00:32 1075234334                 /opt/apps/oracle-java/20.0.1/lib/libjimage.so
14ddb7634000-14ddb7636000 r--p 0001b000 00:32 1075234334                 /opt/apps/oracle-java/20.0.1/lib/libjimage.so
14ddb7636000-14ddb7637000 rw-p 0001d000 00:32 1075234334                 /opt/apps/oracle-java/20.0.1/lib/libjimage.so
14ddb7637000-14ddb7644000 r--p 00000000 fd:00 169835                     /usr/lib64/libm.so.6
14ddb7644000-14ddb76b4000 r-xp 0000d000 fd:00 169835                     /usr/lib64/libm.so.6
14ddb76b4000-14ddb7710000 r--p 0007d000 fd:00 169835                     /usr/lib64/libm.so.6
14ddb7710000-14ddb7711000 r--p 000d8000 fd:00 169835                     /usr/lib64/libm.so.6
14ddb7711000-14ddb7712000 rw-p 000d9000 fd:00 169835                     /usr/lib64/libm.so.6
14ddb7712000-14ddb7713000 r--p 00000000 fd:00 170046                     /usr/lib64/librt.so.1
14ddb7713000-14ddb7714000 r-xp 00001000 fd:00 170046                     /usr/lib64/librt.so.1
14ddb7714000-14ddb7715000 r--p 00002000 fd:00 170046                     /usr/lib64/librt.so.1
14ddb7715000-14ddb7716000 r--p 00002000 fd:00 170046                     /usr/lib64/librt.so.1
14ddb7716000-14ddb7717000 rw-p 00003000 fd:00 170046                     /usr/lib64/librt.so.1
14ddb7717000-14ddb771c000 rw-p 00000000 00:00 0 
14ddb771c000-14ddb771d000 r--p 00000000 fd:00 169553                     /usr/lib64/libdl.so.2
14ddb771d000-14ddb771e000 r-xp 00001000 fd:00 169553                     /usr/lib64/libdl.so.2
14ddb771e000-14ddb771f000 r--p 00002000 fd:00 169553                     /usr/lib64/libdl.so.2
14ddb771f000-14ddb7720000 r--p 00002000 fd:00 169553                     /usr/lib64/libdl.so.2
14ddb7720000-14ddb7721000 rw-p 00003000 fd:00 169553                     /usr/lib64/libdl.so.2
14ddb7721000-14ddb7722000 r--p 00000000 fd:00 170015                     /usr/lib64/libpthread.so.0
14ddb7722000-14ddb7723000 r-xp 00001000 fd:00 170015                     /usr/lib64/libpthread.so.0
14ddb7723000-14ddb7724000 r--p 00002000 fd:00 170015                     /usr/lib64/libpthread.so.0
14ddb7724000-14ddb7725000 r--p 00002000 fd:00 170015                     /usr/lib64/libpthread.so.0
14ddb7725000-14ddb7726000 rw-p 00003000 fd:00 170015                     /usr/lib64/libpthread.so.0
14ddb7726000-14ddb7734000 r-xp 00000000 00:32 1075234335                 /opt/apps/oracle-java/20.0.1/lib/libjli.so
14ddb7734000-14ddb7735000 ---p 0000e000 00:32 1075234335                 /opt/apps/oracle-java/20.0.1/lib/libjli.so
14ddb7735000-14ddb7736000 r--p 0000e000 00:32 1075234335                 /opt/apps/oracle-java/20.0.1/lib/libjli.so
14ddb7736000-14ddb7737000 rw-p 0000f000 00:32 1075234335                 /opt/apps/oracle-java/20.0.1/lib/libjli.so
14ddb7737000-14ddb773a000 r--p 00000000 fd:00 170262                     /usr/lib64/libz.so.1.2.11
14ddb773a000-14ddb7748000 r-xp 00003000 fd:00 170262                     /usr/lib64/libz.so.1.2.11
14ddb7748000-14ddb774e000 r--p 00011000 fd:00 170262                     /usr/lib64/libz.so.1.2.11
14ddb774e000-14ddb774f000 ---p 00017000 fd:00 170262                     /usr/lib64/libz.so.1.2.11
14ddb774f000-14ddb7750000 r--p 00017000 fd:00 170262                     /usr/lib64/libz.so.1.2.11
14ddb7750000-14ddb7751000 rw-p 00000000 00:00 0 
14ddb7751000-14ddb7752000 r--p 00000000 fd:00 1610677149                 /usr/lib/locale/C.utf8/LC_NAME
14ddb7752000-14ddb7753000 r--p 00000000 fd:00 1610677143                 /usr/lib/locale/C.utf8/LC_ADDRESS
14ddb7753000-14ddb7754000 r--p 00000000 fd:00 1610677152                 /usr/lib/locale/C.utf8/LC_TELEPHONE
14ddb7754000-14ddb7755000 r--p 00000000 fd:00 1610677147                 /usr/lib/locale/C.utf8/LC_MEASUREMENT
14ddb7755000-14ddb7756000 r--p 00000000 fd:00 1610677146                 /usr/lib/locale/C.utf8/LC_IDENTIFICATION
14ddb7756000-14ddb775e000 rw-s 00000000 fd:00 4177728                    /tmp/hsperfdata_mmontante/1130378
14ddb775e000-14ddb775f000 ---p 00000000 00:00 0 
14ddb775f000-14ddb7760000 r--p 00000000 00:00 0 
14ddb7760000-14ddb7761000 ---p 00000000 00:00 0 
14ddb7761000-14ddb7763000 rw-p 00000000 00:00 0 
14ddb7763000-14ddb7765000 r--p 00000000 fd:00 144996                     /usr/lib64/ld-linux-x86-64.so.2
14ddb7765000-14ddb778d000 r-xp 00002000 fd:00 144996                     /usr/lib64/ld-linux-x86-64.so.2
14ddb778d000-14ddb7799000 r--p 0002a000 fd:00 144996                     /usr/lib64/ld-linux-x86-64.so.2
14ddb7799000-14ddb779b000 r--p 00036000 fd:00 144996                     /usr/lib64/ld-linux-x86-64.so.2
14ddb779b000-14ddb779d000 rw-p 00038000 fd:00 144996                     /usr/lib64/ld-linux-x86-64.so.2
5605ea95e000-5605ea95f000 r-xp 00000000 00:32 8601814240                 /opt/apps/oracle-java/20.0.1/bin/java
5605ea960000-5605ea961000 r--p 00001000 00:32 8601814240                 /opt/apps/oracle-java/20.0.1/bin/java
5605ea961000-5605ea962000 rw-p 00002000 00:32 8601814240                 /opt/apps/oracle-java/20.0.1/bin/java
5605eaad8000-5605eab1f000 rw-p 00000000 00:00 0                          [heap]
7ffe54152000-7ffe54176000 rw-p 00000000 00:00 0                          [stack]
7ffe541c9000-7ffe541cd000 r--p 00000000 00:00 0                          [vvar]
7ffe541cd000-7ffe541cf000 r-xp 00000000 00:00 0                          [vdso]
ffffffffff600000-ffffffffff601000 --xp 00000000 00:00 0                  [vsyscall]


VM Arguments:
jvm_args: --add-opens=java.base/java.lang=ALL-UNNAMED --add-opens=java.base/java.io=ALL-UNNAMED --add-opens=java.base/java.nio=ALL-UNNAMED --add-opens=java.base/java.net=ALL-UNNAMED --add-opens=java.base/java.util=ALL-UNNAMED --add-opens=java.base/java.util.concurrent.locks=ALL-UNNAMED --add-opens=java.base/java.util.concurrent.atomic=ALL-UNNAMED --add-opens=java.base/java.nio.file.spi=ALL-UNNAMED --add-opens=java.base/sun.nio.ch=ALL-UNNAMED --add-opens=java.base/sun.nio.fs=ALL-UNNAMED --add-opens=java.base/sun.net.www.protocol.http=ALL-UNNAMED --add-opens=java.base/sun.net.www.protocol.https=ALL-UNNAMED --add-opens=java.base/sun.net.www.protocol.ftp=ALL-UNNAMED --add-opens=java.base/sun.net.www.protocol.file=ALL-UNNAMED --add-opens=java.base/jdk.internal.misc=ALL-UNNAMED --add-opens=java.base/jdk.internal.vm=ALL-UNNAMED --add-opens=java.base/java.util.regex=ALL-UNNAMED -Djava.io.tmpdir=/tmp -Djava.library.path=/opt/apps/oracle-java/20.0.1/lib:/opt/apps/nextflow/24.04.1/lib:/mnt/data/sur/modules/pkgs/gurobi/13.0.0/lib:/usr/java/packages/lib:/usr/lib64:/lib64:/lib:/usr/lib -Dfile.encoding=UTF-8 -Dcapsule.app=nextflow_24.04.1 -Djava.awt.headless=true -Dcapsule.jar=/home/mmontante/.nextflow/framework/24.04.1/nextflow-24.04.1-one.jar -Dcom.sun.security.enableAIAcaIssuers=true 
java_command: nextflow.cli.Launcher run main.nf -entry COMETS -profile comets -resume
java_class_path (initial): /home/mmontante/.nextflow/framework/24.04.1/nextflow-24.04.1-one.jar:/home/mmontante/.nextflow/capsule/deps/io/nextflow/nextflow/24.04.1/nextflow-24.04.1.jar:/home/mmontante/.nextflow/capsule/deps/org/apache/ivy/ivy/2.5.2/ivy-2.5.2.jar:/home/mmontante/.nextflow/capsule/deps/io/nextflow/nf-httpfs/24.04.1/nf-httpfs-24.04.1.jar:/home/mmontante/.nextflow/capsule/deps/io/nextflow/nf-commons/24.04.1/nf-commons-24.04.1.jar:/home/mmontante/.nextflow/capsule/deps/org/apache/groovy/groovy-templates/4.0.21/groovy-templates-4.0.21.jar:/home/mmontante/.nextflow/capsule/deps/org/apache/groovy/groovy-xml/4.0.21/groovy-xml-4.0.21.jar:/home/mmontante/.nextflow/capsule/deps/org/apache/groovy/groovy-yaml/4.0.21/groovy-yaml-4.0.21.jar:/home/mmontante/.nextflow/capsule/deps/org/apache/groovy/groovy-json/4.0.21/groovy-json-4.0.21.jar:/home/mmontante/.nextflow/capsule/deps/org/apache/groovy/groovy-nio/4.0.21/groovy-nio-4.0.21.jar:/home/mmontante/.nextflow/capsule/deps/org/apache/groovy/groovy/4.0.21/groovy-4.0.21.jar:/home/mmontante/.nextflow/capsule/deps/org/slf4j/jcl-over-slf4j/2.0.7/jcl-over-slf4j-2.0.7.jar:/home/mmontante/.nextflow/capsule/deps/org/slf4j/jul-to-slf4j/2.0.7/jul-to-slf4j-2.0.7.jar:/home/mmontante/.nextflow/capsule/deps/org/slf4j/log4j-over-slf4j/2.0.7/log4j-over-slf4j-2.0.7.jar:/home/mmontante/.nextflow/capsule/deps/ch/qos/logback/logback-classic/1.4.14/logback-classic-1.4.14.jar:/home/mmontante/.nextflow/capsule/deps/ch/qos/logback/logback-core/1.4.14/logback-core-1.4.14.jar:/home/mmontante/.nextflow/capsule/deps/org/codehaus/gpars/gpars/1.2.1/gpars-1.2.1.jar:/home/mmontante/.nextflow/capsule/deps/ch/artecat/grengine/grengine/3.0.2/grengine-3.0.2.jar:/home/mmontante/.nextflow/capsule/deps/commons-lang/commons-lang/2.6/commons-lang-2.6.jar:/home/mmontante/.nextflow/capsule/deps/org/pf4j/pf4j-update/2.3.0/pf4j-update-2.3.0.jar:/home/mmontante/.nextflow/capsule/deps/commons-codec/commons-codec/1.15/commons-codec-1.15.jar:/home/mmontante/.nextflow/capsule/deps/commons-io/commons-io/2.11.0/commons-io-2.11.0.jar:/home/mmontante/.nextflow/capsule/deps/com/beust/jcommander/1.35/jcommander-1.35.jar:/home/mmontante/.nextflow/capsule/deps/com/esotericsoftware/kryo/kryo/2.24.0/kryo-2.24.0.jar:/home/mmontante/.nextflow/capsule/deps/org/iq80/leveldb/leveldb/0.12/leveldb-0.12.jar:/home/mmontante/.nextflow/capsule/deps/org/eclipse/jgit/org.eclipse.jgit/6.6.1.202309021850-r/org.eclipse.jgit-6.6.1.202309021850-r.jar:/home/mmontante/.nextflow/capsule/deps/javax/mail/mail/1.4.7/mail-1.4.7.jar:/home/mmontante/.nextflow/capsule/deps/javax/activation/activation/1.1.1/activation-1.1.1.jar:/home/mmontante/.nextflow/capsule/deps/com/fasterxml/jackson/core/jackson-databind/2.17.0/jackson-databind-2.17.0.jar:/home/mmontante/.nextflow/capsule/deps/com/fasterxml/jackson/core/jackson-core/2.17.0/jackson-core-2.17.0.jar:/home/mmontante/.nextflow/capsule/deps/com/fasterxml/jackson/core/jackson-annotations/2.17.0/jackson-annotations-2.17.0.jar:/home/mmontante/.nextflow/capsule/deps/com/fasterxml/jackson/dataformat/jackson-dataformat-yaml/2.17.0/jackson-dataformat-yaml-2.17.0.jar:/home/mmontante/.nextflow/capsule/deps/org/yaml/snakeyaml/2.2/snakeyaml-2.2.jar:/home/mmontante/.nextflow/capsule/deps/org/jsoup/jsoup/1.15.4/jsoup-1.15.4.jar:/home/mmontante/.nextflow/capsule/deps/jline/jline/2.9/jline-2.9.jar:/home/mmontante/.nextflow/capsule/deps/org/pf4j/pf4j/3.10.0/pf4j-3.10.0.jar:/home/mmontante/.nextflow/capsule/deps/dev/failsafe/failsafe/3.1.0/failsafe-3.1.0.jar:/home/mmontante/.nextflow/capsule/deps/com/google/guava/guava/33.0.0-jre/guava-33.0.0-jre.jar:/home/mmontante/.nextflow/capsule/deps/com/google/code/gson/gson/2.10.1/gson-2.10.1.jar:/home/mmontante/.nextflow/capsule/deps/org/slf4j/slf4j-api/2.0.7/slf4j-api-2.0.7.jar:/home/mmontante/.nextflow/capsule/deps/org/multiverse/multiverse-core/0.7.0/multiverse-core-0.7.0.jar:/home/mmontante/.nextflow/capsule/deps/org/codehaus/jsr166-mirror/jsr166y/1.7.0/jsr166y-1.7.0.jar:/home/mmontante/.nextflow/capsule/deps/org/objenesis/objenesis/2.1/objenesis-2.1.jar:/home/mmontante/.nextflow/capsule/deps/org/iq80/leveldb/leveldb-api/0.12/leveldb-api-0.12.jar:/home/mmontante/.nextflow/capsule/deps/com/googlecode/javaewah/JavaEWAH/1.2.3/JavaEWAH-1.2.3.jar:/home/mmontante/.nextflow/capsule/deps/com/github/zafarkhaja/java-semver/0.9.0/java-semver-0.9.0.jar:/home/mmontante/.nextflow/capsule/deps/com/google/guava/failureaccess/1.0.2/failureaccess-1.0.2.jar:/home/mmontante/.nextflow/capsule/deps/com/google/guava/listenablefuture/9999.0-empty-to-avoid-conflict-with-guava/listenablefuture-9999.0-empty-to-avoid-conflict-with-guava.jar:/home/mmontante/.nextflow/capsule/deps/com/google/code/findbugs/jsr305/3.0.2/jsr305-3.0.2.jar:/home/mmontante/.nextflow/capsule/deps/org/checkerframework/checker-qual/3.41.0/checker-qual-3.41.0.jar:/home/mmontante/.nextflow/capsule/deps/com/google/errorprone/error_prone_annotations/2.23.0/error_prone_annotations-2.23.0.jar:/home/mmontante/.nextflow/capsule/deps/net/bytebuddy/byte-buddy/1.14.9/byte-buddy-1.14.9.jar
Launcher Type: SUN_STANDARD

[Global flags]
     intx CICompilerCount                          = 2                                         {product} {ergonomic}
     uint ConcGCThreads                            = 1                                         {product} {ergonomic}
     uint G1ConcRefinementThreads                  = 2                                         {product} {ergonomic}
   size_t G1HeapRegionSize                         = 16777216                                  {product} {ergonomic}
    uintx GCDrainStackTargetSize                   = 64                                        {product} {ergonomic}
   size_t InitialHeapSize                          = 2147483648                                {product} {ergonomic}
   size_t MarkStackSize                            = 4194304                                   {product} {ergonomic}
   size_t MaxHeapSize                              = 31675383808                               {product} {ergonomic}
   size_t MaxNewSize                               = 18991808512                               {product} {ergonomic}
   size_t MinHeapDeltaBytes                        = 16777216                                  {product} {ergonomic}
   size_t MinHeapSize                              = 16777216                                  {product} {ergonomic}
    uintx NonNMethodCodeHeapSize                   = 5826188                                {pd product} {ergonomic}
    uintx NonProfiledCodeHeapSize                  = 122916026                              {pd product} {ergonomic}
    uintx ProfiledCodeHeapSize                     = 122916026                              {pd product} {ergonomic}
    uintx ReservedCodeCacheSize                    = 251658240                              {pd product} {ergonomic}
     bool SegmentedCodeCache                       = true                                      {product} {ergonomic}
   size_t SoftMaxHeapSize                          = 31675383808                            {manageable} {ergonomic}
     bool UseCompressedClassPointers               = true                           {product lp64_product} {ergonomic}
     bool UseCompressedOops                        = true                           {product lp64_product} {ergonomic}
     bool UseG1GC                                  = true                                      {product} {ergonomic}

Logging:
Log output configuration:
 #0: stdout all=warning uptime,level,tags foldmultilines=false
 #1: stderr all=off uptime,level,tags foldmultilines=false

Environment Variables:
JAVA_HOME=/opt/apps/oracle-java/20.0.1
PATH=/opt/apps/oracle-java/20.0.1/bin:/opt/apps/nextflow/24.04.1:/mnt/data/sur/modules/pkgs/mamba/main/condabin:/home/mmontante/.local/bin:/home/mmontante/bin:/usr/local/bin:/usr/bin:/usr/local/sbin:/usr/sbin
LD_LIBRARY_PATH=/opt/apps/oracle-java/20.0.1/lib:/opt/apps/nextflow/24.04.1/lib
SHELL=/bin/bash
LANG=C.UTF-8
TERM=xterm-256color
TMPDIR=/tmp

Active Locale:
LC_ALL=C.UTF-8
LC_COLLATE=C.UTF-8
LC_CTYPE=C.UTF-8
LC_MESSAGES=C.UTF-8
LC_MONETARY=C.UTF-8
LC_NUMERIC=C.UTF-8
LC_TIME=C.UTF-8

Signal Handlers:
   SIGSEGV: crash_handler in libjvm.so, mask=11100100010111111101111111111110, flags=SA_RESTART|SA_SIGINFO, unblocked
    SIGBUS: crash_handler in libjvm.so, mask=11100100010111111101111111111110, flags=SA_RESTART|SA_SIGINFO, unblocked
    SIGFPE: crash_handler in libjvm.so, mask=11100100010111111101111111111110, flags=SA_RESTART|SA_SIGINFO, unblocked
   SIGPIPE: javaSignalHandler in libjvm.so, mask=11100100010111111101111111111110, flags=SA_RESTART|SA_SIGINFO, blocked
   SIGXFSZ: javaSignalHandler in libjvm.so, mask=11100100010111111101111111111110, flags=SA_RESTART|SA_SIGINFO, blocked
    SIGILL: crash_handler in libjvm.so, mask=11100100010111111101111111111110, flags=SA_RESTART|SA_SIGINFO, unblocked
   SIGUSR2: SR_handler in libjvm.so, mask=00000000000000000000000000000000, flags=SA_RESTART|SA_SIGINFO, blocked
    SIGHUP: UserHandler in libjvm.so, mask=11100100010111111101111111111110, flags=SA_RESTART|SA_SIGINFO, blocked
    SIGINT: UserHandler in libjvm.so, mask=11100100010111111101111111111110, flags=SA_RESTART|SA_SIGINFO, blocked
   SIGTERM: UserHandler in libjvm.so, mask=11100100010111111101111111111110, flags=SA_RESTART|SA_SIGINFO, blocked
   SIGQUIT: UserHandler in libjvm.so, mask=11100100010111111101111111111110, flags=SA_RESTART|SA_SIGINFO, blocked
   SIGTRAP: crash_handler in libjvm.so, mask=11100100010111111101111111111110, flags=SA_RESTART|SA_SIGINFO, unblocked


---------------  S Y S T E M  ---------------

OS:
Rocky Linux release 9.7 (Blue Onyx)
uname: Linux 5.14.0-611.54.1.el9_7.x86_64 #1 SMP PREEMPT_DYNAMIC Tue May 5 16:52:47 UTC 2026 x86_64
OS uptime: 59 days 2:58 hours
libc: glibc 2.34 NPTL 2.34 
rlimit (soft/hard): STACK infinity/infinity , CORE infinity/infinity , NPROC 61493/1029539 , NOFILE 131072/131072 , AS infinity/infinity , CPU infinity/infinity , DATA infinity/infinity , FSIZE infinity/infinity , MEMLOCK infinity/infinity
load average: 21.35 21.65 22.10

/proc/meminfo:
MemTotal:       263886960 kB
MemFree:        20796112 kB
MemAvailable:   228478968 kB
Buffers:             664 kB
Cached:         205923452 kB
SwapCached:            0 kB
Active:         44139316 kB
Inactive:       191747596 kB
Active(anon):   30259484 kB
Inactive(anon):   255676 kB
Active(file):   13879832 kB
Inactive(file): 191491920 kB
Unevictable:           0 kB
Mlocked:               0 kB
SwapTotal:             0 kB
SwapFree:              0 kB
Zswap:                 0 kB
Zswapped:              0 kB
Dirty:               176 kB
Writeback:             4 kB
AnonPages:      27567368 kB
Mapped:           972500 kB
Shmem:            552360 kB
KReclaimable:    4159148 kB
Slab:            4969360 kB
SReclaimable:    4159148 kB
SUnreclaim:       810212 kB
KernelStack:       28880 kB
PageTables:        88260 kB
SecPageTables:      2056 kB
NFS_Unstable:          0 kB
Bounce:                0 kB
WritebackTmp:          0 kB
CommitLimit:    131943480 kB
Committed_AS:   42747724 kB
VmallocTotal:   34359738367 kB
VmallocUsed:      480632 kB
VmallocChunk:          0 kB
Percpu:            82944 kB
HardwareCorrupted:     0 kB
AnonHugePages:   7151616 kB
ShmemHugePages:        0 kB
ShmemPmdMapped:        0 kB
FileHugePages:         0 kB
FilePmdMapped:         0 kB
CmaTotal:              0 kB
CmaFree:               0 kB
Unaccepted:            0 kB
HugePages_Total:       0
HugePages_Free:        0
HugePages_Rsvd:        0
HugePages_Surp:        0
Hugepagesize:       2048 kB
Hugetlb:               0 kB
DirectMap4k:     1174232 kB
DirectMap2M:    57317376 kB
DirectMap1G:    211812352 kB

/sys/kernel/mm/transparent_hugepage/enabled: [always] madvise never
/sys/kernel/mm/transparent_hugepage/defrag (defrag/compaction efforts parameter): always defer defer+madvise [madvise] never

Process Memory:
Virtual Size: 34317992K (peak: 34379328K)
Resident Set Size: 64340K (peak: 64340K) (anon: 37460K, file: 26880K, shmem: 0K)
Swapped out: 0K
C-Heap outstanding allocations: 15107K, retained: 2228K
glibc malloc tunables: (default)

/proc/sys/kernel/threads-max (system-wide limit on the number of threads): 2059079
/proc/sys/vm/max_map_count (maximum number of memory map areas a process may have): 65530
/proc/sys/kernel/pid_max (system-wide limit on number of process identifiers): 4194304

container (cgroup) information:
container_type: cgroupv2
cpu_cpuset_cpus: not supported
cpu_memory_nodes: not supported
active_processor_count: 2
cpu_quota: no quota
cpu_period: 100000
cpu_shares: no shares
memory_limit_in_bytes: unlimited
memory_and_swap_limit_in_bytes: unlimited
memory_soft_limit_in_bytes: unlimited
memory_usage_in_bytes: 40132 k
memory_max_usage_in_bytes: not supported
memory_swap_current_in_bytes: unlimited
memory_swap_max_limit_in_bytes: unlimited
maximum number of tasks: not supported
current number of tasks: not supported

Steal ticks since vm start: 0
Steal ticks percentage since vm start:  0.000

CPU: total 28 (initial active 2) (14 cores per cpu, 2 threads per core) family 6 model 79 stepping 1 microcode 0xb000040, cx8, cmov, fxsr, ht, mmx, 3dnowpref, sse, sse2, sse3, ssse3, sse4.1, sse4.2, popcnt, lzcnt, tsc, tscinvbit, avx, avx2, aes, erms, clmul, bmi1, bmi2, rtm, adx, fma, vzeroupper, clflush, rdtscp, f16c
CPU Model and flags from /proc/cpuinfo:
model name	: Intel(R) Xeon(R) CPU E5-2690 v4 @ 2.60GHz
flags		: fpu vme de pse tsc msr pae mce cx8 apic sep mtrr pge mca cmov pat pse36 clflush dts acpi mmx fxsr sse sse2 ss ht tm pbe syscall nx pdpe1gb rdtscp lm constant_tsc arch_perfmon pebs bts rep_good nopl xtopology nonstop_tsc cpuid aperfmperf pni pclmulqdq dtes64 monitor ds_cpl vmx smx est tm2 ssse3 sdbg fma cx16 xtpr pdcm pcid dca sse4_1 sse4_2 x2apic movbe popcnt tsc_deadline_timer aes xsave avx f16c rdrand lahf_lm abm 3dnowprefetch cpuid_fault epb cat_l3 cdp_l3 pti ssbd ibrs ibpb stibp tpr_shadow flexpriority ept vpid ept_ad fsgsbase tsc_adjust bmi1 hle avx2 smep bmi2 erms invpcid rtm cqm rdt_a rdseed adx smap intel_pt xsaveopt cqm_llc cqm_occup_llc cqm_mbm_total cqm_mbm_local dtherm ida arat pln pts vnmi md_clear flush_l1d

Online cpus: 0-27
Offline cpus: 
BIOS frequency limitation: <Not Available>
Frequency switch latency (ns): 20000
Available cpu frequencies: <Not Available>
Current governor: performance
Core performance/turbo boost: <Not Available>

Memory: 4k page, physical 263886960k(20796112k free), swap 0k(0k free)
Page Sizes: 4k

vm_info: Java HotSpot(TM) 64-Bit Server VM (20.0.1+9-29) for linux-amd64 JRE (20.0.1+9-29), built on 2023-03-07T13:56:11Z by "mach5one" with gcc 11.2.0

END.
